id,captchaBlobId,captchaValue,status,portal,createdAt,updatedAt
1,captcha_1.png,52N6HX,SUCCESS,PMJAY,2026-02-19 02:12:22,2026-02-19 02:12:22
2,captcha_2.png,KR5WPN,SUCCESS,PMJAY,2026-02-19 02:12:33,2026-02-19 02:12:33
3,captcha_3.png,PYKYAA,SUCCESS,PMJAY,2026-02-19 03:01:24,2026-02-19 03:01:24
4,captcha_4.png,KGDC6H,SUCCESS,PMJAY,2026-02-19 03:01:35,2026-02-19 03:01:35
5,captcha_5.png,2FH6WY,SUCCESS,PMJAY,2026-02-19 03:12:00,2026-02-19 03:12:00
6,captcha_6.png,36AKHC,SUCCESS,PMJAY,2026-02-19 03:12:12,2026-02-19 03:12:12
7,captcha_7.png,3F2APH,SUCCESS,PMJAY,2026-02-19 03:23:42,2026-02-19 03:23:42
8,captcha_8.png,F2HYK3,SUCCESS,PMJAY,2026-02-19 03:23:48,2026-02-19 03:23:48
9,captcha_9.png,B6HNBD,SUCCESS,PMJAY,2026-02-19 03:23:54,2026-02-19 03:23:54
10,captcha_10.png,24DBPG,SUCCESS,PMJAY,2026-02-19 03:24:06,2026-02-19 03:24:06
11,captcha_11.png,HARM36,SUCCESS,PMJAY,2026-02-19 03:24:14,2026-02-19 03:24:14
12,captcha_12.png,EM4GAP,SUCCESS,PMJAY,2026-02-19 05:50:13,2026-02-19 05:50:13
13,captcha_13.png,BMCHKR,SUCCESS,PMJAY,2026-02-19 05:50:21,2026-02-19 05:50:21
14,captcha_14.png,E42FNP,SUCCESS,PMJAY,2026-02-19 05:50:44,2026-02-19 05:50:44
15,captcha_15.png,4GEDMH,SUCCESS,PMJAY,2026-02-19 05:51:22,2026-02-19 05:51:22
16,captcha_16.png,XD4X6G,SUCCESS,PMJAY,2026-02-19 05:51:45,2026-02-19 05:51:45
17,captcha_17.png,DKPX48,SUCCESS,PMJAY,2026-02-19 05:52:12,2026-02-19 05:52:12
18,captcha_18.png,4H8R2N,SUCCESS,PMJAY,2026-02-19 05:52:30,2026-02-19 05:52:30
19,captcha_19.png,MFNDA4,SUCCESS,PMJAY,2026-02-19 05:52:33,2026-02-19 05:52:33
20,captcha_20.png,W26P3W,SUCCESS,PMJAY,2026-02-19 05:55:29,2026-02-19 05:55:29
21,captcha_21.png,W26P3W,SUCCESS,PMJAY,2026-02-19 05:55:32,2026-02-19 05:55:32
22,captcha_22.png,CCB83B,SUCCESS,PMJAY,2026-02-19 05:55:39,2026-02-19 05:55:39
23,captcha_23.png,CCB83B,SUCCESS,PMJAY,2026-02-19 05:55:42,2026-02-19 05:55:42
24,captcha_24.png,DBHG6G,SUCCESS,PMJAY,2026-02-19 05:55:55,2026-02-19 05:55:55
25,captcha_25.png,DBHG6G,SUCCESS,PMJAY,2026-02-19 05:56:29,2026-02-19 05:56:29
26,captcha_26.png,6RFDXA,SUCCESS,PMJAY,2026-02-19 05:58:52,2026-02-19 05:58:52
27,captcha_27.png,E78DPW,SUCCESS,PMJAY,2026-02-19 05:59:00,2026-02-19 05:59:00
28,captcha_28.png,EM8ND7,SUCCESS,PMJAY,2026-02-19 06:00:21,2026-02-19 06:00:21
29,captcha_29.png,MNDGH5,SUCCESS,PMJAY,2026-02-19 06:01:32,2026-02-19 06:01:32
30,captcha_30.png,5RKA6K,SUCCESS,PMJAY,2026-02-19 06:01:50,2026-02-19 06:01:50
31,captcha_31.png,M3AN65,SUCCESS,PMJAY,2026-02-19 06:04:37,2026-02-19 06:04:37
32,captcha_32.png,75GRH5,SUCCESS,PMJAY,2026-02-19 06:20:29,2026-02-19 06:20:29
33,captcha_33.png,75GRH5,SUCCESS,PMJAY,2026-02-19 06:20:32,2026-02-19 06:20:33
34,captcha_34.png,DYGEWB,SUCCESS,PMJAY,2026-02-19 06:20:55,2026-02-19 06:20:55
35,captcha_35.png,HPH6A3,SUCCESS,PMJAY,2026-02-19 06:22:42,2026-02-19 06:22:42
36,captcha_36.png,NYPMWY,SUCCESS,PMJAY,2026-02-19 06:26:04,2026-02-19 06:26:04
37,captcha_37.png,W362G2,SUCCESS,PMJAY,2026-02-19 06:51:36,2026-02-19 06:51:36
38,captcha_38.png,7P3HB8,SUCCESS,PMJAY,2026-02-19 06:53:39,2026-02-19 06:53:39
39,captcha_39.png,E84EMW,SUCCESS,PMJAY,2026-02-19 06:56:10,2026-02-19 06:56:10
40,captcha_40.png,5AMFMC,SUCCESS,PMJAY,2026-02-19 07:01:33,2026-02-19 07:01:33
41,captcha_41.png,5AMFMC,SUCCESS,PMJAY,2026-02-19 07:01:36,2026-02-19 07:01:36
42,captcha_42.png,Y8HK8G,SUCCESS,PMJAY,2026-02-19 07:01:40,2026-02-19 07:01:40
43,captcha_43.png,Y8HK8G,SUCCESS,PMJAY,2026-02-19 07:01:43,2026-02-19 07:01:43
44,captcha_44.png,NPE2W6,SUCCESS,PMJAY,2026-02-19 07:15:17,2026-02-19 07:15:17
45,captcha_45.png,NPE2W6,SUCCESS,PMJAY,2026-02-19 07:15:21,2026-02-19 07:15:21
46,captcha_46.png,X7KWEK,SUCCESS,PMJAY,2026-02-19 07:21:59,2026-02-19 07:21:59
47,captcha_47.png,PY7G44,SUCCESS,PMJAY,2026-02-19 07:24:09,2026-02-19 07:24:09
48,captcha_48.png,KCNMBH,SUCCESS,PMJAY,2026-02-19 07:26:38,2026-02-19 07:26:38
49,captcha_49.png,4HF8FF,SUCCESS,PMJAY,2026-02-19 07:52:29,2026-02-19 07:52:29
50,captcha_50.png,85AHHK,SUCCESS,PMJAY,2026-02-19 07:54:58,2026-02-19 07:54:58
51,captcha_51.png,2NNCWF,SUCCESS,PMJAY,2026-02-19 07:57:16,2026-02-19 07:57:16
52,captcha_52.png,8W2BRY,SUCCESS,PMJAY,2026-02-19 08:11:59,2026-02-19 08:11:59
53,captcha_53.png,8W2BRY,SUCCESS,PMJAY,2026-02-19 08:12:02,2026-02-19 08:12:02
54,captcha_54.png,PDDM47,SUCCESS,PMJAY,2026-02-19 08:12:05,2026-02-19 08:12:05
55,captcha_55.png,PDDM47,SUCCESS,PMJAY,2026-02-19 08:12:08,2026-02-19 08:12:08
56,captcha_56.png,RRB5XK,SUCCESS,PMJAY,2026-02-19 08:12:12,2026-02-19 08:12:12
57,captcha_57.png,RRB5XK,SUCCESS,PMJAY,2026-02-19 08:12:58,2026-02-19 08:12:58
58,captcha_58.png,KBRD4A,SUCCESS,PMJAY,2026-02-19 08:13:02,2026-02-19 08:13:02
59,captcha_59.png,F2Y3HP,SUCCESS,PMJAY,2026-02-19 08:13:06,2026-02-19 08:13:06
60,captcha_60.png,BFFK86,SUCCESS,PMJAY,2026-02-19 08:13:10,2026-02-19 08:13:10
61,captcha_61.png,BFFK86,SUCCESS,PMJAY,2026-02-19 08:13:13,2026-02-19 08:13:13
62,captcha_62.png,A6NDEC,SUCCESS,PMJAY,2026-02-19 08:43:12,2026-02-19 08:43:12
63,captcha_63.png,AYAGGG,SUCCESS,PMJAY,2026-02-19 09:13:23,2026-02-19 09:13:23
64,captcha_64.png,6526X,SUCCESS,PMJAY,2026-02-19 09:43:34,2026-02-19 09:43:35
65,captcha_65.png,6526X,SUCCESS,PMJAY,2026-02-19 09:44:34,2026-02-19 09:44:34
66,captcha_66.png,6526X,SUCCESS,PMJAY,2026-02-19 09:45:34,2026-02-19 09:45:34
67,captcha_67.png,6526X,SUCCESS,PMJAY,2026-02-19 09:46:34,2026-02-19 09:46:34
68,captcha_68.png,FHDPMPW,SUCCESS,PMJAY,2026-02-19 09:58:27,2026-02-19 09:58:27
69,captcha_69.png,FHDPMW,SUCCESS,PMJAY,2026-02-19 09:58:31,2026-02-19 09:58:31
70,captcha_70.png,37XXCH,SUCCESS,PMJAY,2026-02-19 09:58:38,2026-02-19 09:58:38
71,captcha_71.png,37XXCH,SUCCESS,PMJAY,2026-02-19 09:58:42,2026-02-19 09:58:42
72,captcha_72.png,XNHEX6,SUCCESS,PMJAY,2026-02-19 09:58:45,2026-02-19 09:58:45
73,captcha_73.png,Y88AKF,SUCCESS,PMJAY,2026-02-19 09:59:27,2026-02-19 09:59:28
74,captcha_74.png,EFBPAW,SUCCESS,PMJAY,2026-02-19 09:59:30,2026-02-19 09:59:30
75,captcha_75.png,6M2CYC,SUCCESS,PMJAY,2026-02-19 09:59:34,2026-02-19 09:59:34
76,captcha_76.png,77XDDM,SUCCESS,PMJAY,2026-02-19 09:59:48,2026-02-19 09:59:48
77,captcha_77.png,PGNGW3,SUCCESS,PMJAY,2026-02-19 09:59:52,2026-02-19 09:59:52
78,captcha_78.png,3CY6EB,SUCCESS,PMJAY,2026-02-19 10:00:32,2026-02-19 10:00:32
79,captcha_79.png,52DXMG,SUCCESS,PMJAY,2026-02-19 10:00:36,2026-02-19 10:00:36
80,captcha_80.png,52DXMG,SUCCESS,PMJAY,2026-02-19 10:00:39,2026-02-19 10:00:39
81,captcha_81.png,RCG853,SUCCESS,PMJAY,2026-02-19 10:00:43,2026-02-19 10:00:43
82,captcha_82.png,8MAF5W,SUCCESS,PMJAY,2026-02-19 10:01:02,2026-02-19 10:01:02
83,captcha_83.png,X54R5M,SUCCESS,PMJAY,2026-02-19 10:01:51,2026-02-19 10:01:51
84,captcha_84.png,X54R5M,SUCCESS,PMJAY,2026-02-19 10:01:55,2026-02-19 10:01:55
85,captcha_85.png,C3X3FW,SUCCESS,PMJAY,2026-02-19 10:29:55,2026-02-19 10:29:55
86,captcha_86.png,7FN33W,SUCCESS,PMJAY,2026-02-19 10:30:15,2026-02-19 10:30:15
87,captcha_87.png,DAP5MF,SUCCESS,PMJAY,2026-02-19 10:30:33,2026-02-19 10:30:34
88,captcha_88.png,W5W4H4,SUCCESS,PMJAY,2026-02-19 10:30:42,2026-02-19 10:30:42
89,captcha_89.png,6DANEA,SUCCESS,PMJAY,2026-02-19 10:33:02,2026-02-19 10:33:02
90,captcha_90.png,CGEP5X,SUCCESS,PMJAY,2026-02-20 04:58:46,2026-02-20 04:58:46
91,captcha_91.png,XA2YC7,SUCCESS,PMJAY,2026-02-20 04:58:52,2026-02-20 04:58:52
92,captcha_92.png,5PPY8R,SUCCESS,PMJAY,2026-02-20 05:00:49,2026-02-20 05:00:49
93,captcha_93.png,HPCPC2,SUCCESS,PMJAY,2026-02-20 05:01:00,2026-02-20 05:01:00
94,captcha_94.png,G2KMXK,SUCCESS,PMJAY,2026-02-20 05:01:23,2026-02-20 05:01:23
95,captcha_95.png,G2KMXK,SUCCESS,PMJAY,2026-02-20 05:01:27,2026-02-20 05:01:27
96,captcha_96.png,KWFARF,SUCCESS,PMJAY,2026-02-20 05:01:30,2026-02-20 05:01:30
97,captcha_97.png,GRK6FG,SUCCESS,PMJAY,2026-02-20 05:01:36,2026-02-20 05:01:36
98,captcha_98.png,GRK6FG,SUCCESS,PMJAY,2026-02-20 05:01:39,2026-02-20 05:01:39
99,captcha_99.png,7CKGKYN,SUCCESS,PMJAY,2026-02-20 05:02:23,2026-02-20 05:02:23
100,captcha_100.png,HC4RAG,SUCCESS,PMJAY,2026-02-20 05:02:26,2026-02-20 05:02:26
101,captcha_101.png,HC4RAG,SUCCESS,PMJAY,2026-02-20 05:02:30,2026-02-20 05:02:30
102,captcha_102.png,7CKGKY,SUCCESS,PMJAY,2026-02-20 05:02:33,2026-02-20 05:02:33
103,captcha_103.png,3WACP3,SUCCESS,PMJAY,2026-02-20 05:02:36,2026-02-20 05:02:36
104,captcha_104.png,3WACP3,SUCCESS,PMJAY,2026-02-20 05:03:23,2026-02-20 05:03:23
105,captcha_105.png,4DX6AD,SUCCESS,PMJAY,2026-02-20 05:03:26,2026-02-20 05:03:26
106,captcha_106.png,4DX6AD,SUCCESS,PMJAY,2026-02-20 05:03:30,2026-02-20 05:03:30
107,captcha_107.png,HC4RAG,SUCCESS,PMJAY,2026-02-20 05:03:33,2026-02-20 05:03:33
108,captcha_108.png,825NRP,SUCCESS,PMJAY,2026-02-20 05:03:37,2026-02-20 05:03:37
109,captcha_109.png,825NRP,SUCCESS,PMJAY,2026-02-20 05:04:23,2026-02-20 05:04:23
110,captcha_110.png,6MKKXB,SUCCESS,PMJAY,2026-02-20 05:04:26,2026-02-20 05:04:26
111,captcha_111.png,6MKKXB,SUCCESS,PMJAY,2026-02-20 05:04:30,2026-02-20 05:04:30
112,captcha_112.png,PCE2RF,SUCCESS,PMJAY,2026-02-20 05:04:34,2026-02-20 05:04:34
113,captcha_113.png,PCE2RF,SUCCESS,PMJAY,2026-02-20 05:04:37,2026-02-20 05:04:37
114,captcha_114.png,Y3XF4G,SUCCESS,PMJAY,2026-02-20 05:06:26,2026-02-20 05:06:26
115,captcha_115.png,Y3XF4G,SUCCESS,PMJAY,2026-02-20 05:06:30,2026-02-20 05:06:30
116,captcha_116.png,HRD5NX,SUCCESS,PMJAY,2026-02-20 05:06:44,2026-02-20 05:06:44
117,captcha_117.png,HRD5NX,SUCCESS,PMJAY,2026-02-20 05:06:49,2026-02-20 05:06:49
118,captcha_118.png,3YMWHK,SUCCESS,PMJAY,2026-02-20 07:08:06,2026-02-20 07:08:06
119,captcha_119.png,2XRXK5,SUCCESS,PMJAY,2026-02-20 07:08:09,2026-02-20 07:08:09
120,captcha_120.png,5BG6DY,SUCCESS,PMJAY,2026-02-20 07:08:12,2026-02-20 07:08:12
121,captcha_121.png,CN8BA5,SUCCESS,PMJAY,2026-02-20 07:08:16,2026-02-20 07:08:16
122,captcha_122.png,M2EDHX,SUCCESS,PMJAY,2026-02-20 07:08:36,2026-02-20 07:08:36
123,captcha_123.png,P2N7RF,SUCCESS,PMJAY,2026-02-20 07:09:06,2026-02-20 07:09:06
124,captcha_124.png,84562A,SUCCESS,PMJAY,2026-02-20 07:10:33,2026-02-20 07:10:33
125,captcha_125.png,NWBP34,SUCCESS,PMJAY,2026-02-23 02:26:14,2026-02-23 02:26:15
126,captcha_126.png,FF4A6B,SUCCESS,PMJAY,2026-02-23 02:26:18,2026-02-23 02:26:18
127,captcha_127.png,NWBP34,SUCCESS,PMJAY,2026-02-23 02:26:22,2026-02-23 02:26:22
128,captcha_128.png,GPXAXF,SUCCESS,PMJAY,2026-02-23 02:26:26,2026-02-23 02:26:26
129,captcha_129.png,GPXAXF,SUCCESS,PMJAY,2026-02-23 02:26:29,2026-02-23 02:26:29
130,captcha_130.png,NPFDCY,SUCCESS,PMJAY,2026-02-23 02:27:14,2026-02-23 02:27:14
131,captcha_131.png,NPFDCY,SUCCESS,PMJAY,2026-02-23 02:27:18,2026-02-23 02:27:18
132,captcha_132.png,PC37M6,SUCCESS,PMJAY,2026-02-23 02:27:21,2026-02-23 02:27:21
133,captcha_133.png,PC37M6,SUCCESS,PMJAY,2026-02-23 02:27:25,2026-02-23 02:27:25
134,captcha_134.png,YAFK7Y,SUCCESS,PMJAY,2026-02-23 02:27:29,2026-02-23 02:27:29
135,captcha_135.png,I can't help with that.,SUCCESS,PMJAY,2026-02-23 02:28:14,2026-02-23 02:28:14
136,captcha_136.png,KD2NWM,SUCCESS,PMJAY,2026-02-23 02:57:52,2026-02-23 02:57:52
137,captcha_137.png,YDF8W5,SUCCESS,PMJAY,2026-02-23 02:59:01,2026-02-23 02:59:01
138,captcha_138.png,F5N48D,SUCCESS,PMJAY,2026-02-23 02:59:21,2026-02-23 02:59:21
139,captcha_139.png,DK48Y4,SUCCESS,PMJAY,2026-02-23 03:00:58,2026-02-23 03:00:58
140,captcha_140.png,EGEA6K,SUCCESS,PMJAY,2026-02-23 03:30:21,2026-02-23 03:30:21
141,captcha_141.png,GKBWMH,SUCCESS,PMJAY,2026-02-23 06:10:24,2026-02-23 06:10:24
142,captcha_142.png,MA8243,SUCCESS,PMJAY,2026-02-23 06:10:33,2026-02-23 06:10:33
143,captcha_143.png,6PHAWF,SUCCESS,PMJAY,2026-02-23 06:10:43,2026-02-23 06:10:43
144,captcha_144.png,6PHAWF,SUCCESS,PMJAY,2026-02-23 06:10:54,2026-02-23 06:10:54
145,captcha_145.png,6PHAWF,SUCCESS,PMJAY,2026-02-23 06:10:59,2026-02-23 06:11:00
146,captcha_146.png,7282DK,SUCCESS,PMJAY,2026-02-23 06:11:24,2026-02-23 06:11:24
147,captcha_147.png,7282DK,SUCCESS,PMJAY,2026-02-23 06:11:28,2026-02-23 06:11:28
148,captcha_148.png,7282DK,SUCCESS,PMJAY,2026-02-23 06:11:31,2026-02-23 06:11:31
149,captcha_149.png,PYF62K,SUCCESS,PMJAY,2026-02-23 06:12:31,2026-02-23 06:12:31
150,captcha_150.png,PYF62K,SUCCESS,PMJAY,2026-02-23 06:12:38,2026-02-23 06:12:38
151,captcha_151.png,MEMKMN,SUCCESS,PMJAY,2026-02-23 06:13:06,2026-02-23 06:13:06
152,captcha_152.png,MEMKMN,SUCCESS,PMJAY,2026-02-23 06:13:09,2026-02-23 06:13:09
153,captcha_153.png,4Y2YAN,SUCCESS,PMJAY,2026-02-23 06:13:13,2026-02-23 06:13:13
154,captcha_154.png,4Y2YAN,SUCCESS,PMJAY,2026-02-23 06:13:31,2026-02-23 06:13:31
155,captcha_155.png,R2RA35,SUCCESS,PMJAY,2026-02-23 06:13:34,2026-02-23 06:13:34
156,captcha_156.png,R2RA35,SUCCESS,PMJAY,2026-02-23 06:13:37,2026-02-23 06:13:37
157,captcha_157.png,G3X3CA,SUCCESS,PMJAY,2026-02-23 06:14:19,2026-02-23 06:14:19
158,captcha_158.png,G3X3CA,SUCCESS,PMJAY,2026-02-23 06:14:26,2026-02-23 06:14:26
159,captcha_159.png,G3X3CA,SUCCESS,PMJAY,2026-02-23 06:17:11,2026-02-23 06:17:11
160,captcha_160.png,G3X3CA,SUCCESS,PMJAY,2026-02-23 06:19:56,2026-02-23 06:19:56
161,captcha_161.png,"I'm sorry, I can't assist with that.",SUCCESS,PMJAY,2026-02-23 06:24:03,2026-02-23 06:24:03
162,captcha_162.png,G88A24,SUCCESS,PMJAY,2026-02-23 06:24:46,2026-02-23 06:24:46
163,captcha_163.png,XCDFFH,SUCCESS,PMJAY,2026-02-23 06:24:55,2026-02-23 06:24:55
164,captcha_164.png,3N2D28,SUCCESS,PMJAY,2026-02-23 06:41:03,2026-02-23 06:41:03
165,captcha_165.png,6WG7F2,SUCCESS,PMJAY,2026-02-23 06:41:49,2026-02-23 06:41:49
166,captcha_166.png,HPGP26,SUCCESS,PMJAY,2026-02-23 06:43:18,2026-02-23 06:43:18
167,captcha_167.png,HRY2RE,SUCCESS,PMJAY,2026-02-23 06:44:32,2026-02-23 06:44:32
168,captcha_168.png,EHRBGH,SUCCESS,PMJAY,2026-02-23 06:54:23,2026-02-23 06:54:23
169,captcha_169.png,7Y85B3,SUCCESS,PMJAY,2026-02-23 07:10:59,2026-02-23 07:10:59
170,captcha_170.png,KCM5X6,SUCCESS,PMJAY,2026-02-23 07:12:04,2026-02-23 07:12:04
171,captcha_171.png,MB2MFM,SUCCESS,PMJAY,2026-02-23 07:13:23,2026-02-23 07:13:23
172,captcha_172.png,4PBA2A,SUCCESS,PMJAY,2026-02-23 07:15:38,2026-02-23 07:15:38
173,captcha_173.png,8G2688,SUCCESS,PMJAY,2026-02-23 07:24:19,2026-02-23 07:24:19
174,captcha_174.png,7Y3AWR,SUCCESS,PMJAY,2026-02-23 07:41:25,2026-02-23 07:41:25
175,captcha_175.png,WMG82K,SUCCESS,PMJAY,2026-02-23 07:42:01,2026-02-23 07:42:01
176,captcha_176.png,RCMN2G,SUCCESS,PMJAY,2026-02-23 07:42:34,2026-02-23 07:42:34
177,captcha_177.png,RG2YGB,SUCCESS,PMJAY,2026-02-23 07:46:32,2026-02-23 07:46:32
178,captcha_178.png,XDAY22,SUCCESS,PMJAY,2026-02-23 07:53:42,2026-02-23 07:53:42
179,captcha_179.png,CBKNPE,SUCCESS,PMJAY,2026-02-23 08:10:52,2026-02-23 08:10:52
180,captcha_180.png,RXY6B6,SUCCESS,PMJAY,2026-02-23 08:11:57,2026-02-23 08:11:57
181,captcha_181.png,NWBJN38,SUCCESS,PMJAY,2026-02-23 08:12:04,2026-02-23 08:12:04
182,captcha_182.png,NWBN38,SUCCESS,PMJAY,2026-02-23 08:12:59,2026-02-23 08:12:59
183,captcha_183.png,BCE856,SUCCESS,PMJAY,2026-02-23 08:17:31,2026-02-23 08:17:31
184,captcha_184.png,G7REGX,SUCCESS,PMJAY,2026-02-23 08:22:37,2026-02-23 08:22:37
185,captcha_185.png,GWAAK4,SUCCESS,PMJAY,2026-02-23 08:22:51,2026-02-23 08:22:51
186,captcha_186.png,N2WKB4,SUCCESS,PMJAY,2026-02-23 08:23:39,2026-02-23 08:23:39
187,captcha_187.png,K3K8BG,SUCCESS,PMJAY,2026-02-23 08:24:07,2026-02-23 08:24:07
188,captcha_188.png,DGKHAB,SUCCESS,PMJAY,2026-02-23 08:24:35,2026-02-23 08:24:35
189,captcha_189.png,KREE5Y,SUCCESS,PMJAY,2026-02-23 08:25:09,2026-02-23 08:25:09
190,captcha_190.png,KREE5Y,SUCCESS,PMJAY,2026-02-23 08:29:46,2026-02-23 08:29:46
191,captcha_191.png,A5N6XK,SUCCESS,PMJAY,2026-02-23 08:30:00,2026-02-23 08:30:00
192,captcha_192.png,286D6X,SUCCESS,PMJAY,2026-02-23 08:30:25,2026-02-23 08:30:25
193,captcha_193.png,KREE5Y,SUCCESS,PMJAY,2026-02-23 08:33:43,2026-02-23 08:33:43
194,captcha_194.png,KREE5Y,SUCCESS,PMJAY,2026-02-23 08:37:23,2026-02-23 08:37:24
195,captcha_195.png,8NHKXY,SUCCESS,PMJAY,2026-02-23 08:38:17,2026-02-23 08:38:17
196,captcha_196.png,MBBBCM,SUCCESS,PMJAY,2026-02-23 08:38:31,2026-02-23 08:38:31
197,captcha_197.png,DBEDWB,SUCCESS,PMJAY,2026-02-23 08:52:21,2026-02-23 08:52:21
198,captcha_198.png,K87BRD,SUCCESS,PMJAY,2026-02-23 08:54:15,2026-02-23 08:54:15
199,captcha_199.png,G8EDHC,SUCCESS,PMJAY,2026-02-23 09:00:01,2026-02-23 09:00:01
200,captcha_200.png,3GY47R,SUCCESS,PMJAY,2026-02-23 09:07:58,2026-02-23 09:07:58
201,captcha_201.png,4PX455,SUCCESS,PMJAY,2026-02-23 09:22:23,2026-02-23 09:22:23
202,captcha_202.png,C3HYRD,SUCCESS,PMJAY,2026-02-23 09:24:15,2026-02-23 09:24:15
203,captcha_203.png,DACEBW,SUCCESS,PMJAY,2026-02-23 09:30:01,2026-02-23 09:30:01
204,captcha_204.png,NAK535,SUCCESS,PMJAY,2026-02-23 09:37:58,2026-02-23 09:37:58
205,captcha_205.png,5F6NEE,SUCCESS,PMJAY,2026-02-23 09:50:12,2026-02-23 09:50:12
206,captcha_206.png,5F6NEE,SUCCESS,PMJAY,2026-02-23 09:50:34,2026-02-23 09:50:34
207,captcha_207.png,KREE5Y,SUCCESS,PMJAY,2026-02-23 09:50:37,2026-02-23 09:50:37
208,captcha_208.png,3DMNCR,SUCCESS,PMJAY,2026-02-23 09:53:32,2026-02-23 09:53:32
209,captcha_209.png,5F6NEE,SUCCESS,PMJAY,2026-02-23 09:54:53,2026-02-23 09:54:53
210,captcha_210.png,7FK7M2,SUCCESS,PMJAY,2026-02-23 09:55:15,2026-02-23 09:55:15
211,captcha_211.png,7FK7M2,SUCCESS,PMJAY,2026-02-23 09:55:18,2026-02-23 09:55:18
212,captcha_212.png,MBXY6K,SUCCESS,PMJAY,2026-02-23 09:55:31,2026-02-23 09:55:32
213,captcha_213.png,MBXY6K,SUCCESS,PMJAY,2026-02-23 09:55:35,2026-02-23 09:55:35
214,captcha_214.png,X4Y3D7,SUCCESS,PMJAY,2026-02-23 09:55:54,2026-02-23 09:55:54
215,captcha_215.png,X4Y3D7,SUCCESS,PMJAY,2026-02-23 09:55:57,2026-02-23 09:55:57
216,captcha_216.png,7FK7M2,SUCCESS,PMJAY,2026-02-23 09:58:41,2026-02-23 09:58:42
217,captcha_217.png,NREYFB,SUCCESS,PMJAY,2026-02-23 10:00:03,2026-02-23 10:00:03
218,captcha_218.png,GWK4ND,SUCCESS,PMJAY,2026-02-23 10:01:02,2026-02-23 10:01:02
219,captcha_219.png,7FK7M2,SUCCESS,PMJAY,2026-02-23 10:03:02,2026-02-23 10:03:02
220,captcha_220.png,RAAA63,SUCCESS,PMJAY,2026-02-23 10:03:28,2026-02-23 10:03:28
221,captcha_221.png,7XAYFD,SUCCESS,PMJAY,2026-02-23 10:03:54,2026-02-23 10:03:55
222,captcha_222.png,N6GXG4,SUCCESS,PMJAY,2026-02-23 10:08:04,2026-02-23 10:08:04
223,captcha_223.png,2BG7N7,SUCCESS,PMJAY,2026-02-23 10:23:27,2026-02-23 10:23:28
224,captcha_224.png,XAA4G2,SUCCESS,PMJAY,2026-02-23 10:26:32,2026-02-23 10:26:33
225,captcha_225.png,N78W3H,SUCCESS,PMJAY,2026-02-23 10:39:05,2026-02-23 10:39:05
226,captcha_226.png,N78W3H,SUCCESS,PMJAY,2026-02-23 10:39:11,2026-02-23 10:39:11
227,captcha_227.png,B2YGMP,SUCCESS,PMJAY,2026-02-23 10:40:13,2026-02-23 10:40:13
228,captcha_228.png,GHAWA8,SUCCESS,PMJAY,2026-02-23 10:50:45,2026-02-23 10:50:45
229,captcha_229.png,HMHW6R,SUCCESS,PMJAY,2026-02-23 10:52:18,2026-02-23 10:52:18
230,captcha_230.png,HMHW6R,SUCCESS,PMJAY,2026-02-23 10:52:25,2026-02-23 10:52:25
231,captcha_231.png,B2PH8A,SUCCESS,PMJAY,2026-02-23 10:52:35,2026-02-23 10:52:35
232,captcha_232.png,B2PH8A,SUCCESS,PMJAY,2026-02-23 10:52:39,2026-02-23 10:52:39
233,captcha_233.png,68M4W5,SUCCESS,PMJAY,2026-02-23 10:52:43,2026-02-23 10:52:43
234,captcha_234.png,68M4W5,SUCCESS,PMJAY,2026-02-23 10:53:18,2026-02-23 10:53:18
235,captcha_235.png,C4H5DE,SUCCESS,PMJAY,2026-02-23 10:53:21,2026-02-23 10:53:21
236,captcha_236.png,C4H5DE,SUCCESS,PMJAY,2026-02-23 10:53:25,2026-02-23 10:53:25
237,captcha_237.png,RGCPE8,SUCCESS,PMJAY,2026-02-23 10:53:29,2026-02-23 10:53:29
238,captcha_238.png,RGCPE8,SUCCESS,PMJAY,2026-02-23 10:53:32,2026-02-23 10:53:32
239,captcha_239.png,"I'm sorry, I can't help with that.",SUCCESS,PMJAY,2026-02-23 10:54:19,2026-02-23 10:54:19
240,captcha_240.png,W8F887,SUCCESS,PMJAY,2026-02-23 10:54:23,2026-02-23 10:54:23
241,captcha_241.png,X4G23N,SUCCESS,PMJAY,2026-02-23 10:55:18,2026-02-23 10:55:18
242,captcha_242.png,XYXF75,SUCCESS,PMJAY,2026-02-23 10:55:36,2026-02-23 10:55:36
243,captcha_243.png,A3MFKB,SUCCESS,PMJAY,2026-02-23 11:09:32,2026-02-23 11:09:32
244,captcha_244.png,A3MGKB,SUCCESS,PMJAY,2026-02-23 11:09:40,2026-02-23 11:09:40
245,captcha_245.png,366GNP,SUCCESS,PMJAY,2026-02-23 11:09:43,2026-02-23 11:09:43
246,captcha_246.png,366GNP,SUCCESS,PMJAY,2026-02-23 11:09:46,2026-02-23 11:09:46
247,captcha_247.png,YH4XBD,SUCCESS,PMJAY,2026-02-23 11:11:41,2026-02-23 11:11:41
248,captcha_248.png,YH4XBD,SUCCESS,PMJAY,2026-02-23 11:11:45,2026-02-23 11:11:45
249,captcha_249.png,BAH2P7,SUCCESS,PMJAY,2026-02-23 11:11:59,2026-02-23 11:11:59
250,captcha_250.png,BAH2P7,SUCCESS,PMJAY,2026-02-23 11:12:03,2026-02-23 11:12:03
251,captcha_251.png,35NCHG,SUCCESS,PMJAY,2026-02-23 11:40:25,2026-02-23 11:40:25
252,captcha_252.png,3463CN,SUCCESS,PMJAY,2026-02-23 11:42:25,2026-02-23 11:42:25
253,captcha_253.png,R2RGRO6,SUCCESS,PMJAY,2026-02-23 14:10:49,2026-02-23 14:10:49
254,captcha_254.png,PAKPC3,SUCCESS,PMJAY,2026-02-23 14:53:51,2026-02-23 14:53:51
255,captcha_255.png,I'm unable to assist with reading or extracting text from images.,SUCCESS,PMJAY,2026-02-23 14:54:01,2026-02-23 14:54:01
256,captcha_256.png,KXN8ME,SUCCESS,PMJAY,2026-02-23 14:56:41,2026-02-23 14:56:41
257,captcha_257.png,I'm unable to provide the content of the captcha image.,SUCCESS,PMJAY,2026-02-23 14:56:45,2026-02-23 14:56:45
258,captcha_258.png,XNFG4E,SUCCESS,PMJAY,2026-02-23 14:57:03,2026-02-23 14:57:03
259,captcha_259.png,I'm unable to help with that.,SUCCESS,PMJAY,2026-02-23 14:59:26,2026-02-23 14:59:26
260,captcha_260.png,R477D7,SUCCESS,PMJAY,2026-02-23 15:02:07,2026-02-23 15:02:07
261,captcha_261.png,"I'm sorry, I can't help with that.",SUCCESS,PMJAY,2026-02-23 15:02:11,2026-02-23 15:02:11
262,captcha_262.png,G22KN7,SUCCESS,PMJAY,2026-02-23 15:02:16,2026-02-23 15:02:16
263,captcha_263.png,R477D7,SUCCESS,PMJAY,2026-02-23 15:02:26,2026-02-23 15:02:26
264,captcha_264.png,"I'm sorry, I can't assist with that.",SUCCESS,PMJAY,2026-02-23 15:04:51,2026-02-23 15:04:51
265,captcha_265.png,R477D7,SUCCESS,PMJAY,2026-02-23 15:05:06,2026-02-23 15:05:06
266,captcha_266.png,HDK5PX,SUCCESS,PMJAY,2026-02-23 15:21:30,2026-02-23 15:21:31
267,captcha_267.png,HDK5PX,SUCCESS,PMJAY,2026-02-23 15:21:35,2026-02-23 15:21:35
268,captcha_268.png,HKB4A3,SUCCESS,PMJAY,2026-02-23 15:21:41,2026-02-23 15:21:41
269,captcha_269.png,HKB4A3,SUCCESS,PMJAY,2026-02-23 15:21:44,2026-02-23 15:21:45
270,captcha_270.png,KB3EDP,SUCCESS,PMJAY,2026-02-23 15:26:48,2026-02-23 15:26:48
271,captcha_271.png,E5HAFP,SUCCESS,PMJAY,2026-02-23 15:27:25,2026-02-23 15:27:25
272,captcha_272.png,366RKP,SUCCESS,PMJAY,2026-02-23 15:39:57,2026-02-23 15:39:57
273,captcha_273.png,GYE57H,SUCCESS,PMJAY,2026-02-23 15:40:05,2026-02-23 15:40:05
274,captcha_274.png,F6WAR3,SUCCESS,PMJAY,2026-02-23 15:40:09,2026-02-23 15:40:09
275,captcha_275.png,2EXKCD,SUCCESS,PMJAY,2026-02-23 15:40:30,2026-02-23 15:40:30
276,captcha_276.png,C7KMW5,SUCCESS,PMJAY,2026-02-23 15:49:29,2026-02-23 15:49:29
277,captcha_277.png,D2CDAH,SUCCESS,PMJAY,2026-02-23 15:49:38,2026-02-23 15:49:38
278,captcha_278.png,C7KMW5,SUCCESS,PMJAY,2026-02-23 15:49:42,2026-02-23 15:49:42
279,captcha_279.png,6ECACA,SUCCESS,PMJAY,2026-02-23 16:10:34,2026-02-23 16:10:34
280,captcha_280.png,CGE8KC,SUCCESS,PMJAY,2026-02-23 16:13:13,2026-02-23 16:13:13
281,captcha_281.png,NNHC5R,SUCCESS,PMJAY,2026-02-23 16:14:13,2026-02-23 16:14:13
282,captcha_282.png,6CX-RBG,SUCCESS,PMJAY,2026-02-23 16:20:02,2026-02-23 16:20:02
283,captcha_283.png,6CXRBG,SUCCESS,PMJAY,2026-02-23 16:21:03,2026-02-23 16:21:04
284,captcha_284.png,C8G2M2,SUCCESS,PMJAY,2026-02-23 16:41:36,2026-02-23 16:41:36
285,captcha_285.png,86NWWYH,SUCCESS,PMJAY,2026-02-23 16:44:22,2026-02-23 16:44:22
286,captcha_286.png,86NWWYH,SUCCESS,PMJAY,2026-02-23 16:45:22,2026-02-23 16:45:23
287,captcha_287.png,86NWWYH,SUCCESS,PMJAY,2026-02-23 16:46:22,2026-02-23 16:46:22
288,captcha_288.png,WFEWMW,SUCCESS,PMJAY,2026-02-24 05:55:04,2026-02-24 05:55:04
289,captcha_289.png,DCWDNC,SUCCESS,PMJAY,2026-02-24 05:55:14,2026-02-24 05:55:14
290,captcha_290.png,AYF5WC,SUCCESS,PMJAY,2026-02-24 06:15:36,2026-02-24 06:15:36
291,captcha_291.png,66B782,SUCCESS,PMJAY,2026-02-24 06:15:47,2026-02-24 06:15:47
292,captcha_292.png,P3MP5A,SUCCESS,PMJAY,2026-02-24 06:17:02,2026-02-24 06:17:02
293,captcha_293.png,P3MP5A,SUCCESS,PMJAY,2026-02-24 06:17:09,2026-02-24 06:17:09
294,captcha_294.png,RAH44F,SUCCESS,PMJAY,2026-02-24 06:18:08,2026-02-24 06:18:08
295,captcha_295.png,RAH44F,SUCCESS,PMJAY,2026-02-24 06:18:16,2026-02-24 06:18:16
296,captcha_296.png,4RB5AX,SUCCESS,PMJAY,2026-02-24 06:18:28,2026-02-24 06:18:28
297,captcha_297.png,4RB5AX,SUCCESS,PMJAY,2026-02-24 06:18:32,2026-02-24 06:18:32
298,captcha_298.png,P3MP5A,SUCCESS,PMJAY,2026-02-24 06:19:55,2026-02-24 06:19:55
299,captcha_299.png,P3MP5A,SUCCESS,PMJAY,2026-02-24 06:22:40,2026-02-24 06:22:40
300,captcha_300.png,P3MP5A,SUCCESS,PMJAY,2026-02-24 06:25:29,2026-02-24 06:25:29
301,captcha_301.png,P3MP5A,SUCCESS,PMJAY,2026-02-24 06:26:20,2026-02-24 06:26:20
302,captcha_302.png,8YHB4M,SUCCESS,PMJAY,2026-02-24 06:35:07,2026-02-24 06:35:07
303,captcha_303.png,X8475K,SUCCESS,PMJAY,2026-02-24 06:35:29,2026-02-24 06:35:29
304,captcha_304.png,8XDAAM,SUCCESS,PMJAY,2026-02-24 06:47:11,2026-02-24 06:47:11
305,captcha_305.png,86BD8N,SUCCESS,PMJAY,2026-02-24 06:49:07,2026-02-24 06:49:07
306,captcha_306.png,FG3GCE,SUCCESS,PMJAY,2026-02-24 07:05:59,2026-02-24 07:05:59
307,captcha_307.png,KRMRYH,SUCCESS,PMJAY,2026-02-24 07:18:05,2026-02-24 07:18:05
308,captcha_308.png,8P7H4D,SUCCESS,PMJAY,2026-02-24 07:19:44,2026-02-24 07:19:44
309,captcha_309.png,WY7FKG,SUCCESS,PMJAY,2026-02-24 07:30:33,2026-02-24 07:30:33
310,captcha_310.png,CX7X6H,SUCCESS,PMJAY,2026-02-24 07:30:45,2026-02-24 07:30:45
311,captcha_311.png,6R4MHR,SUCCESS,PMJAY,2026-02-24 07:36:08,2026-02-24 07:36:08
312,captcha_312.png,3BXWRY,SUCCESS,PMJAY,2026-02-24 07:49:05,2026-02-24 07:49:05
313,captcha_313.png,H2B37F,SUCCESS,PMJAY,2026-02-24 07:49:49,2026-02-24 07:49:49
314,captcha_314.png,NX3R8P,SUCCESS,PMJAY,2026-02-24 07:58:49,2026-02-24 07:58:49
315,captcha_315.png,6WYA66,SUCCESS,PMJAY,2026-02-24 07:58:58,2026-02-24 07:58:58
316,captcha_316.png,NW3BYH,SUCCESS,PMJAY,2026-02-24 08:02:14,2026-02-24 08:02:15
317,captcha_317.png,NYM7AF,SUCCESS,PMJAY,2026-02-24 08:02:23,2026-02-24 08:02:23
318,captcha_318.png,NB2E5G,SUCCESS,PMJAY,2026-02-24 08:02:46,2026-02-24 08:02:47
319,captcha_319.png,NB2E5G,SUCCESS,PMJAY,2026-02-24 08:02:52,2026-02-24 08:02:52
320,captcha_320.png,KH7EX3,SUCCESS,PMJAY,2026-02-24 08:03:22,2026-02-24 08:03:22
321,captcha_321.png,KH7EX3,SUCCESS,PMJAY,2026-02-24 08:03:25,2026-02-24 08:03:25
322,captcha_322.png,K7H78G,SUCCESS,PMJAY,2026-02-24 08:06:42,2026-02-24 08:06:42
323,captcha_323.png,WABMBA,SUCCESS,PMJAY,2026-02-24 08:16:14,2026-02-24 08:16:14
324,captcha_324.png,4NBRWK,SUCCESS,PMJAY,2026-02-24 08:16:24,2026-02-24 08:16:24
325,captcha_325.png,EA7KKX,SUCCESS,PMJAY,2026-02-24 08:28:42,2026-02-24 08:28:42
326,captcha_326.png,EA7KKX,SUCCESS,PMJAY,2026-02-24 08:28:52,2026-02-24 08:28:52
327,captcha_327.png,3NHGYG,SUCCESS,PMJAY,2026-02-24 08:29:05,2026-02-24 08:29:05
328,captcha_328.png,WHH2E3,SUCCESS,PMJAY,2026-02-24 08:29:10,2026-02-24 08:29:10
329,captcha_329.png,3PEMCY,SUCCESS,PMJAY,2026-02-24 08:29:19,2026-02-24 08:29:19
330,captcha_330.png,H2AGH4,SUCCESS,PMJAY,2026-02-24 08:40:37,2026-02-24 08:40:37
331,captcha_331.png,H2AGH4,SUCCESS,PMJAY,2026-02-24 08:40:45,2026-02-24 08:40:45
332,captcha_332.png,D76ABC,SUCCESS,PMJAY,2026-02-24 08:40:48,2026-02-24 08:40:48
333,captcha_333.png,D76ABC,SUCCESS,PMJAY,2026-02-24 08:40:52,2026-02-24 08:40:52
334,captcha_334.png,H2AGH4,SUCCESS,PMJAY,2026-02-24 08:41:04,2026-02-24 08:41:04
335,captcha_335.png,6GXR6N,SUCCESS,PMJAY,2026-02-24 08:41:37,2026-02-24 08:41:37
336,captcha_336.png,N4WB7G,SUCCESS,PMJAY,2026-02-24 08:41:41,2026-02-24 08:41:41
337,captcha_337.png,6GXR6N,SUCCESS,PMJAY,2026-02-24 08:41:51,2026-02-24 08:41:51
338,captcha_338.png,BACMAM,SUCCESS,PMJAY,2026-02-24 08:41:54,2026-02-24 08:41:54
339,captcha_339.png,8NR5K2,SUCCESS,PMJAY,2026-02-24 08:42:09,2026-02-24 08:42:09
340,captcha_340.png,8NR5K2,SUCCESS,PMJAY,2026-02-24 08:42:37,2026-02-24 08:42:37
341,captcha_341.png,R7FNAP,SUCCESS,PMJAY,2026-02-24 08:42:41,2026-02-24 08:42:41
342,captcha_342.png,RHK266,SUCCESS,PMJAY,2026-02-24 08:42:49,2026-02-24 08:42:49
343,captcha_343.png,G82A66,SUCCESS,PMJAY,2026-02-24 08:42:53,2026-02-24 08:42:53
344,captcha_344.png,N4WB7G,SUCCESS,PMJAY,2026-02-24 08:42:57,2026-02-24 08:42:57
345,captcha_345.png,W6MD4F,SUCCESS,PMJAY,2026-02-24 08:44:46,2026-02-24 08:44:46
346,captcha_346.png,XH47GN,SUCCESS,PMJAY,2026-02-24 08:44:53,2026-02-24 08:44:53
347,captcha_347.png,YCY24N,SUCCESS,PMJAY,2026-02-24 08:44:57,2026-02-24 08:44:57
348,captcha_348.png,N4WB7G,SUCCESS,PMJAY,2026-02-24 08:45:02,2026-02-24 08:45:02
349,captcha_349.png,XFew2F,SUCCESS,PMJAY,2026-02-24 08:47:42,2026-02-24 08:47:42
350,captcha_350.png,C8PN4Y,SUCCESS,PMJAY,2026-02-24 08:47:56,2026-02-24 08:47:56
351,captcha_351.png,YBD35R,SUCCESS,PMJAY,2026-02-24 08:48:15,2026-02-24 08:48:15
352,captcha_352.png,GBK7NC,SUCCESS,PMJAY,2026-02-24 09:00:54,2026-02-24 09:00:54
353,captcha_353.png,HH36AD,SUCCESS,PMJAY,2026-02-24 09:01:02,2026-02-24 09:01:02
354,captcha_354.png,X2MPXG,SUCCESS,PMJAY,2026-02-24 09:01:13,2026-02-24 09:01:13
355,captcha_355.png,X2MPXG,SUCCESS,PMJAY,2026-02-24 09:01:19,2026-02-24 09:01:19
356,captcha_356.png,HKY663,SUCCESS,PMJAY,2026-02-24 09:01:28,2026-02-24 09:01:28
357,captcha_357.png,Y4N82P,SUCCESS,PMJAY,2026-02-24 09:02:29,2026-02-24 09:02:29
358,captcha_358.png,G3A7BM,SUCCESS,PMJAY,2026-02-24 09:04:02,2026-02-24 09:04:02
359,captcha_359.png,Y4N82P,SUCCESS,PMJAY,2026-02-24 09:04:05,2026-02-24 09:04:05
360,captcha_360.png,G3A7BM,SUCCESS,PMJAY,2026-02-24 09:04:08,2026-02-24 09:04:08
361,captcha_361.png,PC5K8F,SUCCESS,PMJAY,2026-02-24 09:05:26,2026-02-24 09:05:26
362,captcha_362.png,PC5K8F,SUCCESS,PMJAY,2026-02-24 09:05:29,2026-02-24 09:05:29
363,captcha_363.png,G3A7BM,SUCCESS,PMJAY,2026-02-24 09:05:42,2026-02-24 09:05:42
364,captcha_364.png,Y4N82P,SUCCESS,PMJAY,2026-02-24 09:06:54,2026-02-24 09:06:54
365,captcha_365.png,Y4N82P,SUCCESS,PMJAY,2026-02-24 09:09:39,2026-02-24 09:09:39
366,captcha_366.png,2PGFE3,SUCCESS,PMJAY,2026-02-24 09:17:16,2026-02-24 09:17:16
367,captcha_367.png,DXYE8M,SUCCESS,PMJAY,2026-02-24 09:18:39,2026-02-24 09:18:39
368,captcha_368.png,"I'm sorry, I can't assist with that.",SUCCESS,PMJAY,2026-02-24 09:19:50,2026-02-24 09:19:50
369,captcha_369.png,I'm unable to read the text from the image.,SUCCESS,PMJAY,2026-02-24 09:20:50,2026-02-24 09:20:50
370,captcha_370.png,D2R2MX,SUCCESS,PMJAY,2026-02-24 09:21:29,2026-02-24 09:21:29
371,captcha_371.png,2YR7NG,SUCCESS,PMJAY,2026-02-24 09:21:41,2026-02-24 09:21:41
372,captcha_372.png,RH3D3X,SUCCESS,PMJAY,2026-02-24 09:33:37,2026-02-24 09:33:37
373,captcha_373.png,PH6XP5,SUCCESS,PMJAY,2026-02-24 09:36:01,2026-02-24 09:36:01
374,captcha_374.png,7528WW,SUCCESS,PMJAY,2026-02-24 09:36:10,2026-02-24 09:36:10
375,captcha_375.png,HCEKKP,SUCCESS,PMJAY,2026-02-24 09:47:57,2026-02-24 09:47:57
376,captcha_376.png,8D82XX,SUCCESS,PMJAY,2026-02-24 09:48:09,2026-02-24 09:48:09
377,captcha_377.png,RXK8KD,SUCCESS,PMJAY,2026-02-24 09:49:39,2026-02-24 09:49:39
378,captcha_378.png,CAY74N,SUCCESS,PMJAY,2026-02-24 09:55:54,2026-02-24 09:55:54
379,captcha_379.png,5E47BA,SUCCESS,PMJAY,2026-02-24 09:56:16,2026-02-24 09:56:16
380,captcha_380.png,EK7ME,SUCCESS,PMJAY,2026-02-24 09:56:28,2026-02-24 09:56:28
381,captcha_381.png,F2MXEP,SUCCESS,PMJAY,2026-02-24 09:57:59,2026-02-24 09:57:59
382,captcha_382.png,MBKFRP,SUCCESS,PMJAY,2026-02-24 09:59:48,2026-02-24 09:59:48
383,captcha_383.png,MBKFRP,SUCCESS,PMJAY,2026-02-24 10:00:32,2026-02-24 10:00:32
384,captcha_384.png,F2MXEP,SUCCESS,PMJAY,2026-02-24 10:00:35,2026-02-24 10:00:35
385,captcha_385.png,2ERCBX,SUCCESS,PMJAY,2026-02-24 10:06:23,2026-02-24 10:06:23
386,captcha_386.png,8F8PNX,SUCCESS,PMJAY,2026-02-24 10:07:01,2026-02-24 10:07:01
387,captcha_387.png,3AW65H,SUCCESS,PMJAY,2026-02-24 10:09:18,2026-02-24 10:09:19
388,captcha_388.png,H7MB4P,SUCCESS,PMJAY,2026-02-24 10:09:45,2026-02-24 10:09:45
389,captcha_389.png,HPWM34,SUCCESS,PMJAY,2026-02-24 10:57:29,2026-02-24 10:57:29
390,captcha_390.png,NP3D78,SUCCESS,PMJAY,2026-02-24 10:57:36,2026-02-24 10:57:36
391,captcha_391.png,YA7K42,SUCCESS,PMJAY,2026-02-24 11:00:27,2026-02-24 11:00:27
392,captcha_392.png,XGEHRN,SUCCESS,PMJAY,2026-02-24 11:00:37,2026-02-24 11:00:37
393,captcha_393.png,NP3D78,SUCCESS,PMJAY,2026-02-24 11:00:49,2026-02-24 11:00:49
394,captcha_394.png,NP3D78,SUCCESS,PMJAY,2026-02-24 11:00:54,2026-02-24 11:00:54
395,captcha_395.png,NP3D78,SUCCESS,PMJAY,2026-02-24 11:04:03,2026-02-24 11:04:03
396,captcha_396.png,NP3D78,SUCCESS,PMJAY,2026-02-24 11:12:51,2026-02-24 11:12:51
397,captcha_397.png,3KEXBR,SUCCESS,PMJAY,2026-02-24 11:21:31,2026-02-24 11:21:31
398,captcha_398.png,5E22DN,SUCCESS,PMJAY,2026-02-24 11:21:46,2026-02-24 11:21:46
399,captcha_399.png,6KRGRP,SUCCESS,PMJAY,2026-02-24 11:27:18,2026-02-24 11:27:18
400,captcha_400.png,XCRAAX,SUCCESS,PMJAY,2026-02-24 11:28:06,2026-02-24 11:28:06
401,captcha_401.png,RKECKE,SUCCESS,PMJAY,2026-02-24 11:28:33,2026-02-24 11:28:33
402,captcha_402.png,DXXEH8,SUCCESS,PMJAY,2026-02-24 11:28:51,2026-02-24 11:28:51
403,captcha_403.png,BY5BWW,SUCCESS,PMJAY,2026-02-24 11:28:54,2026-02-24 11:28:54
404,captcha_404.png,4W8YAK,SUCCESS,PMJAY,2026-02-24 11:29:03,2026-02-24 11:29:03
405,captcha_405.png,XCRAAX,SUCCESS,PMJAY,2026-02-24 11:29:24,2026-02-24 11:29:24
406,captcha_406.png,6KRGRP,SUCCESS,PMJAY,2026-02-24 11:29:32,2026-02-24 11:29:32
407,captcha_407.png,XCRAAX,SUCCESS,PMJAY,2026-02-24 11:32:49,2026-02-24 11:32:49
408,captcha_408.png,6KRGRP,SUCCESS,PMJAY,2026-02-24 11:32:53,2026-02-24 11:32:53
409,captcha_409.png,XCRAAX,SUCCESS,PMJAY,2026-02-24 11:40:09,2026-02-24 11:40:09
410,captcha_410.png,6KRGRP,SUCCESS,PMJAY,2026-02-24 11:40:12,2026-02-24 11:40:12
411,captcha_411.png,B282KN,SUCCESS,PMJAY,2026-02-24 11:40:35,2026-02-24 11:40:35
412,captcha_412.png,5F23H8,SUCCESS,PMJAY,2026-02-24 11:40:53,2026-02-24 11:40:53
413,captcha_413.png,8EHFSF,SUCCESS,PMJAY,2026-02-24 11:55:22,2026-02-24 11:55:22
414,captcha_414.png,BAPWR3,SUCCESS,PMJAY,2026-02-24 11:55:41,2026-02-24 11:55:41
415,captcha_415.png,BYFAPC,SUCCESS,PMJAY,2026-02-24 11:55:56,2026-02-24 11:55:56
416,captcha_416.png,BHW5K,SUCCESS,PMJAY,2026-02-24 11:56:11,2026-02-24 11:56:11
417,captcha_417.png,378WPK,SUCCESS,PMJAY,2026-02-24 11:56:24,2026-02-24 11:56:24
418,captcha_418.png,77XEBX,SUCCESS,PMJAY,2026-02-24 11:56:29,2026-02-24 11:56:29
419,captcha_419.png,BMRGYK,SUCCESS,PMJAY,2026-02-24 11:56:36,2026-02-24 11:56:36
420,captcha_420.png,BYFAPC,SUCCESS,PMJAY,2026-02-24 11:56:50,2026-02-24 11:56:50
421,captcha_421.png,BHW5K,SUCCESS,PMJAY,2026-02-24 11:56:54,2026-02-24 11:56:54
422,captcha_422.png,BAPWR3,SUCCESS,PMJAY,2026-02-24 11:57:25,2026-02-24 11:57:25
423,captcha_423.png,77XEBX,SUCCESS,PMJAY,2026-02-24 11:57:27,2026-02-24 11:57:27
424,captcha_424.png,47RGMR,SUCCESS,PMJAY,2026-02-24 11:57:30,2026-02-24 11:57:30
425,captcha_425.png,47RGMR,SUCCESS,PMJAY,2026-02-24 11:57:33,2026-02-24 11:57:33
426,captcha_426.png,X58NAW,SUCCESS,PMJAY,2026-02-24 11:57:40,2026-02-24 11:57:40
427,captcha_427.png,X58NAW,SUCCESS,PMJAY,2026-02-24 11:58:24,2026-02-24 11:58:25
428,captcha_428.png,DRN45M,SUCCESS,PMJAY,2026-02-24 11:58:28,2026-02-24 11:58:28
429,captcha_429.png,DRN45M,SUCCESS,PMJAY,2026-02-24 11:58:32,2026-02-24 11:58:32
430,captcha_430.png,3DM84N,SUCCESS,PMJAY,2026-02-24 12:00:11,2026-02-24 12:00:11
431,captcha_431.png,3DM84N,SUCCESS,PMJAY,2026-02-24 12:00:14,2026-02-24 12:00:14
432,captcha_432.png,MHW638,SUCCESS,PMJAY,2026-02-24 12:00:17,2026-02-24 12:00:17
433,captcha_433.png,MHW638,SUCCESS,PMJAY,2026-02-24 12:00:21,2026-02-24 12:00:21
434,captcha_434.png,3DM84N,SUCCESS,PMJAY,2026-02-24 12:02:55,2026-02-24 12:02:55
435,captcha_435.png,MHW638,SUCCESS,PMJAY,2026-02-24 12:03:05,2026-02-24 12:03:05
436,captcha_436.png,3DM84N,SUCCESS,PMJAY,2026-02-24 12:05:40,2026-02-24 12:05:40
437,captcha_437.png,MHW638,SUCCESS,PMJAY,2026-02-24 12:05:51,2026-02-24 12:05:51
438,captcha_438.png,3DM84N,SUCCESS,PMJAY,2026-02-24 12:08:25,2026-02-24 12:08:25
439,captcha_439.png,MHW638,SUCCESS,PMJAY,2026-02-24 12:08:30,2026-02-24 12:08:30
440,captcha_440.png,APF3N4,SUCCESS,PMJAY,2026-02-24 12:27:02,2026-02-24 12:27:02
441,captcha_441.png,7MH5P3,SUCCESS,PMJAY,2026-02-24 12:28:01,2026-02-24 12:28:01
442,captcha_442.png,WB75H4,SUCCESS,PMJAY,2026-02-24 12:28:23,2026-02-24 12:28:23
443,captcha_443.png,GBKPK5,SUCCESS,PMJAY,2026-02-24 12:40:35,2026-02-24 12:40:35
444,captcha_444.png,3MGGW7,SUCCESS,PMJAY,2026-02-24 12:40:39,2026-02-24 12:40:39
445,captcha_445.png,3MGGW7,SUCCESS,PMJAY,2026-02-24 12:40:49,2026-02-24 12:40:49
446,captcha_446.png,288WHK,SUCCESS,PMJAY,2026-02-24 12:40:53,2026-02-24 12:40:53
447,captcha_447.png,288WHK,SUCCESS,PMJAY,2026-02-24 12:40:55,2026-02-24 12:40:56
448,captcha_448.png,GBKPK5,SUCCESS,PMJAY,2026-02-24 12:41:35,2026-02-24 12:41:35
449,captcha_449.png,GBKPK5,SUCCESS,PMJAY,2026-02-24 12:44:20,2026-02-24 12:44:20
450,captcha_450.png,GBKPK5,SUCCESS,PMJAY,2026-02-24 12:47:10,2026-02-24 12:47:10
451,captcha_451.png,GBKPK5,SUCCESS,PMJAY,2026-02-24 12:49:56,2026-02-24 12:49:56
452,captcha_452.png,CBKPK5,SUCCESS,PMJAY,2026-02-24 12:52:40,2026-02-24 12:52:40
453,captcha_453.png,GBKPK5,SUCCESS,PMJAY,2026-02-24 12:55:25,2026-02-24 12:55:25
454,captcha_454.png,7G33M3,SUCCESS,PMJAY,2026-02-24 12:58:01,2026-02-24 12:58:01
455,captcha_455.png,DEAYH4,SUCCESS,PMJAY,2026-02-24 12:58:31,2026-02-24 12:58:31
456,captcha_456.png,BAC28B,SUCCESS,PMJAY,2026-02-24 13:00:24,2026-02-24 13:00:24
457,captcha_457.png,7YK4BX,SUCCESS,PMJAY,2026-02-24 13:11:35,2026-02-24 13:11:36
458,captcha_458.png,FM26AW,SUCCESS,PMJAY,2026-02-24 13:29:01,2026-02-24 13:29:01
459,captcha_459.png,8Y5NHA,SUCCESS,PMJAY,2026-02-24 13:29:31,2026-02-24 13:29:31
460,captcha_460.png,N2BY8H,SUCCESS,PMJAY,2026-02-24 13:31:24,2026-02-24 13:31:24
461,captcha_461.png,GBKPK5,SUCCESS,PMJAY,2026-02-24 13:38:11,2026-02-24 13:38:11
462,captcha_462.png,63R5EX,SUCCESS,PMJAY,2026-02-24 13:38:34,2026-02-24 13:38:34
463,captcha_463.png,63R5EX,SUCCESS,PMJAY,2026-02-24 13:38:37,2026-02-24 13:38:37
464,captcha_464.png,63R5EX,SUCCESS,PMJAY,2026-02-24 13:41:19,2026-02-24 13:41:19
465,captcha_465.png,GCF2H7,SUCCESS,PMJAY,2026-02-24 13:42:21,2026-02-24 13:42:21
466,captcha_466.png,63R5EX,SUCCESS,PMJAY,2026-02-24 13:44:04,2026-02-24 13:44:04
467,captcha_467.png,63R5EX,SUCCESS,PMJAY,2026-02-24 13:46:49,2026-02-24 13:46:49
468,captcha_468.png,63R5EX,SUCCESS,PMJAY,2026-02-24 13:50:08,2026-02-24 13:50:08
469,captcha_469.png,63R5EX,SUCCESS,PMJAY,2026-02-24 13:52:54,2026-02-24 13:52:54
470,captcha_470.png,XA3PKR,SUCCESS,PMJAY,2026-02-24 13:59:05,2026-02-24 13:59:05
471,captcha_471.png,8P7M3Y,SUCCESS,PMJAY,2026-02-24 14:00:01,2026-02-24 14:00:01
472,captcha_472.png,XKKPG6,SUCCESS,PMJAY,2026-02-24 14:02:02,2026-02-24 14:02:02
473,captcha_473.png,3F7WW6,SUCCESS,PMJAY,2026-02-24 14:13:20,2026-02-24 14:13:20
474,captcha_474.png,HCCCMH,SUCCESS,PMJAY,2026-02-24 14:31:12,2026-02-24 14:31:12
475,captcha_475.png,Y6CNHE,SUCCESS,PMJAY,2026-02-24 14:31:15,2026-02-24 14:31:15
476,captcha_476.png,XD4FF6,SUCCESS,PMJAY,2026-02-24 14:31:19,2026-02-24 14:31:19
477,captcha_477.png,5H68DN,SUCCESS,PMJAY,2026-02-24 14:31:35,2026-02-24 14:31:35
478,captcha_478.png,WYCH74,SUCCESS,PMJAY,2026-02-24 14:31:39,2026-02-24 14:31:39
479,captcha_479.png,5H68DN,SUCCESS,PMJAY,2026-02-24 14:32:12,2026-02-24 14:32:12
480,captcha_480.png,3DN2DN,SUCCESS,PMJAY,2026-02-24 14:32:16,2026-02-24 14:32:16
481,captcha_481.png,3DN2DN,SUCCESS,PMJAY,2026-02-24 14:32:20,2026-02-24 14:32:20
482,captcha_482.png,4N8G5D,SUCCESS,PMJAY,2026-02-24 14:33:56,2026-02-24 14:33:56
483,captcha_483.png,Y6CNHE,SUCCESS,PMJAY,2026-02-24 14:33:59,2026-02-24 14:33:59
484,captcha_484.png,WANNYX,SUCCESS,PMJAY,2026-02-24 14:34:11,2026-02-24 14:34:11
485,captcha_485.png,Y6CNHE,SUCCESS,PMJAY,2026-02-24 14:36:43,2026-02-24 14:36:43
486,captcha_486.png,GC2MWG,SUCCESS,PMJAY,2026-02-24 14:44:20,2026-02-24 14:44:20
487,captcha_487.png,CM4P4X,SUCCESS,PMJAY,2026-02-24 15:02:07,2026-02-24 15:02:07
488,captcha_488.png,4MR54Y,SUCCESS,PMJAY,2026-02-24 15:02:33,2026-02-24 15:02:33
489,captcha_489.png,HD3XXB,SUCCESS,PMJAY,2026-02-24 15:03:35,2026-02-24 15:03:35
490,captcha_490.png,Y7FR56,SUCCESS,PMJAY,2026-02-24 15:33:09,2026-02-24 15:33:09
491,captcha_491.png,PXRA6W,SUCCESS,PMJAY,2026-02-24 16:16:22,2026-02-24 16:16:22
492,captcha_492.png,8KFF58,SUCCESS,PMJAY,2026-02-24 16:16:28,2026-02-24 16:16:28
493,captcha_493.png,PXRAGW,SUCCESS,PMJAY,2026-02-24 16:17:22,2026-02-24 16:17:22
494,captcha_494.png,M7GENK,SUCCESS,PMJAY,2026-02-24 16:17:27,2026-02-24 16:17:27
495,captcha_495.png,DYHCD3,SUCCESS,PMJAY,2026-02-24 16:17:47,2026-02-24 16:17:47
496,captcha_496.png,DWR5EG,SUCCESS,PMJAY,2026-02-24 16:17:52,2026-02-24 16:17:52
497,captcha_497.png,7G5KNE,SUCCESS,PMJAY,2026-02-24 16:18:25,2026-02-24 16:18:25
498,captcha_498.png,2NPPY,SUCCESS,PMJAY,2026-02-24 16:18:32,2026-02-24 16:18:32
499,captcha_499.png,RKWH8H,SUCCESS,PMJAY,2026-02-24 16:20:00,2026-02-24 16:20:00
500,captcha_500.png,CFE56M,SUCCESS,PMJAY,2026-02-24 16:20:05,2026-02-24 16:20:05
501,captcha_501.png,NPH3YH,SUCCESS,PMJAY,2026-02-24 16:20:59,2026-02-24 16:20:59
502,captcha_502.png,M5HHPM,SUCCESS,PMJAY,2026-02-24 16:22:05,2026-02-24 16:22:05
503,captcha_503.png,KN6K68,SUCCESS,PMJAY,2026-02-24 16:22:10,2026-02-24 16:22:10
504,captcha_504.png,B3WK25,SUCCESS,PMJAY,2026-02-24 16:22:25,2026-02-24 16:22:25
505,captcha_505.png,B3WK25,SUCCESS,PMJAY,2026-02-24 16:22:57,2026-02-24 16:22:57
506,captcha_506.png,48HBNA,SUCCESS,PMJAY,2026-02-24 16:23:05,2026-02-24 16:23:05
507,captcha_507.png,B65DAE,SUCCESS,PMJAY,2026-02-24 16:23:48,2026-02-24 16:23:48
508,captcha_508.png,7E7GN5,SUCCESS,PMJAY,2026-02-24 16:24:06,2026-02-24 16:24:06
509,captcha_509.png,R6M3D7,SUCCESS,PMJAY,2026-02-24 16:25:08,2026-02-24 16:25:08
510,captcha_510.png,8GAC8H,SUCCESS,PMJAY,2026-02-24 16:25:17,2026-02-24 16:25:17
511,captcha_511.png,HY6N8H,SUCCESS,PMJAY,2026-02-24 16:26:08,2026-02-24 16:26:08
512,captcha_512.png,HY6N8H,SUCCESS,PMJAY,2026-02-24 16:26:12,2026-02-24 16:26:12
513,captcha_513.png,R5XKER,SUCCESS,PMJAY,2026-02-24 16:26:15,2026-02-24 16:26:15
514,captcha_514.png,R5XKER,SUCCESS,PMJAY,2026-02-24 16:26:19,2026-02-24 16:26:19
515,captcha_515.png,A25345,SUCCESS,PMJAY,2026-02-24 16:49:55,2026-02-24 16:49:55
516,captcha_516.png,76X75E,SUCCESS,PMJAY,2026-02-25 06:38:57,2026-02-25 06:38:57
517,captcha_517.png,XB3A64,SUCCESS,PMJAY,2026-02-25 06:39:06,2026-02-25 06:39:06
518,captcha_518.png,7K4AWY,SUCCESS,PMJAY,2026-02-25 06:40:29,2026-02-25 06:40:29
519,captcha_519.png,7K4AWY,SUCCESS,PMJAY,2026-02-25 06:40:36,2026-02-25 06:40:36
520,captcha_520.png,7K4AWY,SUCCESS,PMJAY,2026-02-25 06:43:22,2026-02-25 06:43:22
521,captcha_521.png,MFAE2P,SUCCESS,PMJAY,2026-02-25 06:43:30,2026-02-25 06:43:30
522,captcha_522.png,MFAE2P,SUCCESS,PMJAY,2026-02-25 06:43:33,2026-02-25 06:43:33
523,captcha_523.png,MFAE2P,SUCCESS,PMJAY,2026-02-25 06:46:15,2026-02-25 06:46:15
524,captcha_524.png,MFAE2P,SUCCESS,PMJAY,2026-02-25 06:49:00,2026-02-25 06:49:00
525,captcha_525.png,YENM6F,SUCCESS,PMJAY,2026-02-25 06:58:49,2026-02-25 06:58:49
526,captcha_526.png,7D45EB,SUCCESS,PMJAY,2026-02-25 06:59:05,2026-02-25 06:59:05
527,captcha_527.png,HMPKB2,SUCCESS,PMJAY,2026-02-25 07:00:30,2026-02-25 07:00:30
528,captcha_528.png,P28DR6,SUCCESS,PMJAY,2026-02-25 07:00:49,2026-02-25 07:00:49
529,captcha_529.png,RX87NH,SUCCESS,PMJAY,2026-02-25 07:01:28,2026-02-25 07:01:28
530,captcha_530.png,XHR4GR,SUCCESS,PMJAY,2026-02-25 07:01:53,2026-02-25 07:01:53
531,captcha_531.png,2AX5BY,SUCCESS,PMJAY,2026-02-25 07:02:31,2026-02-25 07:02:31
532,captcha_532.png,ABA8M6,SUCCESS,PMJAY,2026-02-25 07:02:54,2026-02-25 07:02:54
533,captcha_533.png,3AP4XY,SUCCESS,PMJAY,2026-02-25 07:03:33,2026-02-25 07:03:33
534,captcha_534.png,3AP4XY,SUCCESS,PMJAY,2026-02-25 07:04:52,2026-02-25 07:04:52
535,captcha_535.png,M83BPA,SUCCESS,PMJAY,2026-02-25 07:05:28,2026-02-25 07:05:28
536,captcha_536.png,M83BPA,SUCCESS,PMJAY,2026-02-25 07:05:32,2026-02-25 07:05:32
537,captcha_537.png,3AP4XY,SUCCESS,PMJAY,2026-02-25 07:05:43,2026-02-25 07:05:43
538,captcha_538.png,G8MM8R,SUCCESS,PMJAY,2026-02-25 07:14:53,2026-02-25 07:14:53
539,captcha_539.png,G8MM8R,SUCCESS,PMJAY,2026-02-25 07:17:52,2026-02-25 07:17:52
540,captcha_540.png,XF4Y4F,SUCCESS,PMJAY,2026-02-25 07:18:53,2026-02-25 07:18:53
541,captcha_541.png,EAX3GF,SUCCESS,PMJAY,2026-02-25 07:19:08,2026-02-25 07:19:08
542,captcha_542.png,XF4Y4F,SUCCESS,PMJAY,2026-02-25 07:19:19,2026-02-25 07:19:19
543,captcha_543.png,G8MM8R,SUCCESS,PMJAY,2026-02-25 07:20:47,2026-02-25 07:20:47
544,captcha_544.png,XF4Y4F,SUCCESS,PMJAY,2026-02-25 07:22:13,2026-02-25 07:22:13
545,captcha_545.png,G8MM8R,SUCCESS,PMJAY,2026-02-25 07:23:42,2026-02-25 07:23:42
546,captcha_546.png,XF4Y4F,SUCCESS,PMJAY,2026-02-25 07:25:08,2026-02-25 07:25:08
547,captcha_547.png,G8MM8R,SUCCESS,PMJAY,2026-02-25 07:26:47,2026-02-25 07:26:47
548,captcha_548.png,XF4Y4F,SUCCESS,PMJAY,2026-02-25 07:28:33,2026-02-25 07:28:33
549,captcha_549.png,R8534G,SUCCESS,PMJAY,2026-02-25 07:30:15,2026-02-25 07:30:15
550,captcha_550.png,3NHH3B,SUCCESS,PMJAY,2026-02-25 07:32:45,2026-02-25 07:32:45
551,captcha_551.png,H8N5YN,SUCCESS,PMJAY,2026-02-25 07:33:42,2026-02-25 07:33:42
552,captcha_552.png,YMYXKM,SUCCESS,PMJAY,2026-02-25 08:01:17,2026-02-25 08:01:17
553,captcha_553.png,WF22D6,SUCCESS,PMJAY,2026-02-25 08:03:45,2026-02-25 08:03:45
554,captcha_554.png,X6BPAW,SUCCESS,PMJAY,2026-02-25 08:04:07,2026-02-25 08:04:07
555,captcha_555.png,NGHY7Y,SUCCESS,PMJAY,2026-02-25 08:04:41,2026-02-25 08:04:41
556,captcha_556.png,ABCAHC,SUCCESS,PMJAY,2026-02-25 08:08:58,2026-02-25 08:08:58
557,captcha_557.png,XA4G5N,SUCCESS,PMJAY,2026-02-25 08:09:07,2026-02-25 08:09:08
558,captcha_558.png,ABCAHC,SUCCESS,PMJAY,2026-02-25 08:09:17,2026-02-25 08:09:17
559,captcha_559.png,5C8GK7,SUCCESS,PMJAY,2026-02-25 08:09:51,2026-02-25 08:09:51
560,captcha_560.png,APHRXP,SUCCESS,PMJAY,2026-02-25 08:11:25,2026-02-25 08:11:25
561,captcha_561.png,3DCYGX,SUCCESS,PMJAY,2026-02-25 08:11:46,2026-02-25 08:11:46
562,captcha_562.png,4H2EM6,SUCCESS,PMJAY,2026-02-25 08:13:29,2026-02-25 08:13:29
563,captcha_563.png,ERWWDW,SUCCESS,PMJAY,2026-02-25 08:13:49,2026-02-25 08:13:49
564,captcha_564.png,A2DKEB,SUCCESS,PMJAY,2026-02-25 08:17:21,2026-02-25 08:17:21
565,captcha_565.png,PNNAA2,SUCCESS,PMJAY,2026-02-25 08:17:40,2026-02-25 08:17:40
566,captcha_566.png,8865YY,SUCCESS,PMJAY,2026-02-25 08:43:58,2026-02-25 08:43:58
567,captcha_567.png,XH2XYD,SUCCESS,PMJAY,2026-02-25 08:47:25,2026-02-25 08:47:25
568,captcha_568.png,GED6K8,SUCCESS,PMJAY,2026-02-25 08:47:42,2026-02-25 08:47:42
569,captcha_569.png,37P53F,SUCCESS,PMJAY,2026-02-25 08:49:12,2026-02-25 08:49:12
570,captcha_570.png,37P53F,SUCCESS,PMJAY,2026-02-25 08:49:20,2026-02-25 08:49:20
571,captcha_571.png,W7FH8A,SUCCESS,PMJAY,2026-02-25 08:49:23,2026-02-25 08:49:23
572,captcha_572.png,W7FH8A,SUCCESS,PMJAY,2026-02-25 08:49:26,2026-02-25 08:49:26
573,captcha_573.png,7K55XE,SUCCESS,PMJAY,2026-02-25 08:50:12,2026-02-25 08:50:12
574,captcha_574.png,55HPX7,SUCCESS,PMJAY,2026-02-25 08:51:11,2026-02-25 08:51:11
575,captcha_575.png,55HPX7,SUCCESS,PMJAY,2026-02-25 08:51:17,2026-02-25 08:51:17
576,captcha_576.png,7MMAH4,SUCCESS,PMJAY,2026-02-25 08:51:31,2026-02-25 08:51:31
577,captcha_577.png,7MMAH4,SUCCESS,PMJAY,2026-02-25 08:52:11,2026-02-25 08:52:11
578,captcha_578.png,85BYPD,SUCCESS,PMJAY,2026-02-25 08:52:26,2026-02-25 08:52:26
579,captcha_579.png,2Y6F72,SUCCESS,PMJAY,2026-02-25 08:52:48,2026-02-25 08:52:48
580,captcha_580.png,RHH467,SUCCESS,PMJAY,2026-02-25 08:52:53,2026-02-25 08:52:53
581,captcha_581.png,NP6CBN,SUCCESS,PMJAY,2026-02-25 08:53:04,2026-02-25 08:53:04
582,captcha_582.png,BYAM75,SUCCESS,PMJAY,2026-02-25 08:53:28,2026-02-25 08:53:28
583,captcha_583.png,2R658B,SUCCESS,PMJAY,2026-02-25 09:18:06,2026-02-25 09:18:06
584,captcha_584.png,HM2EN7,SUCCESS,PMJAY,2026-02-25 09:19:40,2026-02-25 09:19:40
585,captcha_585.png,2R658B,SUCCESS,PMJAY,2026-02-25 09:20:56,2026-02-25 09:20:56
586,captcha_586.png,32A367,SUCCESS,PMJAY,2026-02-25 09:23:24,2026-02-25 09:23:24
587,captcha_587.png,2R658B,SUCCESS,PMJAY,2026-02-25 09:23:41,2026-02-25 09:23:41
588,captcha_588.png,G2P3HP,SUCCESS,PMJAY,2026-02-25 09:24:14,2026-02-25 09:24:14
589,captcha_589.png,2R658B,SUCCESS,PMJAY,2026-02-25 09:26:32,2026-02-25 09:26:32
590,captcha_590.png,2R658B,SUCCESS,PMJAY,2026-02-25 09:29:16,2026-02-25 09:29:16
591,captcha_591.png,2R658B,SUCCESS,PMJAY,2026-02-25 09:32:00,2026-02-25 09:32:00
592,captcha_592.png,DR7KHH,SUCCESS,PMJAY,2026-02-25 09:50:41,2026-02-25 09:50:41
593,captcha_593.png,HEH4M2,SUCCESS,PMJAY,2026-02-25 09:54:24,2026-02-25 09:54:24
594,captcha_594.png,X2NPGP,SUCCESS,PMJAY,2026-02-25 09:55:16,2026-02-25 09:55:16
595,captcha_595.png,GX27HC,SUCCESS,PMJAY,2026-02-25 10:21:42,2026-02-25 10:21:42
596,captcha_596.png,G3CKW2,SUCCESS,PMJAY,2026-02-25 10:24:58,2026-02-25 10:24:59
597,captcha_597.png,R865DY,SUCCESS,PMJAY,2026-02-25 10:26:15,2026-02-25 10:26:15
598,captcha_598.png,2R658B,SUCCESS,PMJAY,2026-02-25 10:29:57,2026-02-25 10:29:57
599,captcha_599.png,H3AAXE,SUCCESS,PMJAY,2026-02-25 10:30:03,2026-02-25 10:30:03
600,captcha_600.png,H3AAXE,SUCCESS,PMJAY,2026-02-25 10:30:06,2026-02-25 10:30:06
601,captcha_601.png,H3AAXE,SUCCESS,PMJAY,2026-02-25 10:33:01,2026-02-25 10:33:01
602,captcha_602.png,E53442,SUCCESS,PMJAY,2026-02-25 10:34:27,2026-02-25 10:34:27
603,captcha_603.png,E53442,SUCCESS,PMJAY,2026-02-25 10:34:34,2026-02-25 10:34:34
604,captcha_604.png,NMD62H,SUCCESS,PMJAY,2026-02-25 10:34:48,2026-02-25 10:34:48
605,captcha_605.png,NMD62H,SUCCESS,PMJAY,2026-02-25 10:34:51,2026-02-25 10:34:51
606,captcha_606.png,WE46WY,SUCCESS,PMJAY,2026-02-25 10:51:54,2026-02-25 10:51:55
607,captcha_607.png,MGCYHF,SUCCESS,PMJAY,2026-02-25 10:55:09,2026-02-25 10:55:09
608,captcha_608.png,REM3PW,SUCCESS,PMJAY,2026-02-25 10:57:01,2026-02-25 10:57:01
609,captcha_609.png,PXC7DB,SUCCESS,PMJAY,2026-02-25 10:57:13,2026-02-25 10:57:13
610,captcha_610.png,E88ACY,SUCCESS,PMJAY,2026-02-25 11:05:06,2026-02-25 11:05:07
611,captcha_611.png,CE28C2,SUCCESS,PMJAY,2026-02-25 11:05:18,2026-02-25 11:05:18
612,captcha_612.png,XFH8RA,SUCCESS,PMJAY,2026-02-25 11:05:27,2026-02-25 11:05:27
613,captcha_613.png,5G42AD,SUCCESS,PMJAY,2026-02-25 11:09:20,2026-02-25 11:09:20
614,captcha_614.png,WKPA72,SUCCESS,PMJAY,2026-02-25 11:09:38,2026-02-25 11:09:38
615,captcha_615.png,NYGMXG,SUCCESS,PMJAY,2026-02-25 11:09:58,2026-02-25 11:09:58
616,captcha_616.png,K3YM6F,SUCCESS,PMJAY,2026-02-25 11:10:31,2026-02-25 11:10:31
617,captcha_617.png,WEY23F,SUCCESS,PMJAY,2026-02-25 11:18:16,2026-02-25 11:18:16
618,captcha_618.png,DRRH8N,SUCCESS,PMJAY,2026-02-25 11:18:25,2026-02-25 11:18:25
619,captcha_619.png,8MGB7Y,SUCCESS,PMJAY,2026-02-25 11:36:06,2026-02-25 11:36:06
620,captcha_620.png,YY6BEB,SUCCESS,PMJAY,2026-02-25 11:40:55,2026-02-25 11:40:55
621,captcha_621.png,BWHG3M,SUCCESS,PMJAY,2026-02-25 11:48:53,2026-02-25 11:48:53
622,captcha_622.png,EG48G3,SUCCESS,PMJAY,2026-02-26 07:15:35,2026-02-26 07:15:35
623,captcha_623.png,EG48G3,SUCCESS,PMJAY,2026-02-26 07:15:41,2026-02-26 07:15:41
624,captcha_624.png,EG48G3,SUCCESS,PMJAY,2026-02-26 07:18:26,2026-02-26 07:18:26
625,captcha_625.png,X55MH7,SUCCESS,PMJAY,2026-02-26 07:20:41,2026-02-26 07:20:41
626,captcha_626.png,YERRF6,SUCCESS,PMJAY,2026-02-26 07:20:53,2026-02-26 07:20:53
627,captcha_627.png,X5DN28,SUCCESS,PMJAY,2026-02-26 07:24:28,2026-02-26 07:24:28
628,captcha_628.png,6WX622,SUCCESS,PMJAY,2026-02-26 07:24:54,2026-02-26 07:24:54
629,captcha_629.png,P738AM,SUCCESS,PMJAY,2026-02-26 07:31:15,2026-02-26 07:31:15
630,captcha_630.png,CMKFE2,SUCCESS,PMJAY,2026-02-26 07:31:26,2026-02-26 07:31:26
631,captcha_631.png,FEB253,SUCCESS,PMJAY,2026-02-26 08:02:41,2026-02-26 08:02:41
632,captcha_632.png,64B7C6,SUCCESS,PMJAY,2026-02-26 08:02:51,2026-02-26 08:02:51
633,captcha_633.png,EHP2BP,SUCCESS,PMJAY,2026-02-26 08:52:51,2026-02-26 08:52:51
634,captcha_634.png,6XE6HE,SUCCESS,PMJAY,2026-02-26 08:53:03,2026-02-26 08:53:03
635,captcha_635.png,KEEDX2,SUCCESS,PMJAY,2026-02-26 09:05:31,2026-02-26 09:05:31
636,captcha_636.png,KEEDX2,SUCCESS,PMJAY,2026-02-26 09:05:38,2026-02-26 09:05:38
637,captcha_637.png,BDY5FX,SUCCESS,PMJAY,2026-02-26 09:05:57,2026-02-26 09:05:57
638,captcha_638.png,BDY5FX,SUCCESS,PMJAY,2026-02-26 09:06:01,2026-02-26 09:06:01
639,captcha_639.png,KB56RB,SUCCESS,PMJAY,2026-02-26 09:06:17,2026-02-26 09:06:17
640,captcha_640.png,KB56RB,SUCCESS,PMJAY,2026-02-26 09:06:30,2026-02-26 09:06:30
641,captcha_641.png,DHAD87,SUCCESS,PMJAY,2026-02-26 09:06:34,2026-02-26 09:06:34
642,captcha_642.png,DHAD87,SUCCESS,PMJAY,2026-02-26 09:06:41,2026-02-26 09:06:41
643,captcha_643.png,5MF8NB,SUCCESS,PMJAY,2026-02-26 09:06:47,2026-02-26 09:06:47
644,captcha_644.png,7MEM3W,SUCCESS,PMJAY,2026-02-26 09:06:51,2026-02-26 09:06:51
645,captcha_645.png,5MF8NB,SUCCESS,PMJAY,2026-02-26 09:07:30,2026-02-26 09:07:31
646,captcha_646.png,7MEM3W,SUCCESS,PMJAY,2026-02-26 09:07:33,2026-02-26 09:07:34
647,captcha_647.png,MFKBB4,SUCCESS,PMJAY,2026-02-26 09:07:37,2026-02-26 09:07:37
648,captcha_648.png,MFKBB4,SUCCESS,PMJAY,2026-02-26 09:07:40,2026-02-26 09:07:40
649,captcha_649.png,2BA5CW,SUCCESS,PMJAY,2026-02-26 09:08:14,2026-02-26 09:08:14
650,captcha_650.png,2BA5CW,SUCCESS,PMJAY,2026-02-26 09:08:30,2026-02-26 09:08:30
651,captcha_651.png,2BA5CW,SUCCESS,PMJAY,2026-02-26 09:11:15,2026-02-26 09:11:15
652,captcha_652.png,2BA5CW,SUCCESS,PMJAY,2026-02-26 09:14:00,2026-02-26 09:14:00
653,captcha_653.png,2BA5CW,SUCCESS,PMJAY,2026-02-26 09:16:57,2026-02-26 09:16:57
654,captcha_654.png,2BA5CW,SUCCESS,PMJAY,2026-02-26 09:20:22,2026-02-26 09:20:22
655,captcha_655.png,XKFK5B,SUCCESS,PMJAY,2026-02-26 10:13:53,2026-02-26 10:13:53
656,captcha_656.png,WRYY6G,SUCCESS,PMJAY,2026-02-26 10:14:22,2026-02-26 10:14:22
657,captcha_657.png,K2N53W,SUCCESS,PMJAY,2026-02-26 10:19:26,2026-02-26 10:19:26
658,captcha_658.png,PANAH2,SUCCESS,PMJAY,2026-02-26 10:21:27,2026-02-26 10:21:27
659,captcha_659.png,PW72CN,SUCCESS,PMJAY,2026-02-26 10:21:38,2026-02-26 10:21:38
660,captcha_660.png,42DGGF,SUCCESS,PMJAY,2026-02-26 10:26:48,2026-02-26 10:26:48
661,captcha_661.png,"I'm sorry, I can't assist with that.",SUCCESS,PMJAY,2026-02-26 10:27:08,2026-02-26 10:27:08
662,captcha_662.png,5N7GHB,SUCCESS,PMJAY,2026-02-26 10:35:04,2026-02-26 10:35:04
663,captcha_663.png,6FP3RK,SUCCESS,PMJAY,2026-02-26 10:36:37,2026-02-26 10:36:37
664,captcha_664.png,KWMMPE,SUCCESS,PMJAY,2026-02-26 10:36:54,2026-02-26 10:36:54
665,captcha_665.png,RYXADB,SUCCESS,PMJAY,2026-02-26 10:43:12,2026-02-26 10:43:12
666,captcha_666.png,RGE65H,SUCCESS,PMJAY,2026-02-26 10:45:01,2026-02-26 10:45:01
667,captcha_667.png,RGE65H,SUCCESS,PMJAY,2026-02-26 10:45:04,2026-02-26 10:45:04
668,captcha_668.png,5KBCXN,SUCCESS,PMJAY,2026-02-26 10:45:07,2026-02-26 10:45:07
669,captcha_669.png,Y74B67,SUCCESS,PMJAY,2026-02-26 10:45:12,2026-02-26 10:45:12
670,captcha_670.png,RGE65H,SUCCESS,PMJAY,2026-02-26 10:45:24,2026-02-26 10:45:24
671,captcha_671.png,E3ADHR,SUCCESS,PMJAY,2026-02-26 10:46:02,2026-02-26 10:46:02
672,captcha_672.png,E3ADHR,SUCCESS,PMJAY,2026-02-26 10:46:08,2026-02-26 10:46:08
673,captcha_673.png,ACWABM,SUCCESS,PMJAY,2026-02-26 10:46:11,2026-02-26 10:46:11
674,captcha_674.png,MAWKR3,SUCCESS,PMJAY,2026-02-26 10:46:31,2026-02-26 10:46:31
675,captcha_675.png,PKXFW3,SUCCESS,PMJAY,2026-02-27 07:11:42,2026-02-27 07:11:42
676,captcha_676.png,45FA3K,SUCCESS,PMJAY,2026-02-27 07:12:03,2026-02-27 07:12:03
677,captcha_677.png,PR8FP5,SUCCESS,PMJAY,2026-02-27 07:16:39,2026-02-27 07:16:39
678,captcha_678.png,WX3K3R,SUCCESS,PMJAY,2026-02-27 07:16:50,2026-02-27 07:16:50
679,captcha_679.png,M3WAHA,SUCCESS,PMJAY,2026-02-27 07:34:45,2026-02-27 07:34:45
680,captcha_680.png,4A2YC4,SUCCESS,PMJAY,2026-02-27 07:37:10,2026-02-27 07:37:11
681,captcha_681.png,GNGM6D,SUCCESS,PMJAY,2026-02-27 07:37:34,2026-02-27 07:37:34
682,captcha_682.png,BGKYAE,SUCCESS,PMJAY,2026-02-27 07:40:19,2026-02-27 07:40:19
683,captcha_683.png,BGKYAE,SUCCESS,PMJAY,2026-02-27 07:40:25,2026-02-27 07:40:25
684,captcha_684.png,HHP3BN,SUCCESS,PMJAY,2026-02-27 07:42:55,2026-02-27 07:42:55
685,captcha_685.png,RX35MF,SUCCESS,PMJAY,2026-02-27 07:43:08,2026-02-27 07:43:08
686,captcha_686.png,HHP3BN,SUCCESS,PMJAY,2026-02-27 07:43:19,2026-02-27 07:43:19
687,captcha_687.png,BFWXGK,SUCCESS,PMJAY,2026-02-27 07:43:45,2026-02-27 07:43:45
688,captcha_688.png,5FPRWN,SUCCESS,PMJAY,2026-02-27 07:44:09,2026-02-27 07:44:09
689,captcha_689.png,BFWXGK,SUCCESS,PMJAY,2026-02-27 07:44:20,2026-02-27 07:44:20
690,captcha_690.png,4FDMNP,SUCCESS,PMJAY,2026-02-27 07:46:18,2026-02-27 07:46:18
691,captcha_691.png,4FDMNP,SUCCESS,PMJAY,2026-02-27 07:46:25,2026-02-27 07:46:25
692,captcha_692.png,HB7DGK,SUCCESS,PMJAY,2026-02-27 07:47:03,2026-02-27 07:47:03
693,captcha_693.png,F533D8,SUCCESS,PMJAY,2026-02-27 07:48:07,2026-02-27 07:48:07
694,captcha_694.png,GN6BYY,SUCCESS,PMJAY,2026-02-27 07:48:17,2026-02-27 07:48:17
695,captcha_695.png,64CE5N,SUCCESS,PMJAY,2026-02-27 07:48:24,2026-02-27 07:48:24
696,captcha_696.png,CDG2D3,SUCCESS,PMJAY,2026-02-27 07:48:28,2026-02-27 07:48:28
697,captcha_697.png,HB7DGK,SUCCESS,PMJAY,2026-02-27 07:48:38,2026-02-27 07:48:38
698,captcha_698.png,DK334K,SUCCESS,PMJAY,2026-02-27 07:49:40,2026-02-27 07:49:40
699,captcha_699.png,HB7DGK,SUCCESS,PMJAY,2026-02-27 07:51:23,2026-02-27 07:51:23
700,captcha_700.png,HB7DGK,SUCCESS,PMJAY,2026-02-27 07:54:13,2026-02-27 07:54:13
701,captcha_701.png,HB7DGK,SUCCESS,PMJAY,2026-02-27 07:56:59,2026-02-27 07:56:59
702,captcha_702.png,HB7DGK,SUCCESS,PMJAY,2026-02-27 07:59:43,2026-02-27 07:59:43
703,captcha_703.png,G3AKEA,SUCCESS,PMJAY,2026-02-27 08:10:33,2026-02-27 08:10:33
704,captcha_704.png,RCRBYG,SUCCESS,PMJAY,2026-02-27 08:12:27,2026-02-27 08:12:27
705,captcha_705.png,F5C5F2,SUCCESS,PMJAY,2026-02-27 08:16:53,2026-02-27 08:16:53
706,captcha_706.png,PF35NY,SUCCESS,PMJAY,2026-02-27 08:17:13,2026-02-27 08:17:13
707,captcha_707.png,HWER7B,SUCCESS,PMJAY,2026-02-27 08:21:56,2026-02-27 08:21:56
708,captcha_708.png,BPEX8M,SUCCESS,PMJAY,2026-02-27 08:22:16,2026-02-27 08:22:16
709,captcha_709.png,X3XAGK,SUCCESS,PMJAY,2026-02-27 08:32:19,2026-02-27 08:32:19
710,captcha_710.png,X3XAGK,SUCCESS,PMJAY,2026-02-27 08:32:26,2026-02-27 08:32:26
711,captcha_711.png,X62GKY,SUCCESS,PMJAY,2026-02-27 08:32:37,2026-02-27 08:32:37
712,captcha_712.png,X62GKY,SUCCESS,PMJAY,2026-02-27 08:32:40,2026-02-27 08:32:40
713,captcha_713.png,C48A74,SUCCESS,PMJAY,2026-02-27 08:32:48,2026-02-27 08:32:48
714,captcha_714.png,G2B3F2,SUCCESS,PMJAY,2026-02-27 08:33:20,2026-02-27 08:33:20
715,captcha_715.png,23W3XR,SUCCESS,PMJAY,2026-02-27 08:33:39,2026-02-27 08:33:39
716,captcha_716.png,RYPDM8,SUCCESS,PMJAY,2026-02-27 08:33:53,2026-02-27 08:33:53
717,captcha_717.png,HBM82E,SUCCESS,PMJAY,2026-02-27 08:34:29,2026-02-27 08:34:29
718,captcha_718.png,D52HHB,SUCCESS,PMJAY,2026-02-27 08:38:49,2026-02-27 08:38:49
719,captcha_719.png,D52HHB,SUCCESS,PMJAY,2026-02-27 08:38:55,2026-02-27 08:38:55
720,captcha_720.png,EA5BG4,SUCCESS,PMJAY,2026-02-27 08:39:08,2026-02-27 08:39:08
721,captcha_721.png,EA5BG4,SUCCESS,PMJAY,2026-02-27 08:39:11,2026-02-27 08:39:11
722,captcha_722.png,D52HHB,SUCCESS,PMJAY,2026-02-27 08:39:20,2026-02-27 08:39:20
723,captcha_723.png,MCXXWH,SUCCESS,PMJAY,2026-02-27 08:42:29,2026-02-27 08:42:29
724,captcha_724.png,25W432,SUCCESS,PMJAY,2026-02-27 08:44:14,2026-02-27 08:44:14
725,captcha_725.png,Y5AC45,SUCCESS,PMJAY,2026-02-27 08:44:47,2026-02-27 08:44:47
726,captcha_726.png,25W432,SUCCESS,PMJAY,2026-02-27 08:44:57,2026-02-27 08:44:57
727,captcha_727.png,4GXH23,SUCCESS,PMJAY,2026-02-27 09:10:48,2026-02-27 09:10:48
728,captcha_728.png,HEHWK4,SUCCESS,PMJAY,2026-02-27 09:10:52,2026-02-27 09:10:52
729,captcha_729.png,78NAK7,SUCCESS,PMJAY,2026-02-27 09:10:55,2026-02-27 09:10:55
730,captcha_730.png,7B4A62,SUCCESS,PMJAY,2026-02-27 09:11:02,2026-02-27 09:11:02
731,captcha_731.png,HEHWK4,SUCCESS,PMJAY,2026-02-27 09:11:12,2026-02-27 09:11:12
732,captcha_732.png,78NAK7,SUCCESS,PMJAY,2026-02-27 09:11:49,2026-02-27 09:11:49
733,captcha_733.png,Y5BMBE,SUCCESS,PMJAY,2026-02-27 09:11:52,2026-02-27 09:11:52
734,captcha_734.png,XEREX2,SUCCESS,PMJAY,2026-02-27 09:11:56,2026-02-27 09:11:56
735,captcha_735.png,XEREX2,SUCCESS,PMJAY,2026-02-27 09:12:00,2026-02-27 09:12:00
736,captcha_736.png,Y5BMBE,SUCCESS,PMJAY,2026-02-27 09:12:03,2026-02-27 09:12:03
737,captcha_737.png,2Y7FGF,SUCCESS,PMJAY,2026-02-27 09:12:49,2026-02-27 09:12:49
738,captcha_738.png,2Y7FGF,SUCCESS,PMJAY,2026-02-27 09:12:53,2026-02-27 09:12:53
739,captcha_739.png,E427YP,SUCCESS,PMJAY,2026-02-27 09:12:56,2026-02-27 09:12:56
740,captcha_740.png,E427YP,SUCCESS,PMJAY,2026-02-27 09:12:59,2026-02-27 09:13:00
741,captcha_741.png,2Y2HXY,SUCCESS,PMJAY,2026-02-27 09:13:03,2026-02-27 09:13:03
742,captcha_742.png,2Y2HXY,SUCCESS,PMJAY,2026-02-27 09:13:49,2026-02-27 09:13:49
743,captcha_743.png,2Y2HXY,SUCCESS,PMJAY,2026-02-27 09:13:53,2026-02-27 09:13:53
744,captcha_744.png,H38MXH,SUCCESS,PMJAY,2026-02-27 09:13:56,2026-02-27 09:13:56
745,captcha_745.png,H38MXH,SUCCESS,PMJAY,2026-02-27 09:13:59,2026-02-27 09:13:59
746,captcha_746.png,N3NN58,SUCCESS,PMJAY,2026-02-27 09:15:09,2026-02-27 09:15:09
747,captcha_747.png,N3NN58,SUCCESS,PMJAY,2026-02-27 09:15:18,2026-02-27 09:15:18
748,captcha_748.png,C6A36E,SUCCESS,PMJAY,2026-02-27 09:15:22,2026-02-27 09:15:22
749,captcha_749.png,C6A36E,SUCCESS,PMJAY,2026-02-27 09:15:26,2026-02-27 09:15:26
750,captcha_750.png,4EA2BM,SUCCESS,PMJAY,2026-02-27 09:48:07,2026-02-27 09:48:07
751,captcha_751.png,HYG7PH,SUCCESS,PMJAY,2026-02-27 09:57:24,2026-02-27 09:57:24
752,captcha_752.png,WPYWHE,SUCCESS,PMJAY,2026-02-27 09:57:31,2026-02-27 09:57:31
753,captcha_753.png,W75YK2,SUCCESS,PMJAY,2026-02-27 09:57:40,2026-02-27 09:57:40
754,captcha_754.png,6HC2NX,SUCCESS,PMJAY,2026-02-27 09:57:51,2026-02-27 09:57:51
755,captcha_755.png,EREWF2,SUCCESS,PMJAY,2026-02-27 09:57:59,2026-02-27 09:57:59
756,captcha_756.png,FNW3MN,SUCCESS,PMJAY,2026-02-27 09:58:25,2026-02-27 09:58:25
757,captcha_757.png,8E6FWN,SUCCESS,PMJAY,2026-02-27 09:58:29,2026-02-27 09:58:29
758,captcha_758.png,BPKGKA,SUCCESS,PMJAY,2026-02-27 09:58:32,2026-02-27 09:58:32
759,captcha_759.png,WPYWHE,SUCCESS,PMJAY,2026-02-27 09:58:37,2026-02-27 09:58:37
760,captcha_760.png,E4A667,SUCCESS,PMJAY,2026-02-27 09:58:41,2026-02-27 09:58:41
761,captcha_761.png,BPKGKA,SUCCESS,PMJAY,2026-02-27 09:59:24,2026-02-27 09:59:24
762,captcha_762.png,HYG7PH,SUCCESS,PMJAY,2026-02-27 09:59:28,2026-02-27 09:59:28
763,captcha_763.png,E4A667,SUCCESS,PMJAY,2026-02-27 09:59:31,2026-02-27 09:59:31
764,captcha_764.png,8W6EY8,SUCCESS,PMJAY,2026-02-27 09:59:35,2026-02-27 09:59:35
765,captcha_765.png,7E4W8C,SUCCESS,PMJAY,2026-02-27 09:59:38,2026-02-27 09:59:38
766,captcha_766.png,8W6EY8,SUCCESS,PMJAY,2026-02-27 10:00:25,2026-02-27 10:00:25
767,captcha_767.png,7E4W8C,SUCCESS,PMJAY,2026-02-27 10:00:29,2026-02-27 10:00:29
768,captcha_768.png,MMK87F,SUCCESS,PMJAY,2026-02-27 10:17:35,2026-02-27 10:17:35
769,captcha_769.png,ARM66Y,SUCCESS,PMJAY,2026-02-27 10:17:38,2026-02-27 10:17:39
770,captcha_770.png,YA8PEX,SUCCESS,PMJAY,2026-02-27 10:17:42,2026-02-27 10:17:42
771,captcha_771.png,XGFKCE,SUCCESS,PMJAY,2026-02-27 10:17:46,2026-02-27 10:17:46
772,captcha_772.png,REGNH8,SUCCESS,PMJAY,2026-02-27 10:17:49,2026-02-27 10:17:49
773,captcha_773.png,G8BR34,SUCCESS,PMJAY,2026-02-27 10:18:35,2026-02-27 10:18:35
774,captcha_774.png,RDXPNM,SUCCESS,PMJAY,2026-02-27 10:18:38,2026-02-27 10:18:38
775,captcha_775.png,C4AX6D,SUCCESS,PMJAY,2026-02-27 10:18:42,2026-02-27 10:18:42
776,captcha_776.png,RNRPWH,SUCCESS,PMJAY,2026-02-27 10:18:46,2026-02-27 10:18:46
777,captcha_777.png,RNRPWH,SUCCESS,PMJAY,2026-02-27 10:18:50,2026-02-27 10:18:50
778,captcha_778.png,ARM66Y,SUCCESS,PMJAY,2026-02-27 10:19:35,2026-02-27 10:19:35
779,captcha_779.png,BB4WWP,SUCCESS,PMJAY,2026-02-27 10:19:38,2026-02-27 10:19:39
780,captcha_780.png,BB4WWP,SUCCESS,PMJAY,2026-02-27 10:19:42,2026-02-27 10:19:42
781,captcha_781.png,BB4WWP,SUCCESS,PMJAY,2026-02-27 10:19:45,2026-02-27 10:19:45
782,captcha_782.png,ME47XH,SUCCESS,PMJAY,2026-02-27 10:21:00,2026-02-27 10:21:00
783,captcha_783.png,ME47XH,SUCCESS,PMJAY,2026-02-27 10:21:03,2026-02-27 10:21:03
784,captcha_784.png,44W2WR,SUCCESS,PMJAY,2026-02-27 10:21:18,2026-02-27 10:21:18
785,captcha_785.png,44W2WR,SUCCESS,PMJAY,2026-02-27 10:21:22,2026-02-27 10:21:22
786,captcha_786.png,3KW3NX,SUCCESS,PMJAY,2026-02-27 10:48:59,2026-02-27 10:48:59
787,captcha_787.png,REX3AC,SUCCESS,PMJAY,2026-02-27 10:49:07,2026-02-27 10:49:07
788,captcha_788.png,Y4M5H6,SUCCESS,PMJAY,2026-02-27 10:49:36,2026-02-27 10:49:37
789,captcha_789.png,8YHMKY,SUCCESS,PMJAY,2026-02-27 10:50:30,2026-02-27 10:50:30
790,captcha_790.png,FM2N8B,SUCCESS,PMJAY,2026-02-27 10:52:10,2026-02-27 10:52:10
791,captcha_791.png,B3CDG8,SUCCESS,PMJAY,2026-02-27 11:19:39,2026-02-27 11:19:40
792,captcha_792.png,EEXWRF,SUCCESS,PMJAY,2026-02-27 11:20:07,2026-02-27 11:20:07
793,captcha_793.png,CD633W,SUCCESS,PMJAY,2026-02-27 11:20:37,2026-02-27 11:20:37
794,captcha_794.png,5RGWN6,SUCCESS,PMJAY,2026-02-27 11:21:29,2026-02-27 11:21:29
795,captcha_795.png,BK3H2E,SUCCESS,PMJAY,2026-02-27 11:22:31,2026-02-27 11:22:31
796,captcha_796.png,PHMMKY,SUCCESS,PMJAY,2026-03-02 07:15:50,2026-03-02 07:15:50
797,captcha_797.png,AMX6RN,SUCCESS,PMJAY,2026-03-02 07:16:09,2026-03-02 07:16:09
798,captcha_798.png,PG2HH8,SUCCESS,PMJAY,2026-03-02 07:16:28,2026-03-02 07:16:28
799,captcha_799.png,AMX6RN,SUCCESS,PMJAY,2026-03-02 07:16:56,2026-03-02 07:16:56
800,captcha_800.png,MMD4BA,SUCCESS,PMJAY,2026-03-02 07:17:05,2026-03-02 07:17:05
801,captcha_801.png,CR24PC,SUCCESS,PMJAY,2026-03-02 07:17:19,2026-03-02 07:17:19
802,captcha_802.png,837KWX,SUCCESS,PMJAY,2026-03-02 07:17:25,2026-03-02 07:17:25
803,captcha_803.png,GACRMB,SUCCESS,PMJAY,2026-03-02 07:17:30,2026-03-02 07:17:30
804,captcha_804.png,REDW2E,SUCCESS,PMJAY,2026-03-02 07:17:56,2026-03-02 07:17:56
805,captcha_805.png,MMD4BA,SUCCESS,PMJAY,2026-03-02 07:18:09,2026-03-02 07:18:09
806,captcha_806.png,GACRMB,SUCCESS,PMJAY,2026-03-02 07:18:12,2026-03-02 07:18:13
807,captcha_807.png,837KWX,SUCCESS,PMJAY,2026-03-02 07:18:16,2026-03-02 07:18:16
808,captcha_808.png,C763WK,SUCCESS,PMJAY,2026-03-02 07:18:27,2026-03-02 07:18:27
809,captcha_809.png,C763WK,SUCCESS,PMJAY,2026-03-02 07:18:56,2026-03-02 07:18:56
810,captcha_810.png,6Y8WY2,SUCCESS,PMJAY,2026-03-02 07:18:59,2026-03-02 07:18:59
811,captcha_811.png,XF8CNA,SUCCESS,PMJAY,2026-03-02 07:19:03,2026-03-02 07:19:03
812,captcha_812.png,XF8CNA,SUCCESS,PMJAY,2026-03-02 07:19:07,2026-03-02 07:19:07
813,captcha_813.png,YA843H,SUCCESS,PMJAY,2026-03-02 07:19:11,2026-03-02 07:19:11
814,captcha_814.png,BE5MH5,SUCCESS,PMJAY,2026-03-02 07:19:56,2026-03-02 07:19:56
815,captcha_815.png,YA843H,SUCCESS,PMJAY,2026-03-02 07:20:00,2026-03-02 07:20:00
816,captcha_816.png,N4YKP7,SUCCESS,PMJAY,2026-03-02 07:20:04,2026-03-02 07:20:04
817,captcha_817.png,N4YKP7,SUCCESS,PMJAY,2026-03-02 07:20:08,2026-03-02 07:20:08
818,captcha_818.png,DCX8KF,SUCCESS,PMJAY,2026-03-02 07:20:11,2026-03-02 07:20:11
819,captcha_819.png,I'm unable to help with that.,SUCCESS,PMJAY,2026-03-02 07:20:56,2026-03-02 07:20:56
820,captcha_820.png,C763WK,SUCCESS,PMJAY,2026-03-02 07:20:59,2026-03-02 07:20:59
821,captcha_821.png,DCX8KF,SUCCESS,PMJAY,2026-03-02 07:21:02,2026-03-02 07:21:03
822,captcha_822.png,EN3M6H,SUCCESS,PMJAY,2026-03-02 07:21:05,2026-03-02 07:21:05
823,captcha_823.png,EXWAA7,SUCCESS,PMJAY,2026-03-02 07:21:09,2026-03-02 07:21:09
824,captcha_824.png,EN3M6H,SUCCESS,PMJAY,2026-03-02 07:21:56,2026-03-02 07:21:56
825,captcha_825.png,XF8CNA,SUCCESS,PMJAY,2026-03-02 07:21:59,2026-03-02 07:21:59
826,captcha_826.png,ENDWR4,SUCCESS,PMJAY,2026-03-02 07:22:02,2026-03-02 07:22:02
827,captcha_827.png,ENDWR4,SUCCESS,PMJAY,2026-03-02 07:22:06,2026-03-02 07:22:06
828,captcha_828.png,F73HW6,SUCCESS,PMJAY,2026-03-02 07:22:11,2026-03-02 07:22:11
829,captcha_829.png,4XCRR3,SUCCESS,PMJAY,2026-03-02 07:22:56,2026-03-02 07:22:56
830,captcha_830.png,4XCRR3,SUCCESS,PMJAY,2026-03-02 07:23:00,2026-03-02 07:23:00
831,captcha_831.png,MYGY3G,SUCCESS,PMJAY,2026-03-02 07:23:03,2026-03-02 07:23:03
832,captcha_832.png,4XCRR3,SUCCESS,PMJAY,2026-03-02 07:23:07,2026-03-02 07:23:07
833,captcha_833.png,FK5AMM,SUCCESS,PMJAY,2026-03-02 07:28:41,2026-03-02 07:28:41
834,captcha_834.png,4XCRR3,SUCCESS,PMJAY,2026-03-02 07:28:46,2026-03-02 07:28:46
835,captcha_835.png,5MFF43,SUCCESS,PMJAY,2026-03-02 07:29:43,2026-03-02 07:29:43
836,captcha_836.png,P4NFMX,SUCCESS,PMJAY,2026-03-02 07:29:53,2026-03-02 07:29:53
837,captcha_837.png,4XCRR3,SUCCESS,PMJAY,2026-03-02 07:31:51,2026-03-02 07:31:51
838,captcha_838.png,PA3N2Y,SUCCESS,PMJAY,2026-03-02 07:32:44,2026-03-02 07:32:44
839,captcha_839.png,A2WNCD,SUCCESS,PMJAY,2026-03-02 07:33:02,2026-03-02 07:33:03
840,captcha_840.png,A2WNCD,SUCCESS,PMJAY,2026-03-02 07:33:06,2026-03-02 07:33:06
841,captcha_841.png,A2WNCD,SUCCESS,PMJAY,2026-03-02 07:36:31,2026-03-02 07:36:31
842,captcha_842.png,A2WNCD,SUCCESS,PMJAY,2026-03-02 07:39:16,2026-03-02 07:39:16
843,captcha_843.png,35DAF6,SUCCESS,PMJAY,2026-03-10 09:33:19,2026-03-10 09:33:19
844,captcha_844.png,RWA4H4,SUCCESS,PMJAY,2026-03-10 09:33:27,2026-03-10 09:33:27
845,captcha_845.png,B3N3PK,SUCCESS,PMJAY,2026-03-11 07:58:32,2026-03-11 07:58:33
846,captcha_846.png,EM52M5,SUCCESS,PMJAY,2026-03-11 07:58:40,2026-03-11 07:58:40
847,captcha_847.png,4HY5PW,SUCCESS,PMJAY,2026-03-11 08:07:22,2026-03-11 08:07:22
848,captcha_848.png,6MYCXH,SUCCESS,PMJAY,2026-03-11 08:08:17,2026-03-11 08:08:17
849,captcha_849.png,HPB7PW,SUCCESS,PMJAY,2026-03-11 08:13:20,2026-03-11 08:13:21
850,captcha_850.png,724XHE,SUCCESS,PMJAY,2026-03-11 08:15:22,2026-03-11 08:15:22
851,captcha_851.png,2G7H2B,SUCCESS,PMJAY,2026-03-11 08:15:30,2026-03-11 08:15:30
852,captcha_852.png,NXM4WM,SUCCESS,PMJAY,2026-03-11 08:16:41,2026-03-11 08:16:41
853,captcha_853.png,XY3HR5,SUCCESS,PMJAY,2026-03-11 08:19:36,2026-03-11 08:19:36
854,captcha_854.png,D7ERBX,SUCCESS,PMJAY,2026-03-11 09:20:49,2026-03-11 09:20:49
855,captcha_855.png,I'm unable to assist with this.,SUCCESS,PMJAY,2026-03-12 05:47:48,2026-03-12 05:47:48
856,captcha_856.png,7K2RYN,SUCCESS,PMJAY,2026-03-12 05:48:43,2026-03-12 05:48:44
857,captcha_857.png,6XMWPD,SUCCESS,PMJAY,2026-03-12 05:50:42,2026-03-12 05:50:42
858,captcha_858.png,AREXCE,SUCCESS,PMJAY,2026-03-12 06:06:53,2026-03-12 06:06:53
859,captcha_859.png,4FC4WP,SUCCESS,PMJAY,2026-03-12 06:07:05,2026-03-12 06:07:05
860,captcha_860.png,DXEE4C,SUCCESS,PMJAY,2026-03-12 08:11:25,2026-03-12 08:11:25
861,captcha_861.png,DXEE4C,SUCCESS,PMJAY,2026-03-12 08:11:30,2026-03-12 08:11:30
862,captcha_862.png,N77PPK,SUCCESS,PMJAY,2026-03-12 08:11:34,2026-03-12 08:11:34
863,captcha_863.png,CP7G6Y,SUCCESS,PMJAY,2026-03-12 08:18:15,2026-03-12 08:18:15
864,captcha_864.png,WY8YA4,SUCCESS,PMJAY,2026-03-12 08:18:23,2026-03-12 08:18:23
865,captcha_865.png,XY4G7X,SUCCESS,PMJAY,2026-03-12 09:18:28,2026-03-12 09:18:28
866,captcha_866.png,XY4G7X,SUCCESS,PMJAY,2026-03-12 09:18:33,2026-03-12 09:18:33
867,captcha_867.png,C7CW4F,SUCCESS,PMJAY,2026-03-12 09:18:38,2026-03-12 09:18:38
868,captcha_868.png,HB8K36,SUCCESS,PMJAY,2026-03-12 09:20:39,2026-03-12 09:20:39
869,captcha_869.png,PDCXY4,SUCCESS,PMJAY,2026-03-13 09:58:56,2026-03-13 09:58:56
870,captcha_870.png,K4PC47,SUCCESS,PMJAY,2026-03-13 09:59:35,2026-03-13 09:59:35
871,captcha_871.png,37YKC2,SUCCESS,PMJAY,2026-03-13 09:59:42,2026-03-13 09:59:42
872,captcha_872.png,G82PX3,SUCCESS,PMJAY,2026-03-13 10:06:06,2026-03-13 10:06:06
873,captcha_873.png,EAW5XZ,SUCCESS,PMJAY,2026-03-13 10:06:14,2026-03-13 10:06:14
874,captcha_874.png,6X3KMB,SUCCESS,PMJAY,2026-03-13 10:06:18,2026-03-13 10:06:18
875,captcha_875.png,B3E6YC,SUCCESS,PMJAY,2026-03-13 10:06:42,2026-03-13 10:06:42
876,captcha_876.png,4YDBFK,SUCCESS,PMJAY,2026-03-13 10:06:53,2026-03-13 10:06:53
877,captcha_877.png,NHAKKX,SUCCESS,PMJAY,2026-03-14 09:29:34,2026-03-14 09:29:34
878,captcha_878.png,7X5BR7,SUCCESS,PMJAY,2026-03-14 09:30:02,2026-03-14 09:30:02
879,captcha_879.png,87E68K,SUCCESS,PMJAY,2026-03-16 05:35:38,2026-03-16 05:35:38
880,captcha_880.png,87E68K,SUCCESS,PMJAY,2026-03-16 05:36:15,2026-03-16 05:36:15
881,captcha_881.png,PEGGEN,SUCCESS,PMJAY,2026-03-16 05:37:13,2026-03-16 05:37:13
882,captcha_882.png,FENE5P,SUCCESS,PMJAY,2026-03-16 05:40:55,2026-03-16 05:40:55
883,captcha_883.png,XCPYBH,SUCCESS,PMJAY,2026-03-16 05:41:03,2026-03-16 05:41:03
884,captcha_884.png,A326KD,SUCCESS,PMJAY,2026-03-16 07:24:51,2026-03-16 07:24:51
885,captcha_885.png,X7M3BM,SUCCESS,PMJAY,2026-03-16 07:35:29,2026-03-16 07:35:29
886,captcha_886.png,6XKWFR,SUCCESS,PMJAY,2026-03-16 07:35:37,2026-03-16 07:35:37
887,captcha_887.png,RN7MM2,SUCCESS,PMJAY,2026-03-16 10:19:50,2026-03-16 10:19:50
888,captcha_888.png,RBWGBX,SUCCESS,PMJAY,2026-03-16 10:19:58,2026-03-16 10:19:58
889,captcha_889.png,D3FABM,SUCCESS,PMJAY,2026-03-16 10:20:37,2026-03-16 10:20:37
890,captcha_890.png,KCCYXY,SUCCESS,PMJAY,2026-03-16 10:20:47,2026-03-16 10:20:47
891,captcha_891.png,WDHN4P,SUCCESS,PMJAY,2026-03-16 10:20:54,2026-03-16 10:20:54
892,captcha_892.png,B34AYN,SUCCESS,PMJAY,2026-03-16 10:51:11,2026-03-16 10:51:11
893,captcha_893.png,X8H1H3B,SUCCESS,PMJAY,2026-03-16 11:21:47,2026-03-16 11:21:47
894,captcha_894.png,X7YDFB,SUCCESS,PMJAY,2026-03-17 06:21:03,2026-03-17 06:21:03
895,captcha_895.png,E7757B,SUCCESS,PMJAY,2026-03-17 06:21:25,2026-03-17 06:21:25
896,captcha_896.png,FPPB6C,SUCCESS,PMJAY,2026-03-17 06:22:46,2026-03-17 06:22:46
897,captcha_897.png,2HGCFG,SUCCESS,PMJAY,2026-03-17 06:23:06,2026-03-17 06:23:06
898,captcha_898.png,4FF4W5,SUCCESS,PMJAY,2026-03-17 06:23:57,2026-03-17 06:23:57
899,captcha_899.png,ABPN6N,SUCCESS,PMJAY,2026-03-17 06:24:07,2026-03-17 06:24:07
900,captcha_900.png,WEA2EG,SUCCESS,PMJAY,2026-03-17 06:28:57,2026-03-17 06:28:57
901,captcha_901.png,42D7XC,SUCCESS,PMJAY,2026-03-17 06:29:14,2026-03-17 06:29:14
902,captcha_902.png,DYCYAA,SUCCESS,PMJAY,2026-03-17 06:32:50,2026-03-17 06:32:50
903,captcha_903.png,FF73C4,SUCCESS,PMJAY,2026-03-17 06:33:06,2026-03-17 06:33:06
904,captcha_904.png,KX8XA3,SUCCESS,PMJAY,2026-03-17 07:05:20,2026-03-17 07:05:20
905,captcha_905.png,X7NYMWW,SUCCESS,PMJAY,2026-03-17 08:24:28,2026-03-17 08:24:28
906,captcha_906.png,RYPGDH,SUCCESS,PMJAY,2026-03-17 08:24:38,2026-03-17 08:24:38
907,captcha_907.png,XYHH2F,SUCCESS,PMJAY,2026-03-17 08:24:49,2026-03-17 08:24:49
908,captcha_908.png,KREBBX,SUCCESS,PMJAY,2026-03-17 08:55:25,2026-03-17 08:55:25
909,captcha_909.png,CM86RH,SUCCESS,PMJAY,2026-03-17 09:26:19,2026-03-17 09:26:19
910,captcha_910.png,6WR3CG,SUCCESS,PMJAY,2026-03-17 09:57:05,2026-03-17 09:57:05
911,captcha_911.png,FM3EK3,SUCCESS,PMJAY,2026-03-17 09:58:03,2026-03-17 09:58:03
912,captcha_912.png,4R3K6P,SUCCESS,PMJAY,2026-03-19 07:34:39,2026-03-19 07:34:39
913,captcha_913.png,KDKXN8,SUCCESS,PMJAY,2026-03-19 07:34:49,2026-03-19 07:34:49
914,captcha_914.png,55E6CG,SUCCESS,PMJAY,2026-03-19 08:04:38,2026-03-19 08:04:38
915,captcha_915.png,HXCX46,SUCCESS,PMJAY,2026-03-19 08:35:38,2026-03-19 08:35:38
916,captcha_916.png,N3RA6M,SUCCESS,PMJAY,2026-03-19 09:06:38,2026-03-19 09:06:38
917,captcha_917.png,XWD7MK,SUCCESS,PMJAY,2026-03-23 05:48:54,2026-03-23 05:48:54
918,captcha_918.png,3YM3PW,SUCCESS,PMJAY,2026-03-23 05:49:05,2026-03-23 05:49:05
919,captcha_919.png,DNBDNM,SUCCESS,PMJAY,2026-03-23 06:00:36,2026-03-23 06:00:36
920,captcha_920.png,DNBDNM,SUCCESS,PMJAY,2026-03-23 06:00:39,2026-03-23 06:00:39
921,captcha_921.png,DNGDW5,SUCCESS,PMJAY,2026-03-23 06:03:22,2026-03-23 06:03:22
922,captcha_922.png,DNGDW5,SUCCESS,PMJAY,2026-03-23 06:03:25,2026-03-23 06:03:25
923,captcha_923.png,DC8CR2,SUCCESS,PMJAY,2026-03-23 06:03:28,2026-03-23 06:03:28
924,captcha_924.png,DC8CR2,SUCCESS,PMJAY,2026-03-23 06:03:31,2026-03-23 06:03:31
925,captcha_925.png,C4EYMD,SUCCESS,PMJAY,2026-03-23 06:03:38,2026-03-23 06:03:38
926,captcha_926.png,C4EYMD,SUCCESS,PMJAY,2026-03-23 06:04:22,2026-03-23 06:04:22
927,captcha_927.png,DC8CR2,SUCCESS,PMJAY,2026-03-23 06:04:25,2026-03-23 06:04:25
928,captcha_928.png,XNC328,SUCCESS,PMJAY,2026-03-23 06:04:29,2026-03-23 06:04:29
929,captcha_929.png,7MDCC2,SUCCESS,PMJAY,2026-03-23 06:05:33,2026-03-23 06:05:33
930,captcha_930.png,BWG33A,SUCCESS,PMJAY,2026-03-23 06:05:50,2026-03-23 06:05:50
931,captcha_931.png,48XXFY,SUCCESS,PMJAY,2026-03-23 06:34:25,2026-03-23 06:34:25
932,captcha_932.png,BGYNHD,SUCCESS,PMJAY,2026-03-23 07:04:52,2026-03-23 07:04:52
933,captcha_933.png,CXXGA2,SUCCESS,PMJAY,2026-03-23 07:21:34,2026-03-23 07:21:34
934,captcha_934.png,WXGN5Y,SUCCESS,PMJAY,2026-03-23 07:22:12,2026-03-23 07:22:12
935,captcha_935.png,XKDHMM,SUCCESS,PMJAY,2026-03-23 07:22:53,2026-03-23 07:22:53
936,captcha_936.png,7RH665,SUCCESS,PMJAY,2026-03-23 07:23:03,2026-03-23 07:23:03
937,captcha_937.png,4YD3RM,SUCCESS,PMJAY,2026-03-23 07:40:10,2026-03-23 07:40:10
938,captcha_938.png,4XGE6H,SUCCESS,PMJAY,2026-03-23 07:40:18,2026-03-23 07:40:18
939,captcha_939.png,245EGD,SUCCESS,PMJAY,2026-03-23 07:56:08,2026-03-23 07:56:08
940,captcha_940.png,245EGD,SUCCESS,PMJAY,2026-03-23 07:56:13,2026-03-23 07:56:13
941,captcha_941.png,HK86RY,SUCCESS,PMJAY,2026-03-23 07:56:16,2026-03-23 07:56:16
942,captcha_942.png,7RBN2G,SUCCESS,PMJAY,2026-03-23 07:56:20,2026-03-23 07:56:20
943,captcha_943.png,DH4N4H,SUCCESS,PMJAY,2026-03-23 08:27:04,2026-03-23 08:27:04
944,captcha_944.png,HY4FFG,SUCCESS,PMJAY,2026-03-23 08:33:23,2026-03-23 08:33:23
945,captcha_945.png,4DF7RP,SUCCESS,PMJAY,2026-03-23 08:33:34,2026-03-23 08:33:34
946,captcha_946.png,7WPANX,SUCCESS,PMJAY,2026-03-23 08:48:41,2026-03-23 08:48:41
947,captcha_947.png,KNMEWX,SUCCESS,PMJAY,2026-03-23 08:49:18,2026-03-23 08:49:18
948,captcha_948.png,B52A86,SUCCESS,PMJAY,2026-03-23 08:49:25,2026-03-23 08:49:25
949,captcha_949.png,KNMEWX,SUCCESS,PMJAY,2026-03-23 08:49:36,2026-03-23 08:49:36
950,captcha_950.png,HNKHYE,SUCCESS,PMJAY,2026-03-23 08:51:08,2026-03-23 08:51:08
951,captcha_951.png,FF4K4W,SUCCESS,PMJAY,2026-03-23 08:51:39,2026-03-23 08:51:39
952,captcha_952.png,5C5FNC,SUCCESS,PMJAY,2026-03-23 08:53:23,2026-03-23 08:53:23
953,captcha_953.png,7RBEEF,SUCCESS,PMJAY,2026-03-23 08:53:31,2026-03-23 08:53:31
954,captcha_954.png,278EWD,SUCCESS,PMJAY,2026-03-23 08:57:50,2026-03-23 08:57:50
955,captcha_955.png,GREMPX,SUCCESS,PMJAY,2026-03-23 09:25:03,2026-03-23 09:25:03
956,captcha_956.png,XHNYP2,SUCCESS,PMJAY,2026-03-23 09:26:02,2026-03-23 09:26:02
957,captcha_957.png,WA4HWX,SUCCESS,PMJAY,2026-03-23 09:27:43,2026-03-23 09:27:43
958,captcha_958.png,BERYF3,SUCCESS,PMJAY,2026-03-23 09:27:48,2026-03-23 09:27:48
959,captcha_959.png,GPG287,SUCCESS,PMJAY,2026-03-23 09:27:54,2026-03-23 09:27:54
960,captcha_960.png,W8K368,SUCCESS,PMJAY,2026-03-23 09:28:23,2026-03-23 09:28:23
961,captcha_961.png,M237C4,SUCCESS,PMJAY,2026-03-23 09:28:38,2026-03-23 09:28:38
962,captcha_962.png,W8K368,SUCCESS,PMJAY,2026-03-23 09:28:51,2026-03-23 09:28:51
963,captcha_963.png,4PEF5W,SUCCESS,PMJAY,2026-03-23 09:39:10,2026-03-23 09:39:10
964,captcha_964.png,2HFN3M,SUCCESS,PMJAY,2026-03-23 09:40:49,2026-03-23 09:40:50
965,captcha_965.png,PFMNRM,SUCCESS,PMJAY,2026-03-23 09:41:22,2026-03-23 09:41:22
966,captcha_966.png,5PEE6X,SUCCESS,PMJAY,2026-03-23 09:41:31,2026-03-23 09:41:31
967,captcha_967.png,G2DNCG,SUCCESS,PMJAY,2026-03-23 09:45:01,2026-03-23 09:45:01
968,captcha_968.png,BKRGPС,SUCCESS,PMJAY,2026-03-23 09:46:05,2026-03-23 09:46:05
969,captcha_969.png,GDY4E4,SUCCESS,PMJAY,2026-03-23 09:46:09,2026-03-23 09:46:10
970,captcha_970.png,3RPC56,SUCCESS,PMJAY,2026-03-23 09:46:19,2026-03-23 09:46:19
971,captcha_971.png,8AN65W,SUCCESS,PMJAY,2026-03-23 10:11:49,2026-03-23 10:11:49
972,captcha_972.png,853KHC,SUCCESS,PMJAY,2026-03-23 10:12:09,2026-03-23 10:12:09
973,captcha_973.png,B386EH,SUCCESS,PMJAY,2026-03-23 10:13:30,2026-03-23 10:13:30
974,captcha_974.png,65R7BY,SUCCESS,PMJAY,2026-03-23 10:13:34,2026-03-23 10:13:34
975,captcha_975.png,2AA7RD,SUCCESS,PMJAY,2026-03-23 10:13:48,2026-03-23 10:13:48
976,captcha_976.png,ADYX3G,SUCCESS,PMJAY,2026-03-23 10:14:07,2026-03-23 10:14:07
977,captcha_977.png,82XGW6,SUCCESS,PMJAY,2026-03-23 10:14:37,2026-03-23 10:14:37
978,captcha_978.png,7PYYK2,SUCCESS,PMJAY,2026-03-23 10:15:45,2026-03-23 10:15:45
979,captcha_979.png,CGKMCG,SUCCESS,PMJAY,2026-03-23 10:17:29,2026-03-23 10:17:29
980,captcha_980.png,N4FDB4,SUCCESS,PMJAY,2026-03-23 10:20:05,2026-03-23 10:20:05
981,captcha_981.png,H7RM83,SUCCESS,PMJAY,2026-03-23 10:20:25,2026-03-23 10:20:25
982,captcha_982.png,HRX2C5,SUCCESS,PMJAY,2026-03-23 10:21:16,2026-03-23 10:21:16
983,captcha_983.png,GX2XPN,SUCCESS,PMJAY,2026-03-23 10:22:07,2026-03-23 10:22:07
984,captcha_984.png,CMGA76,SUCCESS,PMJAY,2026-03-23 10:22:19,2026-03-23 10:22:19
985,captcha_985.png,NFY468,SUCCESS,PMJAY,2026-03-23 10:22:44,2026-03-23 10:22:44
986,captcha_986.png,D3B2YG,SUCCESS,PMJAY,2026-03-23 10:26:23,2026-03-23 10:26:23
987,captcha_987.png,6BRAP7,SUCCESS,PMJAY,2026-03-23 10:50:09,2026-03-23 10:50:09
988,captcha_988.png,XC3K3W,SUCCESS,PMJAY,2026-03-23 10:50:16,2026-03-23 10:50:16
989,captcha_989.png,MBE7P7,SUCCESS,PMJAY,2026-03-23 10:50:30,2026-03-23 10:50:31
990,captcha_990.png,6ABHF3,SUCCESS,PMJAY,2026-03-23 10:50:55,2026-03-23 10:50:55
991,captcha_991.png,RGFC2M,SUCCESS,PMJAY,2026-03-24 05:51:04,2026-03-24 05:51:04
992,captcha_992.png,MGE8E5,SUCCESS,PMJAY,2026-03-24 05:51:12,2026-03-24 05:51:12
993,captcha_993.png,MGE8E5,SUCCESS,PMJAY,2026-03-24 05:51:16,2026-03-24 05:51:16
994,captcha_994.png,6PGEHR,SUCCESS,PMJAY,2026-03-24 05:51:19,2026-03-24 05:51:20
995,captcha_995.png,3RP8BY,SUCCESS,PMJAY,2026-03-24 05:51:26,2026-03-24 05:51:26
996,captcha_996.png,3RP8BY,SUCCESS,PMJAY,2026-03-24 05:52:04,2026-03-24 05:52:04
997,captcha_997.png,4AHCG8,SUCCESS,PMJAY,2026-03-24 06:07:07,2026-03-24 06:07:07
998,captcha_998.png,8YMMBR,SUCCESS,PMJAY,2026-03-24 06:07:11,2026-03-24 06:07:11
999,captcha_999.png,YKCB7H,SUCCESS,PMJAY,2026-03-24 06:07:19,2026-03-24 06:07:19
1000,captcha_1000.png,M4Y5CD,SUCCESS,PMJAY,2026-03-24 06:07:25,2026-03-24 06:07:25
1001,captcha_1001.png,EH4AXA,SUCCESS,PMJAY,2026-03-24 06:37:00,2026-03-24 06:37:00
1002,captcha_1002.png,8F4R5W,SUCCESS,PMJAY,2026-03-24 06:37:12,2026-03-24 06:37:12
1003,captcha_1003.png,WDKDME,SUCCESS,PMJAY,2026-03-24 06:37:26,2026-03-24 06:37:26
1004,captcha_1004.png,HXP5N,SUCCESS,PMJAY,2026-03-24 06:37:29,2026-03-24 06:37:30
1005,captcha_1005.png,HXPK5N,SUCCESS,PMJAY,2026-03-24 06:37:33,2026-03-24 06:37:33
1006,captcha_1006.png,"I'm sorry, I can't help with that.",SUCCESS,PMJAY,2026-03-24 06:38:00,2026-03-24 06:38:00
1007,captcha_1007.png,3R23PP,SUCCESS,PMJAY,2026-03-24 06:38:14,2026-03-24 06:38:14
1008,captcha_1008.png,3R23PP,SUCCESS,PMJAY,2026-03-24 06:38:18,2026-03-24 06:38:18
1009,captcha_1009.png,3R23PP,SUCCESS,PMJAY,2026-03-24 06:38:21,2026-03-24 06:38:21
1010,captcha_1010.png,HM7FMD,SUCCESS,PMJAY,2026-03-24 06:38:40,2026-03-24 06:38:40
1011,captcha_1011.png,4G54PA,SUCCESS,PMJAY,2026-03-24 06:39:00,2026-03-24 06:39:00
1012,captcha_1012.png,HM7FMD,SUCCESS,PMJAY,2026-03-24 06:39:09,2026-03-24 06:39:09
1013,captcha_1013.png,8RFGER,SUCCESS,PMJAY,2026-03-24 06:39:21,2026-03-24 06:39:21
1014,captcha_1014.png,2MHEGA,SUCCESS,PMJAY,2026-03-24 06:39:41,2026-03-24 06:39:41
1015,captcha_1015.png,8RFGER,SUCCESS,PMJAY,2026-03-24 06:39:50,2026-03-24 06:39:50
1016,captcha_1016.png,H4X7FY,SUCCESS,PMJAY,2026-03-24 07:00:10,2026-03-24 07:00:11
1017,captcha_1017.png,XPHD64,SUCCESS,PMJAY,2026-03-24 07:00:30,2026-03-24 07:00:30
1018,captcha_1018.png,KM3BWE,SUCCESS,PMJAY,2026-03-24 07:00:33,2026-03-24 07:00:33
1019,captcha_1019.png,H4X7FY,SUCCESS,PMJAY,2026-03-24 07:00:43,2026-03-24 07:00:43
1020,captcha_1020.png,XPHD64,SUCCESS,PMJAY,2026-03-24 07:01:09,2026-03-24 07:01:09
1021,captcha_1021.png,YDGXKH,SUCCESS,PMJAY,2026-03-24 07:01:12,2026-03-24 07:01:12
1022,captcha_1022.png,YAH7GY,SUCCESS,PMJAY,2026-03-24 07:01:42,2026-03-24 07:01:42
1023,captcha_1023.png,YDGXKH,SUCCESS,PMJAY,2026-03-24 07:01:50,2026-03-24 07:01:50
1024,captcha_1024.png,5W4AXB,SUCCESS,PMJAY,2026-03-24 07:05:22,2026-03-24 07:05:22
1025,captcha_1025.png,P5AD3H,SUCCESS,PMJAY,2026-03-24 07:05:25,2026-03-24 07:05:25
1026,captcha_1026.png,56ADDB,SUCCESS,PMJAY,2026-03-24 07:05:39,2026-03-24 07:05:39
1027,captcha_1027.png,P5AD3H,SUCCESS,PMJAY,2026-03-24 07:05:48,2026-03-24 07:05:48
1028,captcha_1028.png,5W4AXB,SUCCESS,PMJAY,2026-03-24 07:05:51,2026-03-24 07:05:51
1029,captcha_1029.png,P5AD3H,SUCCESS,PMJAY,2026-03-24 07:06:21,2026-03-24 07:06:21
1030,captcha_1030.png,4MBYKW,SUCCESS,PMJAY,2026-03-24 07:06:44,2026-03-24 07:06:44
1031,captcha_1031.png,P5AD3H,SUCCESS,PMJAY,2026-03-24 07:06:52,2026-03-24 07:06:52
1032,captcha_1032.png,P5AD3H,SUCCESS,PMJAY,2026-03-24 07:09:43,2026-03-24 07:09:43
1033,captcha_1033.png,P5AD3H,SUCCESS,PMJAY,2026-03-24 07:12:28,2026-03-24 07:12:28
1034,captcha_1034.png,D7PWE2,SUCCESS,PMJAY,2026-03-24 07:22:30,2026-03-24 07:22:30
1035,captcha_1035.png,B77Y63,SUCCESS,PMJAY,2026-03-24 07:22:41,2026-03-24 07:22:41
1036,captcha_1036.png,BNAAN7,SUCCESS,PMJAY,2026-03-24 07:49:54,2026-03-24 07:49:54
1037,captcha_1037.png,3E5Y6E,SUCCESS,PMJAY,2026-03-24 07:50:08,2026-03-24 07:50:08
1038,captcha_1038.png,6ERR7D,SUCCESS,PMJAY,2026-03-24 07:54:56,2026-03-24 07:54:56
1039,captcha_1039.png,R37BA8,SUCCESS,PMJAY,2026-03-24 07:55:07,2026-03-24 07:55:07
1040,captcha_1040.png,PG4N6N,SUCCESS,PMJAY,2026-03-24 08:21:15,2026-03-24 08:21:15
1041,captcha_1041.png,F72FK6,SUCCESS,PMJAY,2026-03-24 08:21:18,2026-03-24 08:21:18
1042,captcha_1042.png,HY2RGF,SUCCESS,PMJAY,2026-03-24 08:21:25,2026-03-24 08:21:25
1043,captcha_1043.png,C865AH,SUCCESS,PMJAY,2026-03-24 08:21:29,2026-03-24 08:21:29
1044,captcha_1044.png,8PDB2M,SUCCESS,PMJAY,2026-03-24 08:50:33,2026-03-24 08:50:33
1045,captcha_1045.png,5KG4NE,SUCCESS,PMJAY,2026-03-24 08:50:37,2026-03-24 08:50:37
1046,captcha_1046.png,KEK2BN,SUCCESS,PMJAY,2026-03-24 08:50:46,2026-03-24 08:50:46
1047,captcha_1047.png,5CMP2X,SUCCESS,PMJAY,2026-03-24 08:50:49,2026-03-24 08:50:49
1048,captcha_1048.png,6PX5F8,SUCCESS,PMJAY,2026-03-24 09:42:23,2026-03-24 09:42:23
1049,captcha_1049.png,XH2FG6,SUCCESS,PMJAY,2026-03-24 09:42:34,2026-03-24 09:42:34
1050,captcha_1050.png,BKNEWR,SUCCESS,PMJAY,2026-03-24 10:25:31,2026-03-24 10:25:31
1051,captcha_1051.png,"I'm sorry, I can’t help with that.",SUCCESS,PMJAY,2026-03-24 10:25:38,2026-03-24 10:25:38
1052,captcha_1052.png,AR73FM,SUCCESS,PMJAY,2026-03-24 11:04:43,2026-03-24 11:04:43
1053,captcha_1053.png,M32E87,SUCCESS,PMJAY,2026-03-24 11:05:02,2026-03-24 11:05:02
1054,captcha_1054.png,NED246,SUCCESS,PMJAY,2026-03-24 13:34:04,2026-03-24 13:34:04
1055,captcha_1055.png,RX8GH8,SUCCESS,PMJAY,2026-03-24 13:34:10,2026-03-24 13:34:10
1056,captcha_1056.png,K4K54Y,SUCCESS,PMJAY,2026-03-24 13:34:16,2026-03-24 13:34:16
1057,captcha_1057.png,HE8GK5,SUCCESS,PMJAY,2026-03-25 05:53:44,2026-03-25 05:53:44
1058,captcha_1058.png,N28CMD,SUCCESS,PMJAY,2026-03-25 05:53:47,2026-03-25 05:53:47
1059,captcha_1059.png,G73G5B,SUCCESS,PMJAY,2026-03-25 05:54:44,2026-03-25 05:54:44
1060,captcha_1060.png,6RWWK8,SUCCESS,PMJAY,2026-03-25 06:14:14,2026-03-25 06:14:14
1061,captcha_1061.png,HC72YN,SUCCESS,PMJAY,2026-03-25 06:14:32,2026-03-25 06:14:32
1062,captcha_1062.png,5Y27EN,SUCCESS,PMJAY,2026-03-25 06:20:54,2026-03-25 06:20:54
1063,captcha_1063.png,BFN522,SUCCESS,PMJAY,2026-03-25 06:21:02,2026-03-25 06:21:02
1064,captcha_1064.png,7CNP43,SUCCESS,PMJAY,2026-03-25 06:27:15,2026-03-25 06:27:15
1065,captcha_1065.png,WM8A66,SUCCESS,PMJAY,2026-03-25 06:27:32,2026-03-25 06:27:32
1066,captcha_1066.png,7CNP43,SUCCESS,PMJAY,2026-03-25 06:27:41,2026-03-25 06:27:41
1067,captcha_1067.png,5XN5RF,SUCCESS,PMJAY,2026-03-25 06:50:21,2026-03-25 06:50:21
1068,captcha_1068.png,BD3KGY,SUCCESS,PMJAY,2026-03-25 06:53:40,2026-03-25 06:53:40
1069,captcha_1069.png,H7M28Y,SUCCESS,PMJAY,2026-03-25 06:53:48,2026-03-25 06:53:48
1070,captcha_1070.png,22FRW8,SUCCESS,PMJAY,2026-03-25 06:58:14,2026-03-25 06:58:14
1071,captcha_1071.png,4H3CWR,SUCCESS,PMJAY,2026-03-25 07:02:40,2026-03-25 07:02:40
1072,captcha_1072.png,AD3AWE,SUCCESS,PMJAY,2026-03-25 07:02:51,2026-03-25 07:02:51
1073,captcha_1073.png,75H722,SUCCESS,PMJAY,2026-03-25 07:02:55,2026-03-25 07:02:55
1074,captcha_1074.png,YDFRN5,SUCCESS,PMJAY,2026-03-25 07:03:02,2026-03-25 07:03:02
1075,captcha_1075.png,83R5X2,SUCCESS,PMJAY,2026-03-25 07:25:00,2026-03-25 07:25:00
1076,captcha_1076.png,RGDE5W,SUCCESS,PMJAY,2026-03-25 07:25:07,2026-03-25 07:25:07
1077,captcha_1077.png,RGDE5W,SUCCESS,PMJAY,2026-03-25 07:29:39,2026-03-25 07:29:40
1078,captcha_1078.png,56NC42,SUCCESS,PMJAY,2026-03-25 07:29:50,2026-03-25 07:29:50
1079,captcha_1079.png,472HM2,SUCCESS,PMJAY,2026-03-25 07:30:01,2026-03-25 07:30:01
1080,captcha_1080.png,MD3GHK,SUCCESS,PMJAY,2026-03-25 07:30:18,2026-03-25 07:30:18
1081,captcha_1081.png,YPF872,SUCCESS,PMJAY,2026-03-25 07:31:36,2026-03-25 07:31:36
1082,captcha_1082.png,EH2P35,SUCCESS,PMJAY,2026-03-25 07:31:44,2026-03-25 07:31:44
1083,captcha_1083.png,XCERNN,SUCCESS,PMJAY,2026-03-25 07:32:08,2026-03-25 07:32:08
1084,captcha_1084.png,7HMKGB,SUCCESS,PMJAY,2026-03-25 07:33:49,2026-03-25 07:33:49
1085,captcha_1085.png,Y4GPHX,SUCCESS,PMJAY,2026-03-25 07:33:57,2026-03-25 07:33:57
1086,captcha_1086.png,724DEB,SUCCESS,PMJAY,2026-03-25 08:00:45,2026-03-25 08:00:45
1087,captcha_1087.png,Y78FG5,SUCCESS,PMJAY,2026-03-25 08:00:53,2026-03-25 08:00:53
1088,captcha_1088.png,87EAPA,SUCCESS,PMJAY,2026-03-25 08:02:11,2026-03-25 08:02:11
1089,captcha_1089.png,RDK74W,SUCCESS,PMJAY,2026-03-25 08:02:19,2026-03-25 08:02:19
1090,captcha_1090.png,RGE64D,SUCCESS,PMJAY,2026-03-25 08:04:21,2026-03-25 08:04:21
1091,captcha_1091.png,GR62HN,SUCCESS,PMJAY,2026-03-25 08:04:24,2026-03-25 08:04:24
1092,captcha_1092.png,K3A25G,SUCCESS,PMJAY,2026-03-25 08:04:29,2026-03-25 08:04:29
1093,captcha_1093.png,YHCEH4,SUCCESS,PMJAY,2026-03-25 08:04:36,2026-03-25 08:04:36
1094,captcha_1094.png,YHCEH4,SUCCESS,PMJAY,2026-03-25 08:07:58,2026-03-25 08:07:58
1095,captcha_1095.png,YHCEH4,SUCCESS,PMJAY,2026-03-25 08:11:08,2026-03-25 08:11:08
1096,captcha_1096.png,57D476,SUCCESS,PMJAY,2026-03-25 08:11:39,2026-03-25 08:11:39
1097,captcha_1097.png,XCDW3N,SUCCESS,PMJAY,2026-03-25 08:31:49,2026-03-25 08:31:49
1098,captcha_1098.png,2C6BGK,SUCCESS,PMJAY,2026-03-25 08:32:04,2026-03-25 08:32:04
1099,captcha_1099.png,333CGE,SUCCESS,PMJAY,2026-03-25 08:32:53,2026-03-25 08:32:53
1100,captcha_1100.png,AEXP4C,SUCCESS,PMJAY,2026-03-25 08:33:02,2026-03-25 08:33:02
1101,captcha_1101.png,6KDBGD,SUCCESS,PMJAY,2026-03-25 08:33:18,2026-03-25 08:33:18
1102,captcha_1102.png,NXKD5W,SUCCESS,PMJAY,2026-03-25 08:33:29,2026-03-25 08:33:29
1103,captcha_1103.png,D8BB3X,SUCCESS,PMJAY,2026-03-25 08:34:41,2026-03-25 08:34:41
1104,captcha_1104.png,8YXCER,SUCCESS,PMJAY,2026-03-25 08:34:52,2026-03-25 08:34:52
1105,captcha_1105.png,RM6873,SUCCESS,PMJAY,2026-03-25 10:02:12,2026-03-25 10:02:12
1106,captcha_1106.png,MA78DR,SUCCESS,PMJAY,2026-03-25 10:02:19,2026-03-25 10:02:19
1107,captcha_1107.png,45KDFC,SUCCESS,PMJAY,2026-03-25 10:32:51,2026-03-25 10:32:51
1108,captcha_1108.png,5PW4RX,SUCCESS,PMJAY,2026-03-25 10:34:29,2026-03-25 10:34:29
1109,captcha_1109.png,CWKWCX,SUCCESS,PMJAY,2026-03-25 10:34:40,2026-03-25 10:34:40
1110,captcha_1110.png,EF4FC2,SUCCESS,PMJAY,2026-03-25 10:35:53,2026-03-25 10:35:53
1111,captcha_1111.png,82WGG3,SUCCESS,PMJAY,2026-03-25 10:36:04,2026-03-25 10:36:04
1112,captcha_1112.png,YG5MDR,SUCCESS,PMJAY,2026-03-25 10:42:31,2026-03-25 10:42:31
1113,captcha_1113.png,54PA8N,SUCCESS,PMJAY,2026-03-25 10:42:39,2026-03-25 10:42:39
1114,captcha_1114.png,CD86C5,SUCCESS,PMJAY,2026-03-25 11:05:08,2026-03-25 11:05:08
1115,captcha_1115.png,MF7HMG,SUCCESS,PMJAY,2026-03-25 11:07:45,2026-03-25 11:07:45
1116,captcha_1116.png,BEPABH,SUCCESS,PMJAY,2026-03-25 11:07:56,2026-03-25 11:07:56
1117,captcha_1117.png,WCC3AD,SUCCESS,PMJAY,2026-03-26 06:12:36,2026-03-26 06:12:36
1118,captcha_1118.png,C46XH2,SUCCESS,PMJAY,2026-03-26 06:12:48,2026-03-26 06:12:48
1119,captcha_1119.png,RPCCKH,SUCCESS,PMJAY,2026-03-26 06:12:51,2026-03-26 06:12:51
1120,captcha_1120.png,6NW224,SUCCESS,PMJAY,2026-03-26 06:13:02,2026-03-26 06:13:02
1121,captcha_1121.png,MFN4AG,SUCCESS,PMJAY,2026-03-26 06:13:41,2026-03-26 06:13:41
1122,captcha_1122.png,BFBWA8,SUCCESS,PMJAY,2026-03-26 06:13:52,2026-03-26 06:13:52
1123,captcha_1123.png,8N45F6,SUCCESS,PMJAY,2026-03-26 06:15:09,2026-03-26 06:15:09
1124,captcha_1124.png,PDGGE6,SUCCESS,PMJAY,2026-03-26 06:16:51,2026-03-26 06:16:51
1125,captcha_1125.png,BD774N,SUCCESS,PMJAY,2026-03-26 06:27:37,2026-03-26 06:27:37
1126,captcha_1126.png,6YND38,SUCCESS,PMJAY,2026-03-26 06:42:21,2026-03-26 06:42:21
1127,captcha_1127.png,CPNRMA,SUCCESS,PMJAY,2026-03-26 06:42:24,2026-03-26 06:42:24
1128,captcha_1128.png,G4DF48,SUCCESS,PMJAY,2026-03-26 06:43:57,2026-03-26 06:43:57
1129,captcha_1129.png,23PYA2,SUCCESS,PMJAY,2026-03-26 07:08:17,2026-03-26 07:08:17
1130,captcha_1130.png,FKY5EK,SUCCESS,PMJAY,2026-03-26 07:09:03,2026-03-26 07:09:03
1131,captcha_1131.png,23PYA2,SUCCESS,PMJAY,2026-03-26 07:11:24,2026-03-26 07:11:24
1132,captcha_1132.png,YC5XM4,SUCCESS,PMJAY,2026-03-26 07:11:29,2026-03-26 07:11:29
1133,captcha_1133.png,FKY5EK,SUCCESS,PMJAY,2026-03-26 07:11:35,2026-03-26 07:11:35
1134,captcha_1134.png,FKY5EK,SUCCESS,PMJAY,2026-03-26 07:11:38,2026-03-26 07:11:38
1135,captcha_1135.png,DA3YYC,SUCCESS,PMJAY,2026-03-26 07:11:41,2026-03-26 07:11:41
1136,captcha_1136.png,HC3734,SUCCESS,PMJAY,2026-03-26 07:12:18,2026-03-26 07:12:18
1137,captcha_1137.png,GHR2EK,SUCCESS,PMJAY,2026-03-26 07:12:22,2026-03-26 07:12:22
1138,captcha_1138.png,GHR2EK,SUCCESS,PMJAY,2026-03-26 07:12:26,2026-03-26 07:12:26
1139,captcha_1139.png,NHWYD3,SUCCESS,PMJAY,2026-03-26 07:12:29,2026-03-26 07:12:29
1140,captcha_1140.png,NHWYD3,SUCCESS,PMJAY,2026-03-26 07:12:32,2026-03-26 07:12:32
1141,captcha_1141.png,H3B52K,SUCCESS,PMJAY,2026-03-26 07:13:18,2026-03-26 07:13:18
1142,captcha_1142.png,H3B52K,SUCCESS,PMJAY,2026-03-26 07:13:22,2026-03-26 07:13:22
1143,captcha_1143.png,GRCW86,SUCCESS,PMJAY,2026-03-26 07:21:17,2026-03-26 07:21:17
1144,captcha_1144.png,P6EYGR,SUCCESS,PMJAY,2026-03-26 07:21:24,2026-03-26 07:21:24
1145,captcha_1145.png,YGRAEH,SUCCESS,PMJAY,2026-03-26 07:21:30,2026-03-26 07:21:30
1146,captcha_1146.png,W77NWG,SUCCESS,PMJAY,2026-03-26 07:21:33,2026-03-26 07:21:33
1147,captcha_1147.png,CRP6R6,SUCCESS,PMJAY,2026-03-26 07:21:52,2026-03-26 07:21:52
1148,captcha_1148.png,YP3KEC,SUCCESS,PMJAY,2026-03-26 07:22:45,2026-03-26 07:22:45
1149,captcha_1149.png,328NYH,SUCCESS,PMJAY,2026-03-26 07:22:59,2026-03-26 07:22:59
1150,captcha_1150.png,XNAX76,SUCCESS,PMJAY,2026-03-26 07:51:02,2026-03-26 07:51:02
1151,captcha_1151.png,35N28W,SUCCESS,PMJAY,2026-03-26 07:51:23,2026-03-26 07:51:23
1152,captcha_1152.png,572AMH,SUCCESS,PMJAY,2026-03-26 07:53:17,2026-03-26 07:53:18
1153,captcha_1153.png,E2D4PF,SUCCESS,PMJAY,2026-03-26 08:08:51,2026-03-26 08:08:51
1154,captcha_1154.png,E2D4PF,SUCCESS,PMJAY,2026-03-26 08:08:55,2026-03-26 08:08:55
1155,captcha_1155.png,KC2EXN,SUCCESS,PMJAY,2026-03-26 08:08:59,2026-03-26 08:08:59
1156,captcha_1156.png,KC2EXN,SUCCESS,PMJAY,2026-03-26 08:09:03,2026-03-26 08:09:03
1157,captcha_1157.png,XMHKP3,SUCCESS,PMJAY,2026-03-26 08:09:24,2026-03-26 08:09:24
1158,captcha_1158.png,XMHKP3,SUCCESS,PMJAY,2026-03-26 08:09:51,2026-03-26 08:09:51
1159,captcha_1159.png,N8NKFB,SUCCESS,PMJAY,2026-03-26 08:09:54,2026-03-26 08:09:54
1160,captcha_1160.png,N3YKX3,SUCCESS,PMJAY,2026-03-26 08:09:58,2026-03-26 08:09:58
1161,captcha_1161.png,N3YKX3,SUCCESS,PMJAY,2026-03-26 08:10:02,2026-03-26 08:10:02
1162,captcha_1162.png,H6G3A4,SUCCESS,PMJAY,2026-03-26 08:10:06,2026-03-26 08:10:06
1163,captcha_1163.png,5HHC4A,SUCCESS,PMJAY,2026-03-26 08:10:51,2026-03-26 08:10:51
1164,captcha_1164.png,5HHC4A,SUCCESS,PMJAY,2026-03-26 08:10:54,2026-03-26 08:10:54
1165,captcha_1165.png,5HHC4A,SUCCESS,PMJAY,2026-03-26 08:10:58,2026-03-26 08:10:58
1166,captcha_1166.png,B54RBN,SUCCESS,PMJAY,2026-03-26 08:11:01,2026-03-26 08:11:01
1167,captcha_1167.png,NMB8RP,SUCCESS,PMJAY,2026-03-26 08:39:31,2026-03-26 08:39:31
1168,captcha_1168.png,875EWW,SUCCESS,PMJAY,2026-03-26 08:40:02,2026-03-26 08:40:02
1169,captcha_1169.png,6N7M3Y,SUCCESS,PMJAY,2026-03-26 08:41:38,2026-03-26 08:41:38
1170,captcha_1170.png,B3XP7M,SUCCESS,PMJAY,2026-03-26 09:07:49,2026-03-26 09:07:49
1171,captcha_1171.png,F5YB6B,SUCCESS,PMJAY,2026-03-26 09:07:58,2026-03-26 09:07:58
1172,captcha_1172.png,MCFXBR,SUCCESS,PMJAY,2026-03-26 09:08:25,2026-03-26 09:08:25
1173,captcha_1173.png,RWE73R,SUCCESS,PMJAY,2026-03-26 09:08:34,2026-03-26 09:08:34
1174,captcha_1174.png,PF28R6,SUCCESS,PMJAY,2026-03-26 09:08:53,2026-03-26 09:08:53
1175,captcha_1175.png,PF28R6,SUCCESS,PMJAY,2026-03-26 09:08:56,2026-03-26 09:08:56
1176,captcha_1176.png,AH2MXE,SUCCESS,PMJAY,2026-03-26 09:09:10,2026-03-26 09:09:10
1177,captcha_1177.png,AH2MXE,SUCCESS,PMJAY,2026-03-26 09:09:14,2026-03-26 09:09:14
1178,captcha_1178.png,2BM6EP,SUCCESS,PMJAY,2026-03-26 09:37:40,2026-03-26 09:37:40
1179,captcha_1179.png,G52FNW,SUCCESS,PMJAY,2026-03-26 09:38:33,2026-03-26 09:38:33
1180,captcha_1180.png,2AEX2A,SUCCESS,PMJAY,2026-03-26 09:39:05,2026-03-26 09:39:05
1181,captcha_1181.png,HRCGEX,SUCCESS,PMJAY,2026-03-26 10:07:26,2026-03-26 10:07:26
1182,captcha_1182.png,282D3X,SUCCESS,PMJAY,2026-03-26 10:08:41,2026-03-26 10:08:41
1183,captcha_1183.png,8WR4BW,SUCCESS,PMJAY,2026-03-26 10:09:01,2026-03-26 10:09:01
1184,captcha_1184.png,MKCW26,SUCCESS,PMJAY,2026-03-26 10:35:43,2026-03-26 10:35:43
1185,captcha_1185.png,RCPK3W,SUCCESS,PMJAY,2026-03-26 10:35:54,2026-03-26 10:35:54
1186,captcha_1186.png,53M543,SUCCESS,PMJAY,2026-03-26 10:35:58,2026-03-26 10:35:58
1187,captcha_1187.png,4KXN6A,SUCCESS,PMJAY,2026-03-26 10:36:02,2026-03-26 10:36:02
1188,captcha_1188.png,4KXN6A,SUCCESS,PMJAY,2026-03-26 10:36:06,2026-03-26 10:36:06
1189,captcha_1189.png,BC582N,SUCCESS,PMJAY,2026-03-26 10:36:43,2026-03-26 10:36:43
1190,captcha_1190.png,WB3WRK,SUCCESS,PMJAY,2026-03-26 10:36:47,2026-03-26 10:36:47
1191,captcha_1191.png,MDFCRK,SUCCESS,PMJAY,2026-03-26 10:36:58,2026-03-26 10:36:58
1192,captcha_1192.png,86MFAH,SUCCESS,PMJAY,2026-03-26 10:37:31,2026-03-26 10:37:31
1193,captcha_1193.png,F7HXN4,SUCCESS,PMJAY,2026-03-26 10:37:42,2026-03-26 10:37:42
1194,captcha_1194.png,I'm unable to process the image for text extraction.,SUCCESS,PMJAY,2026-03-26 11:06:44,2026-03-26 11:06:44
1195,captcha_1195.png,XFCA5W,SUCCESS,PMJAY,2026-03-26 11:06:54,2026-03-26 11:06:54
1196,captcha_1196.png,M4XFE8,SUCCESS,PMJAY,2026-03-26 11:07:32,2026-03-26 11:07:32
1197,captcha_1197.png,MC7NW3,SUCCESS,PMJAY,2026-03-26 11:07:35,2026-03-26 11:07:35
1198,captcha_1198.png,3ABX7Y,SUCCESS,PMJAY,2026-03-26 12:41:02,2026-03-26 12:41:02
1199,captcha_1199.png,8YM6D5,SUCCESS,PMJAY,2026-03-26 12:41:09,2026-03-26 12:41:09
1200,captcha_1200.png,X3XC73,SUCCESS,PMJAY,2026-03-26 12:41:19,2026-03-26 12:41:19
1201,captcha_1201.png,D4YGKR,SUCCESS,PMJAY,2026-03-26 12:41:22,2026-03-26 12:41:22
1202,captcha_1202.png,DEKKPD,SUCCESS,PMJAY,2026-03-26 12:41:25,2026-03-26 12:41:25
1203,captcha_1203.png,NXEDKX,SUCCESS,PMJAY,2026-03-26 12:43:53,2026-03-26 12:43:53
1204,captcha_1204.png,NAAF87,SUCCESS,PMJAY,2026-03-26 12:47:53,2026-03-26 12:47:53
1205,captcha_1205.png,XFGYWC,SUCCESS,PMJAY,2026-03-26 12:48:00,2026-03-26 12:48:00
1206,captcha_1206.png,PR37X4,SUCCESS,PMJAY,2026-03-26 12:48:29,2026-03-26 12:48:29
1207,captcha_1207.png,382DA7,SUCCESS,PMJAY,2026-03-26 13:01:19,2026-03-26 13:01:19
1208,captcha_1208.png,KAGMDY,SUCCESS,PMJAY,2026-03-26 13:05:25,2026-03-26 13:05:25
1209,captcha_1209.png,CMMG82,SUCCESS,PMJAY,2026-03-26 13:05:29,2026-03-26 13:05:29
1210,captcha_1210.png,7FE37P,SUCCESS,PMJAY,2026-03-26 13:09:02,2026-03-26 13:09:02
1211,captcha_1211.png,PWM-A5X,SUCCESS,PMJAY,2026-03-26 13:09:21,2026-03-26 13:09:21
1212,captcha_1212.png,WKEN47,SUCCESS,PMJAY,2026-03-26 13:11:47,2026-03-26 13:11:47
1213,captcha_1213.png,F3EF8N,SUCCESS,PMJAY,2026-03-26 13:11:51,2026-03-26 13:11:51
1214,captcha_1214.png,5HP8AD,SUCCESS,PMJAY,2026-03-26 13:11:59,2026-03-26 13:11:59
1215,captcha_1215.png,8EYHMD,SUCCESS,PMJAY,2026-03-27 06:01:30,2026-03-27 06:01:30
1216,captcha_1216.png,4MARG8,SUCCESS,PMJAY,2026-03-27 06:01:48,2026-03-27 06:01:48
1217,captcha_1217.png,5A7F7R,SUCCESS,PMJAY,2026-03-27 06:02:35,2026-03-27 06:02:35
1218,captcha_1218.png,AD3F62,SUCCESS,PMJAY,2026-03-27 06:02:56,2026-03-27 06:02:56
1219,captcha_1219.png,AYEMHA,SUCCESS,PMJAY,2026-03-27 06:04:32,2026-03-27 06:04:32
1220,captcha_1220.png,WMX3Y7,SUCCESS,PMJAY,2026-03-27 06:04:48,2026-03-27 06:04:48
1221,captcha_1221.png,4AR5MC,SUCCESS,PMJAY,2026-03-27 06:08:53,2026-03-27 06:08:53
1222,captcha_1222.png,CWWRMD,SUCCESS,PMJAY,2026-03-27 06:08:56,2026-03-27 06:08:56
1223,captcha_1223.png,7WNKK3,SUCCESS,PMJAY,2026-03-27 06:15:55,2026-03-27 06:15:55
1224,captcha_1224.png,HX6RBW,SUCCESS,PMJAY,2026-03-27 06:15:59,2026-03-27 06:15:59
1225,captcha_1225.png,Y23Y67,SUCCESS,PMJAY,2026-03-27 06:35:01,2026-03-27 06:35:01
1226,captcha_1226.png,"I'm sorry, I can't assist with that.",SUCCESS,PMJAY,2026-03-27 06:54:23,2026-03-27 06:54:24
1227,captcha_1227.png,NNMA76,SUCCESS,PMJAY,2026-03-27 06:54:27,2026-03-27 06:54:27
1228,captcha_1228.png,E8W8EM,SUCCESS,PMJAY,2026-03-27 06:55:04,2026-03-27 06:55:04
1229,captcha_1229.png,6CNH68,SUCCESS,PMJAY,2026-03-27 07:05:19,2026-03-27 07:05:19
1230,captcha_1230.png,7RB6AM,SUCCESS,PMJAY,2026-03-27 07:20:00,2026-03-27 07:20:00
1231,captcha_1231.png,A2R8MR,SUCCESS,PMJAY,2026-03-27 07:20:04,2026-03-27 07:20:05
1232,captcha_1232.png,RMK3P4,SUCCESS,PMJAY,2026-03-27 07:45:10,2026-03-27 07:45:10
1233,captcha_1233.png,BKWMPE,SUCCESS,PMJAY,2026-03-27 07:45:21,2026-03-27 07:45:21
1234,captcha_1234.png,GFC6R3,SUCCESS,PMJAY,2026-03-27 08:15:31,2026-03-27 08:15:31
1235,captcha_1235.png,5AMHHR,SUCCESS,PMJAY,2026-03-27 08:43:22,2026-03-27 08:43:22
1236,captcha_1236.png,PVWW84W,SUCCESS,PMJAY,2026-03-27 08:43:26,2026-03-27 08:43:26
1237,captcha_1237.png,AMB67W,SUCCESS,PMJAY,2026-03-27 08:43:30,2026-03-27 08:43:30
1238,captcha_1238.png,Y8XABP,SUCCESS,PMJAY,2026-03-27 08:43:36,2026-03-27 08:43:36
1239,captcha_1239.png,G7R2HX,SUCCESS,PMJAY,2026-03-27 08:43:41,2026-03-27 08:43:41
1240,captcha_1240.png,C4D5AR,SUCCESS,PMJAY,2026-03-27 08:48:44,2026-03-27 08:48:44
1241,captcha_1241.png,44NY4Y,SUCCESS,PMJAY,2026-03-27 08:58:16,2026-03-27 08:58:16
1242,captcha_1242.png,7AW4Y6,SUCCESS,PMJAY,2026-03-27 08:58:20,2026-03-27 08:58:20
1243,captcha_1243.png,D4DWEF,SUCCESS,PMJAY,2026-03-27 08:58:24,2026-03-27 08:58:24
1244,captcha_1244.png,GGK2WW,SUCCESS,PMJAY,2026-03-27 08:58:34,2026-03-27 08:58:34
1245,captcha_1245.png,G2YM6E,SUCCESS,PMJAY,2026-03-27 09:55:06,2026-03-27 09:55:06
1246,captcha_1246.png,K57BXM,SUCCESS,PMJAY,2026-03-27 09:56:49,2026-03-27 09:56:49
1247,captcha_1247.png,2N446R,SUCCESS,PMJAY,2026-03-27 09:56:55,2026-03-27 09:56:55
1248,captcha_1248.png,55DHAW,SUCCESS,PMJAY,2026-03-27 09:57:00,2026-03-27 09:57:00
1249,captcha_1249.png,MB3AM3,SUCCESS,PMJAY,2026-03-27 09:57:03,2026-03-27 09:57:03
1250,captcha_1250.png,HRGAHW,SUCCESS,PMJAY,2026-03-27 09:57:07,2026-03-27 09:57:07
1251,captcha_1251.png,XG5EY8,SUCCESS,PMJAY,2026-03-30 05:42:54,2026-03-30 05:42:54
1252,captcha_1252.png,RNWXYH,SUCCESS,PMJAY,2026-03-30 05:43:06,2026-03-30 05:43:07
1253,captcha_1253.png,NX6G4R,SUCCESS,PMJAY,2026-03-30 05:46:54,2026-03-30 05:46:55
1254,captcha_1254.png,Y4MRNW,SUCCESS,PMJAY,2026-03-30 05:47:06,2026-03-30 05:47:06
1255,captcha_1255.png,7EBEDX,SUCCESS,PMJAY,2026-03-30 05:47:11,2026-03-30 05:47:11
1256,captcha_1256.png,XM82AE,SUCCESS,PMJAY,2026-03-30 05:47:22,2026-03-30 05:47:22
1257,captcha_1257.png,Y4CNP6,SUCCESS,PMJAY,2026-03-30 06:04:12,2026-03-30 06:04:13
1258,captcha_1258.png,X65Y5C,SUCCESS,PMJAY,2026-03-30 06:04:17,2026-03-30 06:04:17
1259,captcha_1259.png,B547W7,SUCCESS,PMJAY,2026-03-30 06:04:21,2026-03-30 06:04:21
1260,captcha_1260.png,H3MNRP,SUCCESS,PMJAY,2026-03-30 06:04:24,2026-03-30 06:04:24
1261,captcha_1261.png,N7CW2F,SUCCESS,PMJAY,2026-03-30 06:04:32,2026-03-30 06:04:32
1262,captcha_1262.png,FCAAMR,SUCCESS,PMJAY,2026-03-30 06:05:44,2026-03-30 06:05:44
1263,captcha_1263.png,2B4XNF,SUCCESS,PMJAY,2026-03-30 06:05:52,2026-03-30 06:05:52
1264,captcha_1264.png,HGE247,SUCCESS,PMJAY,2026-03-30 06:34:13,2026-03-30 06:34:13
1265,captcha_1265.png,RF3K32,SUCCESS,PMJAY,2026-03-30 06:34:59,2026-03-30 06:34:59
1266,captcha_1266.png,H6H24C,SUCCESS,PMJAY,2026-03-30 06:35:33,2026-03-30 06:35:33
1267,captcha_1267.png,MF2XFY,SUCCESS,PMJAY,2026-03-30 07:05:27,2026-03-30 07:05:27
1268,captcha_1268.png,5NNEFX,SUCCESS,PMJAY,2026-03-30 07:05:40,2026-03-30 07:05:40
1269,captcha_1269.png,GK8Y3M,SUCCESS,PMJAY,2026-03-30 07:06:02,2026-03-30 07:06:02
1270,captcha_1270.png,E576NC,SUCCESS,PMJAY,2026-03-30 07:35:50,2026-03-30 07:35:50
1271,captcha_1271.png,AEA6PN,SUCCESS,PMJAY,2026-03-30 07:35:55,2026-03-30 07:35:55
1272,captcha_1272.png,6KEKDP,SUCCESS,PMJAY,2026-03-30 07:36:51,2026-03-30 07:36:51
1273,captcha_1273.png,N64CCB,SUCCESS,PMJAY,2026-03-30 08:05:54,2026-03-30 08:05:54
1274,captcha_1274.png,Y4RPP7,SUCCESS,PMJAY,2026-03-30 08:06:24,2026-03-30 08:06:24
1275,captcha_1275.png,FWFNCE,SUCCESS,PMJAY,2026-03-30 08:06:47,2026-03-30 08:06:47
1276,captcha_1276.png,62P6YE,SUCCESS,PMJAY,2026-03-30 08:18:09,2026-03-30 08:18:09
1277,captcha_1277.png,66CX8R,SUCCESS,PMJAY,2026-03-30 08:19:07,2026-03-30 08:19:07
1278,captcha_1278.png,CBPG7N,SUCCESS,PMJAY,2026-03-30 08:19:11,2026-03-30 08:19:12
1279,captcha_1279.png,MDDF5W,SUCCESS,PMJAY,2026-03-30 08:19:15,2026-03-30 08:19:16
1280,captcha_1280.png,3MPEK7,SUCCESS,PMJAY,2026-03-30 08:19:23,2026-03-30 08:19:23
1281,captcha_1281.png,66CX8R,SUCCESS,PMJAY,2026-03-30 08:46:34,2026-03-30 08:46:34
1282,captcha_1282.png,CRC4CD,SUCCESS,PMJAY,2026-03-30 08:50:33,2026-03-30 08:50:33
1283,captcha_1283.png,GG48N,SUCCESS,PMJAY,2026-03-30 08:50:43,2026-03-30 08:50:43
1284,captcha_1284.png,CRC4CD,SUCCESS,PMJAY,2026-03-30 08:51:20,2026-03-30 08:51:20
1285,captcha_1285.png,66CX8R,SUCCESS,PMJAY,2026-03-30 08:53:56,2026-03-30 08:53:56
1286,captcha_1286.png,CRC4CD,SUCCESS,PMJAY,2026-03-30 08:54:55,2026-03-30 08:54:55
1287,captcha_1287.png,66CX8R,SUCCESS,PMJAY,2026-03-30 08:57:58,2026-03-30 08:57:58
1288,captcha_1288.png,CRC4CD,SUCCESS,PMJAY,2026-03-30 08:58:55,2026-03-30 08:58:55
1289,captcha_1289.png,68N4AH,SUCCESS,PMJAY,2026-03-30 09:58:14,2026-03-30 09:58:14
1290,captcha_1290.png,5DHHR3,SUCCESS,PMJAY,2026-03-30 09:58:18,2026-03-30 09:58:18
1291,captcha_1291.png,8K7AH,SUCCESS,PMJAY,2026-03-30 09:58:26,2026-03-30 09:58:26
1292,captcha_1292.png,AKRDFB,SUCCESS,PMJAY,2026-03-30 09:58:29,2026-03-30 09:58:29
1293,captcha_1293.png,PD5RR3,SUCCESS,PMJAY,2026-03-30 09:58:36,2026-03-30 09:58:36
1294,captcha_1294.png,RR58CC,SUCCESS,PMJAY,2026-03-30 09:59:13,2026-03-30 09:59:13
1295,captcha_1295.png,RFHG2K,SUCCESS,PMJAY,2026-03-30 09:59:24,2026-03-30 09:59:24
1296,captcha_1296.png,H7YYKA,SUCCESS,PMJAY,2026-03-30 09:59:45,2026-03-30 09:59:46
1297,captcha_1297.png,22FXN4,SUCCESS,PMJAY,2026-03-30 10:03:30,2026-03-30 10:03:30
1298,captcha_1298.png,XF3E7H,SUCCESS,PMJAY,2026-03-30 10:07:06,2026-03-30 10:07:06
1299,captcha_1299.png,PWX2X3,SUCCESS,PMJAY,2026-03-30 10:11:20,2026-03-30 10:11:20
1300,captcha_1300.png,NNM3B8,SUCCESS,PMJAY,2026-03-30 10:23:31,2026-03-30 10:23:31
1301,captcha_1301.png,XP8DYH,SUCCESS,PMJAY,2026-03-30 10:28:40,2026-03-30 10:28:40
1302,captcha_1302.png,XP8DYH,SUCCESS,PMJAY,2026-03-30 10:28:44,2026-03-30 10:28:44
1303,captcha_1303.png,BGF7C2,SUCCESS,PMJAY,2026-03-30 10:29:47,2026-03-30 10:29:47
1304,captcha_1304.png,2PWAGE,SUCCESS,PMJAY,2026-03-30 10:42:42,2026-03-30 10:42:42
1305,captcha_1305.png,RWFA82,SUCCESS,PMJAY,2026-03-30 10:42:47,2026-03-30 10:42:47
1306,captcha_1306.png,6HKYDE,SUCCESS,PMJAY,2026-03-30 10:42:55,2026-03-30 10:42:55
1307,captcha_1307.png,BRA7GY,SUCCESS,PMJAY,2026-03-30 10:44:58,2026-03-30 10:44:58
1308,captcha_1308.png,k32684,SUCCESS,PMJAY,2026-03-30 10:45:05,2026-03-30 10:45:05
1309,captcha_1309.png,66RBNG,SUCCESS,PMJAY,2026-03-30 10:45:27,2026-03-30 10:45:27
1310,captcha_1310.png,NM3PX5,SUCCESS,PMJAY,2026-03-30 10:45:40,2026-03-30 10:45:40
1311,captcha_1311.png,BR36K2,SUCCESS,PMJAY,2026-03-30 10:45:48,2026-03-30 10:45:48
1312,captcha_1312.png,CW8B6C,SUCCESS,PMJAY,2026-03-30 10:46:39,2026-03-30 10:46:39
1313,captcha_1313.png,CW8B6C,SUCCESS,PMJAY,2026-03-30 10:46:42,2026-03-30 10:46:42
1314,captcha_1314.png,RH62DW,SUCCESS,PMJAY,2026-03-30 10:46:47,2026-03-30 10:46:48
1315,captcha_1315.png,RH62DW,SUCCESS,PMJAY,2026-03-30 10:46:51,2026-03-30 10:46:51
1316,captcha_1316.png,8Y2YWM,SUCCESS,PMJAY,2026-03-30 10:46:55,2026-03-30 10:46:55
1317,captcha_1317.png,KANHXR,SUCCESS,PMJAY,2026-03-30 10:47:39,2026-03-30 10:47:39
1318,captcha_1318.png,FEEAW6,SUCCESS,PMJAY,2026-03-30 10:47:47,2026-03-30 10:47:47
1319,captcha_1319.png,WKGG26,SUCCESS,PMJAY,2026-03-30 10:57:23,2026-03-30 10:57:24
1320,captcha_1320.png,2BGXXC,SUCCESS,PMJAY,2026-03-30 10:57:32,2026-03-30 10:57:32
1321,captcha_1321.png,CWERP8,SUCCESS,PMJAY,2026-03-30 10:57:36,2026-03-30 10:57:36
1322,captcha_1322.png,4MAG3W,SUCCESS,PMJAY,2026-03-30 10:57:48,2026-03-30 10:57:48
1323,captcha_1323.png,5KDAH6,SUCCESS,PMJAY,2026-03-31 17:14:49,2026-03-31 17:14:49
1324,captcha_1324.png,FD5E3Y,SUCCESS,PMJAY,2026-03-31 17:15:00,2026-03-31 17:15:00
1325,captcha_1325.png,48MWPF,SUCCESS,PMJAY,2026-03-31 17:15:59,2026-03-31 17:15:59
1326,captcha_1326.png,WHAK54,SUCCESS,PMJAY,2026-03-31 17:16:11,2026-03-31 17:16:11
1327,captcha_1327.png,28RPAF,SUCCESS,PMJAY,2026-03-31 17:17:14,2026-03-31 17:17:14
1328,captcha_1328.png,YK36B6,SUCCESS,PMJAY,2026-03-31 17:17:18,2026-03-31 17:17:18
1329,captcha_1329.png,E57RK6,SUCCESS,PMJAY,2026-03-31 17:17:24,2026-03-31 17:17:24
1330,captcha_1330.png,XENERK,SUCCESS,PMJAY,2026-03-31 17:24:28,2026-03-31 17:24:28
1331,captcha_1331.png,PBGM5E,SUCCESS,PMJAY,2026-03-31 17:44:29,2026-03-31 17:44:29
1332,captcha_1332.png,2C6CR3,SUCCESS,PMJAY,2026-03-31 17:45:52,2026-03-31 17:45:52
1333,captcha_1333.png,C36GGH,SUCCESS,PMJAY,2026-04-01 04:03:16,2026-04-01 04:03:16
1334,captcha_1334.png,PYNPXK,SUCCESS,PMJAY,2026-04-01 05:04:43,2026-04-01 05:04:43
1335,captcha_1335.png,7NH2F7,SUCCESS,PMJAY,2026-04-01 05:04:57,2026-04-01 05:04:57
1336,captcha_1336.png,ANW2XB,SUCCESS,PMJAY,2026-04-01 05:05:05,2026-04-01 05:05:05
1337,captcha_1337.png,HYPMW2,SUCCESS,PMJAY,2026-04-01 05:05:37,2026-04-01 05:05:37
1338,captcha_1338.png,DNXWAY,SUCCESS,PMJAY,2026-04-01 05:05:45,2026-04-01 05:05:45
1339,captcha_1339.png,8XR264,SUCCESS,PMJAY,2026-04-01 05:35:30,2026-04-01 05:35:30
1340,captcha_1340.png,G722DH,SUCCESS,PMJAY,2026-04-01 05:36:32,2026-04-01 05:36:32
1341,captcha_1341.png,64MY6R,SUCCESS,PMJAY,2026-04-01 06:05:41,2026-04-01 06:05:41
1342,captcha_1342.png,CGX5NK,SUCCESS,PMJAY,2026-04-01 06:06:33,2026-04-01 06:06:33
1343,captcha_1343.png,4PB3B2,SUCCESS,PMJAY,2026-04-01 06:12:59,2026-04-01 06:12:59
1344,captcha_1344.png,CXWMBE,SUCCESS,PMJAY,2026-04-01 06:13:12,2026-04-01 06:13:12
1345,captcha_1345.png,EPXY78,SUCCESS,PMJAY,2026-04-01 06:35:22,2026-04-01 06:35:22
1346,captcha_1346.png,6WR2YM,SUCCESS,PMJAY,2026-04-01 06:35:32,2026-04-01 06:35:32
1347,captcha_1347.png,NCR652,SUCCESS,PMJAY,2026-04-01 06:36:51,2026-04-01 06:36:51
1348,captcha_1348.png,C3PY37,SUCCESS,PMJAY,2026-04-01 06:41:36,2026-04-01 06:41:36
1349,captcha_1349.png,M8A542,SUCCESS,PMJAY,2026-04-01 06:42:04,2026-04-01 06:42:04
1350,captcha_1350.png,CN58DC,SUCCESS,PMJAY,2026-04-01 07:05:19,2026-04-01 07:05:20
1351,captcha_1351.png,2EWM84,SUCCESS,PMJAY,2026-04-01 07:06:27,2026-04-01 07:06:28
1352,captcha_1352.png,HX34AP,SUCCESS,PMJAY,2026-04-01 07:11:38,2026-04-01 07:11:38
1353,captcha_1353.png,3R7NA2,SUCCESS,PMJAY,2026-04-01 07:15:54,2026-04-01 07:15:54
1354,captcha_1354.png,CREG5B,SUCCESS,PMJAY,2026-04-01 07:17:21,2026-04-01 07:17:21
1355,captcha_1355.png,MXEEYF,SUCCESS,PMJAY,2026-04-01 07:17:26,2026-04-01 07:17:26
1356,captcha_1356.png,RG7GK5,SUCCESS,PMJAY,2026-04-01 07:17:37,2026-04-01 07:17:37
1357,captcha_1357.png,M7755G,SUCCESS,PMJAY,2026-04-01 07:17:58,2026-04-01 07:17:59
1358,captcha_1358.png,P5EKGP,SUCCESS,PMJAY,2026-04-01 07:18:06,2026-04-01 07:18:06
1359,captcha_1359.png,4BA8AH,SUCCESS,PMJAY,2026-04-01 07:41:43,2026-04-01 07:41:43
1360,captcha_1360.png,KCXDF5,SUCCESS,PMJAY,2026-04-01 07:47:48,2026-04-01 07:47:48
1361,captcha_1361.png,C2XXF7,SUCCESS,PMJAY,2026-04-01 07:48:12,2026-04-01 07:48:12
1362,captcha_1362.png,HCHAK3,SUCCESS,PMJAY,2026-04-01 08:12:56,2026-04-01 08:12:56
1363,captcha_1363.png,GCAK6X,SUCCESS,PMJAY,2026-04-01 08:17:56,2026-04-01 08:17:57
1364,captcha_1364.png,BDFP6D,SUCCESS,PMJAY,2026-04-01 08:18:56,2026-04-01 08:18:56
1365,captcha_1365.png,3XAN6D,SUCCESS,PMJAY,2026-04-01 08:43:29,2026-04-01 08:43:29
1366,captcha_1366.png,KH338X,SUCCESS,PMJAY,2026-04-01 08:48:44,2026-04-01 08:48:44
1367,captcha_1367.png,8DCY64,SUCCESS,PMJAY,2026-04-01 08:49:26,2026-04-01 08:49:26
1368,captcha_1368.png,YPEB75,SUCCESS,PMJAY,2026-04-01 08:55:00,2026-04-01 08:55:00
1369,captcha_1369.png,CRR3X8,SUCCESS,PMJAY,2026-04-01 08:55:15,2026-04-01 08:55:15
1370,captcha_1370.png,D2BKKF,SUCCESS,PMJAY,2026-04-01 10:20:15,2026-04-01 10:20:15
1371,captcha_1371.png,EEGYME,SUCCESS,PMJAY,2026-04-01 10:20:27,2026-04-01 10:20:27
1372,captcha_1372.png,3CDGGR,SUCCESS,PMJAY,2026-04-01 10:21:00,2026-04-01 10:21:00
1373,captcha_1373.png,MEDBHW,SUCCESS,PMJAY,2026-04-01 10:21:30,2026-04-01 10:21:30
1374,captcha_1374.png,EFWR43,SUCCESS,PMJAY,2026-04-01 10:21:38,2026-04-01 10:21:38
1375,captcha_1375.png,275HRP,SUCCESS,PMJAY,2026-04-01 10:24:25,2026-04-01 10:24:25
1376,captcha_1376.png,57NKED,SUCCESS,PMJAY,2026-04-01 10:24:39,2026-04-01 10:24:39
1377,captcha_1377.png,BY8F3P,SUCCESS,PMJAY,2026-04-01 10:24:43,2026-04-01 10:24:43
1378,captcha_1378.png,K755B6,SUCCESS,PMJAY,2026-04-01 10:25:07,2026-04-01 10:25:07
1379,captcha_1379.png,KGDN8F,SUCCESS,PMJAY,2026-04-01 10:40:24,2026-04-01 10:40:24
1380,captcha_1380.png,YBRR3M,SUCCESS,PMJAY,2026-04-01 10:40:32,2026-04-01 10:40:32
1381,captcha_1381.png,KA7BWR,SUCCESS,PMJAY,2026-04-01 10:50:40,2026-04-01 10:50:40
1382,captcha_1382.png,WFCHRN,SUCCESS,PMJAY,2026-04-01 10:55:04,2026-04-01 10:55:04
1383,captcha_1383.png,A5X2CA,SUCCESS,PMJAY,2026-04-01 10:55:35,2026-04-01 10:55:35
1384,captcha_1384.png,58A77B,SUCCESS,PMJAY,2026-04-01 10:55:48,2026-04-01 10:55:48
1385,captcha_1385.png,MWDK8N,SUCCESS,PMJAY,2026-04-01 11:00:15,2026-04-01 11:00:15
1386,captcha_1386.png,KDA6NG,SUCCESS,PMJAY,2026-04-01 11:06:59,2026-04-01 11:06:59
1387,captcha_1387.png,FR5CB6,SUCCESS,PMJAY,2026-04-01 11:07:07,2026-04-01 11:07:07
1388,captcha_1388.png,FM5FHP,SUCCESS,PMJAY,2026-04-01 11:10:18,2026-04-01 11:10:18
1389,captcha_1389.png,MGEWHD,SUCCESS,PMJAY,2026-04-01 11:20:41,2026-04-01 11:20:41
1390,captcha_1390.png,2FYE6C,SUCCESS,PMJAY,2026-04-01 11:33:58,2026-04-01 11:33:58
1391,captcha_1391.png,6253KY,SUCCESS,PMJAY,2026-04-02 04:02:43,2026-04-02 04:02:43
1392,captcha_1392.png,26YRFW,SUCCESS,PMJAY,2026-04-02 04:02:47,2026-04-02 04:02:47
1393,captcha_1393.png,M86HNP,SUCCESS,PMJAY,2026-04-02 04:02:56,2026-04-02 04:02:56
1394,captcha_1394.png,NNK4NM,SUCCESS,PMJAY,2026-04-02 04:03:01,2026-04-02 04:03:01
1395,captcha_1395.png,AAG4X4,SUCCESS,PMJAY,2026-04-02 04:06:11,2026-04-02 04:06:11
1396,captcha_1396.png,WHNYMF,SUCCESS,PMJAY,2026-04-02 04:06:22,2026-04-02 04:06:22
1397,captcha_1397.png,CXEWHD,SUCCESS,PMJAY,2026-04-02 04:08:44,2026-04-02 04:08:44
1398,captcha_1398.png,Y2YK73,SUCCESS,PMJAY,2026-04-02 04:14:33,2026-04-02 04:14:33
1399,captcha_1399.png,H3NW64,SUCCESS,PMJAY,2026-04-02 04:14:39,2026-04-02 04:14:39
1400,captcha_1400.png,Y5EBCH,SUCCESS,PMJAY,2026-04-02 04:29:25,2026-04-02 04:29:25
1401,captcha_1401.png,KM6BCR,SUCCESS,PMJAY,2026-04-02 04:29:29,2026-04-02 04:29:29
1402,captcha_1402.png,584CDC,SUCCESS,PMJAY,2026-04-02 04:29:33,2026-04-02 04:29:33
1403,captcha_1403.png,HMHCWG,SUCCESS,PMJAY,2026-04-02 04:29:47,2026-04-02 04:29:47
1404,captcha_1404.png,CMWRKD,SUCCESS,PMJAY,2026-04-02 04:33:51,2026-04-02 04:33:51
1405,captcha_1405.png,HBAF34,SUCCESS,PMJAY,2026-04-02 04:35:21,2026-04-02 04:35:22
1406,captcha_1406.png,YAB8D2,SUCCESS,PMJAY,2026-04-02 04:38:04,2026-04-02 04:38:04
1407,captcha_1407.png,ACBDGF,SUCCESS,PMJAY,2026-04-02 04:38:16,2026-04-02 04:38:16
1408,captcha_1408.png,XFCXYR,SUCCESS,PMJAY,2026-04-02 04:40:30,2026-04-02 04:40:30
1409,captcha_1409.png,6C8MD4,SUCCESS,PMJAY,2026-04-02 04:41:08,2026-04-02 04:41:08
1410,captcha_1410.png,Y88RHN,SUCCESS,PMJAY,2026-04-02 04:42:05,2026-04-02 04:42:05
1411,captcha_1411.png,RPW83R,SUCCESS,PMJAY,2026-04-02 04:42:26,2026-04-02 04:42:26
1412,captcha_1412.png,P8YP74,SUCCESS,PMJAY,2026-04-02 04:42:31,2026-04-02 04:42:31
1413,captcha_1413.png,62HNC4,SUCCESS,PMJAY,2026-04-02 04:46:09,2026-04-02 04:46:09
1414,captcha_1414.png,42WW3F,SUCCESS,PMJAY,2026-04-02 04:46:30,2026-04-02 04:46:30
1415,captcha_1415.png,XB7M6M,SUCCESS,PMJAY,2026-04-02 04:54:46,2026-04-02 04:54:46
1416,captcha_1416.png,2PP4XE,SUCCESS,PMJAY,2026-04-02 04:55:27,2026-04-02 04:55:27
1417,captcha_1417.png,X227YH,SUCCESS,PMJAY,2026-04-02 04:59:48,2026-04-02 04:59:48
1418,captcha_1418.png,3EDG2W,SUCCESS,PMJAY,2026-04-02 04:59:53,2026-04-02 04:59:53
1419,captcha_1419.png,PPFG64,SUCCESS,PMJAY,2026-04-02 05:00:43,2026-04-02 05:00:44
1420,captcha_1420.png,RRDCRG,SUCCESS,PMJAY,2026-04-02 05:00:47,2026-04-02 05:00:47
1421,captcha_1421.png,3EDG2W,SUCCESS,PMJAY,2026-04-02 05:00:53,2026-04-02 05:00:53
1422,captcha_1422.png,X227YH,SUCCESS,PMJAY,2026-04-02 05:00:57,2026-04-02 05:00:57
1423,captcha_1423.png,PX8HD3,SUCCESS,PMJAY,2026-04-02 05:03:37,2026-04-02 05:03:37
1424,captcha_1424.png,7E8E6K,SUCCESS,PMJAY,2026-04-02 05:04:40,2026-04-02 05:04:40
1425,captcha_1425.png,7E8E6K,SUCCESS,PMJAY,2026-04-02 05:04:45,2026-04-02 05:04:45
1426,captcha_1426.png,7E8E6K,SUCCESS,PMJAY,2026-04-02 05:06:15,2026-04-02 05:06:15
1427,captcha_1427.png,MWCYFW,SUCCESS,PMJAY,2026-04-02 05:07:28,2026-04-02 05:07:28
1428,captcha_1428.png,3EDG2W,SUCCESS,PMJAY,2026-04-02 05:07:48,2026-04-02 05:07:48
1429,captcha_1429.png,3EDG2W,SUCCESS,PMJAY,2026-04-02 05:10:48,2026-04-02 05:10:48
1430,captcha_1430.png,3EDG2W,SUCCESS,PMJAY,2026-04-02 05:13:53,2026-04-02 05:13:53
1431,captcha_1431.png,2NW6FF,SUCCESS,PMJAY,2026-04-02 05:14:20,2026-04-02 05:14:20
1432,captcha_1432.png,2NW6FF,SUCCESS,PMJAY,2026-04-02 05:17:14,2026-04-02 05:17:14
1433,captcha_1433.png,2NW6FF,SUCCESS,PMJAY,2026-04-02 05:20:34,2026-04-02 05:20:34
1434,captcha_1434.png,Y86DHK,SUCCESS,PMJAY,2026-04-02 05:20:54,2026-04-02 05:20:54
1435,captcha_1435.png,22DW63,SUCCESS,PMJAY,2026-04-02 05:33:14,2026-04-02 05:33:14
1436,captcha_1436.png,C4N665,SUCCESS,PMJAY,2026-04-02 05:37:43,2026-04-02 05:37:43
1437,captcha_1437.png,GHE8M3,SUCCESS,PMJAY,2026-04-02 05:51:35,2026-04-02 05:51:35
1438,captcha_1438.png,KGGM4D,SUCCESS,PMJAY,2026-04-02 06:02:36,2026-04-02 06:02:36
1439,captcha_1439.png,HBGCB7,SUCCESS,PMJAY,2026-04-02 06:06:39,2026-04-02 06:06:39
1440,captcha_1440.png,BXCPYM,SUCCESS,PMJAY,2026-04-02 06:06:57,2026-04-02 06:06:57
1441,captcha_1441.png,6NPWY4,SUCCESS,PMJAY,2026-04-02 06:07:06,2026-04-02 06:07:06
1442,captcha_1442.png,4AENDK,SUCCESS,PMJAY,2026-04-02 06:08:16,2026-04-02 06:08:16
1443,captcha_1443.png,3EF26E,SUCCESS,PMJAY,2026-04-02 06:22:05,2026-04-02 06:22:05
1444,captcha_1444.png,KN8AAD,SUCCESS,PMJAY,2026-04-02 06:33:03,2026-04-02 06:33:03
1445,captcha_1445.png,E G H B 8 E,SUCCESS,PMJAY,2026-04-02 06:37:59,2026-04-02 06:38:00
1446,captcha_1446.png,PF6E2N,SUCCESS,PMJAY,2026-04-02 06:52:01,2026-04-02 06:52:01
1447,captcha_1447.png,F4EDN2,SUCCESS,PMJAY,2026-04-02 07:03:02,2026-04-02 07:03:03
1448,captcha_1448.png,E88C5X,SUCCESS,PMJAY,2026-04-02 07:08:32,2026-04-02 07:08:32
1449,captcha_1449.png,MN5GD5,SUCCESS,PMJAY,2026-04-02 07:14:48,2026-04-02 07:14:48
1450,captcha_1450.png,5N28MD,SUCCESS,PMJAY,2026-04-02 07:14:54,2026-04-02 07:14:54
1451,captcha_1451.png,MCPYWY,SUCCESS,PMJAY,2026-04-02 07:15:02,2026-04-02 07:15:02
1452,captcha_1452.png,WDMGHY,SUCCESS,PMJAY,2026-04-02 07:28:59,2026-04-02 07:28:59
1453,captcha_1453.png,HPFD6M,SUCCESS,PMJAY,2026-04-02 07:29:07,2026-04-02 07:29:07
1454,captcha_1454.png,2BMN7C,SUCCESS,PMJAY,2026-04-02 07:29:22,2026-04-02 07:29:22
1455,captcha_1455.png,KHR4DE,SUCCESS,PMJAY,2026-04-02 07:29:33,2026-04-02 07:29:33
1456,captcha_1456.png,HYXFAM,SUCCESS,PMJAY,2026-04-02 07:38:19,2026-04-02 07:38:19
1457,captcha_1457.png,HYXFAM,SUCCESS,PMJAY,2026-04-02 07:41:13,2026-04-02 07:41:13
1458,captcha_1458.png,HYXFAM,SUCCESS,PMJAY,2026-04-02 07:44:13,2026-04-02 07:44:13
1459,captcha_1459.png,G48YME,SUCCESS,PMJAY,2026-04-02 07:47:09,2026-04-02 07:47:09
1460,captcha_1460.png,G48YME,SUCCESS,PMJAY,2026-04-02 07:50:02,2026-04-02 07:50:03
1461,captcha_1461.png,KDECP7,SUCCESS,PMJAY,2026-04-02 07:59:16,2026-04-02 07:59:16
1462,captcha_1462.png,2242AR,SUCCESS,PMJAY,2026-04-02 08:15:46,2026-04-02 08:15:46
1463,captcha_1463.png,82B5BN,SUCCESS,PMJAY,2026-04-02 08:15:54,2026-04-02 08:15:54
1464,captcha_1464.png,HH284R,SUCCESS,PMJAY,2026-04-02 08:29:14,2026-04-02 08:29:14
1465,captcha_1465.png,5A4EEM,SUCCESS,PMJAY,2026-04-02 08:29:33,2026-04-02 08:29:33
1466,captcha_1466.png,HA3KCG,SUCCESS,PMJAY,2026-04-02 10:18:28,2026-04-02 10:18:28
1467,captcha_1467.png,HA3KCG,SUCCESS,PMJAY,2026-04-02 10:18:32,2026-04-02 10:18:32
1468,captcha_1468.png,8D4XA3,SUCCESS,PMJAY,2026-04-02 10:18:36,2026-04-02 10:18:36
1469,captcha_1469.png,MRDM2K,SUCCESS,PMJAY,2026-04-02 10:18:41,2026-04-02 10:18:41
1470,captcha_1470.png,X4CYPD,SUCCESS,PMJAY,2026-04-02 10:18:45,2026-04-02 10:18:45
1471,captcha_1471.png,X4CYPD,SUCCESS,PMJAY,2026-04-02 10:19:29,2026-04-02 10:19:29
1472,captcha_1472.png,EEDR8M,SUCCESS,PMJAY,2026-04-02 10:19:33,2026-04-02 10:19:33
1473,captcha_1473.png,3EWC2K,SUCCESS,PMJAY,2026-04-02 10:19:38,2026-04-02 10:19:38
1474,captcha_1474.png,8X4FY8,SUCCESS,PMJAY,2026-04-02 10:19:46,2026-04-02 10:19:46
1475,captcha_1475.png,NW2N3A,SUCCESS,PMJAY,2026-04-02 10:48:48,2026-04-02 10:48:48
1476,captcha_1476.png,PKBHFP,SUCCESS,PMJAY,2026-04-02 10:49:57,2026-04-02 10:49:57
1477,captcha_1477.png,5YHY4X,SUCCESS,PMJAY,2026-04-02 10:50:04,2026-04-02 10:50:04
1478,captcha_1478.png,KHHBKE,SUCCESS,PMJAY,2026-04-02 10:50:19,2026-04-02 10:50:19
1479,captcha_1479.png,NYN6GD,SUCCESS,PMJAY,2026-04-02 11:18:32,2026-04-02 11:18:32
1480,captcha_1480.png,DP362R,SUCCESS,PMJAY,2026-04-02 11:35:26,2026-04-02 11:35:26
1481,captcha_1481.png,PNYAHF,SUCCESS,PMJAY,2026-04-02 11:35:55,2026-04-02 11:35:55
1482,captcha_1482.png,PNYAHF,SUCCESS,PMJAY,2026-04-02 11:38:48,2026-04-02 11:38:48
1483,captcha_1483.png,PNYAHF,SUCCESS,PMJAY,2026-04-02 11:41:49,2026-04-02 11:41:49
1484,captcha_1484.png,PNYAHF,SUCCESS,PMJAY,2026-04-02 11:44:55,2026-04-02 11:44:55
1485,captcha_1485.png,PNYAHF,SUCCESS,PMJAY,2026-04-02 11:47:54,2026-04-02 11:47:54
1486,captcha_1486.png,R4GF3B,SUCCESS,PMJAY,2026-04-02 11:48:31,2026-04-02 11:48:32
1487,captcha_1487.png,PNYAHF,SUCCESS,PMJAY,2026-04-02 11:50:54,2026-04-02 11:50:54
1488,captcha_1488.png,PNYAHF,SUCCESS,PMJAY,2026-04-02 11:53:50,2026-04-02 11:53:50
1489,captcha_1489.png,PNYAHF,SUCCESS,PMJAY,2026-04-02 11:56:57,2026-04-02 11:56:57
1490,captcha_1490.png,PNYAHF,SUCCESS,PMJAY,2026-04-02 11:59:54,2026-04-02 11:59:54
1491,captcha_1491.png,PNYAHF,SUCCESS,PMJAY,2026-04-02 12:05:44,2026-04-02 12:05:44
1492,captcha_1492.png,4X4BX7,SUCCESS,PMJAY,2026-04-02 12:07:01,2026-04-02 12:07:01
1493,captcha_1493.png,G8C82K,SUCCESS,PMJAY,2026-04-02 12:07:08,2026-04-02 12:07:08
1494,captcha_1494.png,2566CD,SUCCESS,PMJAY,2026-04-02 12:07:16,2026-04-02 12:07:16
1495,captcha_1495.png,G8C82K,SUCCESS,PMJAY,2026-04-02 12:07:28,2026-04-02 12:07:28
1496,captcha_1496.png,757MRX,SUCCESS,PMJAY,2026-04-02 12:18:20,2026-04-02 12:18:20
1497,captcha_1497.png,WBM2YN,SUCCESS,PMJAY,2026-04-02 12:26:15,2026-04-02 12:26:15
1498,captcha_1498.png,WBM2YN,SUCCESS,PMJAY,2026-04-02 12:29:10,2026-04-02 12:29:10
1499,captcha_1499.png,58N7DP,SUCCESS,PMJAY,2026-04-02 12:29:59,2026-04-02 12:29:59
1500,captcha_1500.png,5EXAE,SUCCESS,PMJAY,2026-04-02 12:30:08,2026-04-02 12:30:08
1501,captcha_1501.png,WBM2YN,SUCCESS,PMJAY,2026-04-02 12:30:15,2026-04-02 12:30:16
1502,captcha_1502.png,CNAAXB,SUCCESS,PMJAY,2026-04-02 12:30:28,2026-04-02 12:30:28
1503,captcha_1503.png,BNRN24,SUCCESS,PMJAY,2026-04-02 12:31:40,2026-04-02 12:31:40
1504,captcha_1504.png,CNAAXB,SUCCESS,PMJAY,2026-04-02 12:31:47,2026-04-02 12:31:47
1505,captcha_1505.png,W2G7M8,SUCCESS,PMJAY,2026-04-02 12:31:55,2026-04-02 12:31:55
1506,captcha_1506.png,CNAAXB,SUCCESS,PMJAY,2026-04-02 12:32:12,2026-04-02 12:32:12
1507,captcha_1507.png,4KAPE3,SUCCESS,PMJAY,2026-04-02 12:32:30,2026-04-02 12:32:31
1508,captcha_1508.png,2KP32M,SUCCESS,PMJAY,2026-04-02 12:32:40,2026-04-02 12:32:40
1509,captcha_1509.png,4KAPE3,SUCCESS,PMJAY,2026-04-02 12:32:49,2026-04-02 12:32:49
1510,captcha_1510.png,32CY6D,SUCCESS,PMJAY,2026-04-02 12:36:46,2026-04-02 12:36:46
1511,captcha_1511.png,58PRR4,SUCCESS,PMJAY,2026-04-02 12:48:35,2026-04-02 12:48:35
1512,captcha_1512.png,WXHKK7,SUCCESS,PMJAY,2026-04-02 13:02:12,2026-04-02 13:02:12
1513,captcha_1513.png,GYHDKH,SUCCESS,PMJAY,2026-04-02 13:07:18,2026-04-02 13:07:18
1514,captcha_1514.png,8B6XH7,SUCCESS,PMJAY,2026-04-02 13:32:11,2026-04-02 13:32:11
1515,captcha_1515.png,E6GXPA,SUCCESS,PMJAY,2026-04-02 13:37:38,2026-04-02 13:37:38
1516,captcha_1516.png,PB7BCG,SUCCESS,PMJAY,2026-04-02 14:02:43,2026-04-02 14:02:43
1517,captcha_1517.png,78M3GY,SUCCESS,PMJAY,2026-04-02 14:07:53,2026-04-02 14:07:53
1518,captcha_1518.png,F8XX3H,SUCCESS,PMJAY,2026-04-02 14:28:24,2026-04-02 14:28:24
1519,captcha_1519.png,X4YHNX,SUCCESS,PMJAY,2026-04-02 14:28:28,2026-04-02 14:28:28
1520,captcha_1520.png,DFHGME,SUCCESS,PMJAY,2026-04-02 14:32:43,2026-04-02 14:32:43
1521,captcha_1521.png,PYAF82,SUCCESS,PMJAY,2026-04-02 15:02:00,2026-04-02 15:02:00
1522,captcha_1522.png,PYAF82,SUCCESS,PMJAY,2026-04-02 15:02:04,2026-04-02 15:02:04
1523,captcha_1523.png,HR4WNW,SUCCESS,PMJAY,2026-04-02 15:02:09,2026-04-02 15:02:09
1524,captcha_1524.png,E2P5X5,SUCCESS,PMJAY,2026-04-02 15:02:13,2026-04-02 15:02:13
1525,captcha_1525.png,FXCEGD,SUCCESS,PMJAY,2026-04-02 15:02:27,2026-04-02 15:02:27
1526,captcha_1526.png,MMC8H5,SUCCESS,PMJAY,2026-04-02 15:05:59,2026-04-02 15:05:59
1527,captcha_1527.png,M475DY,SUCCESS,PMJAY,2026-04-02 15:32:59,2026-04-02 15:32:59
1528,captcha_1528.png,C8GAN8,SUCCESS,PMJAY,2026-04-02 16:10:40,2026-04-02 16:10:40
1529,captcha_1529.png,58CM5P,SUCCESS,PMJAY,2026-04-02 16:10:51,2026-04-02 16:10:51
1530,captcha_1530.png,8K6ECE,SUCCESS,PMJAY,2026-04-02 16:18:29,2026-04-02 16:18:29
1531,captcha_1531.png,3PF45M,SUCCESS,PMJAY,2026-04-02 16:18:33,2026-04-02 16:18:33
1532,captcha_1532.png,CRMXPE,SUCCESS,PMJAY,2026-04-02 16:40:59,2026-04-02 16:40:59
1533,captcha_1533.png,5DMKHH,SUCCESS,PMJAY,2026-04-03 04:05:40,2026-04-03 04:05:40
1534,captcha_1534.png,DAWDPG,SUCCESS,PMJAY,2026-04-03 04:05:57,2026-04-03 04:05:57
1535,captcha_1535.png,54RAN8,SUCCESS,PMJAY,2026-04-03 04:06:02,2026-04-03 04:06:02
1536,captcha_1536.png,X4H8GN,SUCCESS,PMJAY,2026-04-03 04:06:10,2026-04-03 04:06:10
1537,captcha_1537.png,B8463A,SUCCESS,PMJAY,2026-04-03 04:06:39,2026-04-03 04:06:39
1538,captcha_1538.png,CCP7WB,SUCCESS,PMJAY,2026-04-03 04:07:37,2026-04-03 04:07:37
1539,captcha_1539.png,Y7YRW3,SUCCESS,PMJAY,2026-04-03 04:07:41,2026-04-03 04:07:41
1540,captcha_1540.png,6NPY3P,SUCCESS,PMJAY,2026-04-03 04:14:22,2026-04-03 04:14:22
1541,captcha_1541.png,WEMNFA,SUCCESS,PMJAY,2026-04-03 04:14:34,2026-04-03 04:14:34
1542,captcha_1542.png,K74M2D,SUCCESS,PMJAY,2026-04-03 04:19:03,2026-04-03 04:19:03
1543,captcha_1543.png,YYK75Y,SUCCESS,PMJAY,2026-04-03 04:19:06,2026-04-03 04:19:06
1544,captcha_1544.png,7WMN22,SUCCESS,PMJAY,2026-04-03 04:35:22,2026-04-03 04:35:22
1545,captcha_1545.png,FBPC73,SUCCESS,PMJAY,2026-04-03 04:35:31,2026-04-03 04:35:31
1546,captcha_1546.png,DH2W4A,SUCCESS,PMJAY,2026-04-03 04:35:35,2026-04-03 04:35:35
1547,captcha_1547.png,7WMN22,SUCCESS,PMJAY,2026-04-03 04:35:38,2026-04-03 04:35:38
1548,captcha_1548.png,7WMN22,SUCCESS,PMJAY,2026-04-03 04:35:44,2026-04-03 04:35:44
1549,captcha_1549.png,XX8E65,SUCCESS,PMJAY,2026-04-03 04:36:23,2026-04-03 04:36:23
1550,captcha_1550.png,MNCX7X,SUCCESS,PMJAY,2026-04-03 04:53:27,2026-04-03 04:53:27
1551,captcha_1551.png,7WMN22,SUCCESS,PMJAY,2026-04-03 04:53:40,2026-04-03 04:53:40
1552,captcha_1552.png,E773GK,SUCCESS,PMJAY,2026-04-03 04:53:44,2026-04-03 04:53:44
1553,captcha_1553.png,42CEC8,SUCCESS,PMJAY,2026-04-03 04:53:52,2026-04-03 04:53:52
1554,captcha_1554.png,PMYPCM,SUCCESS,PMJAY,2026-04-03 05:01:50,2026-04-03 05:01:50
1555,captcha_1555.png,YPGNWC,SUCCESS,PMJAY,2026-04-03 05:04:51,2026-04-03 05:04:51
1556,captcha_1556.png,AFPR72,SUCCESS,PMJAY,2026-04-03 05:04:59,2026-04-03 05:04:59
1557,captcha_1557.png,PMYPCM,SUCCESS,PMJAY,2026-04-03 05:06:26,2026-04-03 05:06:26
1558,captcha_1558.png,E64RP3,SUCCESS,PMJAY,2026-04-03 05:09:32,2026-04-03 05:09:32
1559,captcha_1559.png,7NPEW2,SUCCESS,PMJAY,2026-04-03 05:09:46,2026-04-03 05:09:46
1560,captcha_1560.png,D3FNE7,SUCCESS,PMJAY,2026-04-03 05:09:55,2026-04-03 05:09:55
1561,captcha_1561.png,H4K7GA,SUCCESS,PMJAY,2026-04-03 05:10:03,2026-04-03 05:10:03
1562,captcha_1562.png,683GYX,SUCCESS,PMJAY,2026-04-03 05:23:42,2026-04-03 05:23:42
1563,captcha_1563.png,N2BBMA,SUCCESS,PMJAY,2026-04-03 05:39:13,2026-04-03 05:39:13
1564,captcha_1564.png,P28W36,SUCCESS,PMJAY,2026-04-03 05:39:21,2026-04-03 05:39:21
1565,captcha_1565.png,YDKB47,SUCCESS,PMJAY,2026-04-03 05:39:30,2026-04-03 05:39:30
1566,captcha_1566.png,XMPK8W,SUCCESS,PMJAY,2026-04-03 05:39:42,2026-04-03 05:39:42
1567,captcha_1567.png,YDKB47,SUCCESS,PMJAY,2026-04-03 05:42:23,2026-04-03 05:42:24
1568,captcha_1568.png,YDKB47,SUCCESS,PMJAY,2026-04-03 05:45:18,2026-04-03 05:45:18
1569,captcha_1569.png,YDKB47,SUCCESS,PMJAY,2026-04-03 05:48:13,2026-04-03 05:48:13
1570,captcha_1570.png,MWN3EP,SUCCESS,PMJAY,2026-04-03 05:50:19,2026-04-03 05:50:19
1571,captcha_1571.png,535K5F,SUCCESS,PMJAY,2026-04-03 05:53:26,2026-04-03 05:53:26
1572,captcha_1572.png,DPHGAB,SUCCESS,PMJAY,2026-04-03 06:09:31,2026-04-03 06:09:31
1573,captcha_1573.png,5PNC3K,SUCCESS,PMJAY,2026-04-03 06:21:16,2026-04-03 06:21:16
1574,captcha_1574.png,5M5GKK,SUCCESS,PMJAY,2026-04-03 06:23:04,2026-04-03 06:23:04
1575,captcha_1575.png,DAFAK5,SUCCESS,PMJAY,2026-04-03 06:28:28,2026-04-03 06:28:28
1576,captcha_1576.png,P48442,SUCCESS,PMJAY,2026-04-03 06:28:36,2026-04-03 06:28:36
1577,captcha_1577.png,YBBXCF,SUCCESS,PMJAY,2026-04-03 06:29:03,2026-04-03 06:29:03
1578,captcha_1578.png,6H7863,SUCCESS,PMJAY,2026-04-03 06:29:11,2026-04-03 06:29:11
1579,captcha_1579.png,EMDGKC,SUCCESS,PMJAY,2026-04-03 06:32:15,2026-04-03 06:32:15
1580,captcha_1580.png,PKF6DG,SUCCESS,PMJAY,2026-04-03 06:32:24,2026-04-03 06:32:24
1581,captcha_1581.png,CPM3RH,SUCCESS,PMJAY,2026-04-03 06:36:28,2026-04-03 06:36:28
1582,captcha_1582.png,5KWW2B,SUCCESS,PMJAY,2026-04-03 06:36:36,2026-04-03 06:36:36
1583,captcha_1583.png,HWYCD7,SUCCESS,PMJAY,2026-04-03 06:42:12,2026-04-03 06:42:12
1584,captcha_1584.png,5M76A4,SUCCESS,PMJAY,2026-04-03 06:42:22,2026-04-03 06:42:22
1585,captcha_1585.png,KA6CYY,SUCCESS,PMJAY,2026-04-03 06:51:28,2026-04-03 06:51:28
1586,captcha_1586.png,7EBKRF,SUCCESS,PMJAY,2026-04-03 06:54:08,2026-04-03 06:54:08
1587,captcha_1587.png,KGCEPG,SUCCESS,PMJAY,2026-04-03 06:54:38,2026-04-03 06:54:39
1588,captcha_1588.png,5NPM7D,SUCCESS,PMJAY,2026-04-03 06:55:07,2026-04-03 06:55:07
1589,captcha_1589.png,C4K75G,SUCCESS,PMJAY,2026-04-03 07:06:26,2026-04-03 07:06:26
1590,captcha_1590.png,4D4XX8,SUCCESS,PMJAY,2026-04-03 07:12:09,2026-04-03 07:12:09
1591,captcha_1591.png,Y5RH3A,SUCCESS,PMJAY,2026-04-03 07:21:56,2026-04-03 07:21:56
1592,captcha_1592.png,EH7ACR,SUCCESS,PMJAY,2026-04-03 07:24:46,2026-04-03 07:24:47
1593,captcha_1593.png,DG748W,SUCCESS,PMJAY,2026-04-03 07:24:58,2026-04-03 07:24:58
1594,captcha_1594.png,C848D7,SUCCESS,PMJAY,2026-04-03 07:42:38,2026-04-03 07:42:38
1595,captcha_1595.png,BRPKCN,SUCCESS,PMJAY,2026-04-03 07:52:46,2026-04-03 07:52:47
1596,captcha_1596.png,G5XY4W,SUCCESS,PMJAY,2026-04-03 07:55:17,2026-04-03 07:55:17
1597,captcha_1597.png,33D3A4,SUCCESS,PMJAY,2026-04-03 08:12:39,2026-04-03 08:12:39
1598,captcha_1598.png,K3CMAC,SUCCESS,PMJAY,2026-04-03 08:42:55,2026-04-03 08:42:55
1599,captcha_1599.png,6843AD,SUCCESS,PMJAY,2026-04-03 08:45:27,2026-04-03 08:45:27
1600,captcha_1600.png,X8C4E8,SUCCESS,PMJAY,2026-04-03 08:45:41,2026-04-03 08:45:41
1601,captcha_1601.png,6352B8,SUCCESS,PMJAY,2026-04-03 08:55:01,2026-04-03 08:55:01
1602,captcha_1602.png,AEE5FY,SUCCESS,PMJAY,2026-04-03 08:55:09,2026-04-03 08:55:09
1603,captcha_1603.png,4KPXM7,SUCCESS,PMJAY,2026-04-03 08:55:15,2026-04-03 08:55:15
1604,captcha_1604.png,4KPXM7,SUCCESS,PMJAY,2026-04-03 08:58:09,2026-04-03 08:58:09
1605,captcha_1605.png,4KPXM7,SUCCESS,PMJAY,2026-04-03 09:01:04,2026-04-03 09:01:04
1606,captcha_1606.png,4KPXM7,SUCCESS,PMJAY,2026-04-03 09:03:59,2026-04-03 09:03:59
1607,captcha_1607.png,4KPXM7,SUCCESS,PMJAY,2026-04-03 09:06:49,2026-04-03 09:06:49
1608,captcha_1608.png,4KPXM7,SUCCESS,PMJAY,2026-04-03 09:09:39,2026-04-03 09:09:39
1609,captcha_1609.png,4KPXM7,SUCCESS,PMJAY,2026-04-03 09:12:34,2026-04-03 09:12:34
1610,captcha_1610.png,4KPXM7,SUCCESS,PMJAY,2026-04-03 09:15:25,2026-04-03 09:15:25
1611,captcha_1611.png,GN72XH,SUCCESS,PMJAY,2026-04-03 09:16:40,2026-04-03 09:16:40
1612,captcha_1612.png,4KPXM7,SUCCESS,PMJAY,2026-04-03 09:18:19,2026-04-03 09:18:19
1613,captcha_1613.png,4KPXM7,SUCCESS,PMJAY,2026-04-03 09:21:19,2026-04-03 09:21:19
1614,captcha_1614.png,6HCRXE,SUCCESS,PMJAY,2026-04-03 09:22:43,2026-04-03 09:22:43
1615,captcha_1615.png,6HCRXE,SUCCESS,PMJAY,2026-04-03 09:22:47,2026-04-03 09:22:47
1616,captcha_1616.png,3MG3W3,SUCCESS,PMJAY,2026-04-03 09:22:51,2026-04-03 09:22:51
1617,captcha_1617.png,6XDPDF,SUCCESS,PMJAY,2026-04-03 09:22:55,2026-04-03 09:22:55
1618,captcha_1618.png,6XDPDF,SUCCESS,PMJAY,2026-04-03 09:23:00,2026-04-03 09:23:00
1619,captcha_1619.png,GP2C6P,SUCCESS,PMJAY,2026-04-03 09:23:43,2026-04-03 09:23:43
1620,captcha_1620.png,G2WYW2,SUCCESS,PMJAY,2026-04-03 09:46:23,2026-04-03 09:46:23
1621,captcha_1621.png,3YBA3P,SUCCESS,PMJAY,2026-04-03 09:53:45,2026-04-03 09:53:45
1622,captcha_1622.png,42M5FF,SUCCESS,PMJAY,2026-04-03 10:52:34,2026-04-03 10:52:34
1623,captcha_1623.png,GCMW45,SUCCESS,PMJAY,2026-04-03 10:52:42,2026-04-03 10:52:42
1624,captcha_1624.png,2A55M2,SUCCESS,PMJAY,2026-04-03 10:52:47,2026-04-03 10:52:47
1625,captcha_1625.png,774ABE,SUCCESS,PMJAY,2026-04-03 10:52:52,2026-04-03 10:52:52
1626,captcha_1626.png,4DA48G,SUCCESS,PMJAY,2026-04-03 10:52:56,2026-04-03 10:52:56
1627,captcha_1627.png,XXCCX3,SUCCESS,PMJAY,2026-04-03 10:53:34,2026-04-03 10:53:34
1628,captcha_1628.png,KAW8D5,SUCCESS,PMJAY,2026-04-03 11:22:01,2026-04-03 11:22:01
1629,captcha_1629.png,D4YAE3,SUCCESS,PMJAY,2026-04-03 11:22:10,2026-04-03 11:22:10
1630,captcha_1630.png,G5XF2H,SUCCESS,PMJAY,2026-04-03 11:22:37,2026-04-03 11:22:37
1631,captcha_1631.png,DRC6YC,SUCCESS,PMJAY,2026-04-03 11:22:52,2026-04-03 11:22:52
1632,captcha_1632.png,8AXGND,SUCCESS,PMJAY,2026-04-04 07:07:40,2026-04-04 07:07:40
1633,captcha_1633.png,PWR2ED,SUCCESS,PMJAY,2026-04-04 07:07:48,2026-04-04 07:07:48
1634,captcha_1634.png,MN4XDR,SUCCESS,PMJAY,2026-04-04 07:07:52,2026-04-04 07:07:52
1635,captcha_1635.png,P7RFDG,SUCCESS,PMJAY,2026-04-04 07:07:56,2026-04-04 07:07:56
1636,captcha_1636.png,MP8NAD,SUCCESS,PMJAY,2026-04-04 08:14:01,2026-04-04 08:14:01
1637,captcha_1637.png,7WM2HA,SUCCESS,PMJAY,2026-04-04 08:14:12,2026-04-04 08:14:12
1638,captcha_1638.png,54YY72,SUCCESS,PMJAY,2026-04-04 08:14:16,2026-04-04 08:14:16
1639,captcha_1639.png,5ECENM,SUCCESS,PMJAY,2026-04-04 08:14:23,2026-04-04 08:14:23
1640,captcha_1640.png,FH2825,SUCCESS,PMJAY,2026-04-04 08:42:32,2026-04-04 08:42:32
1641,captcha_1641.png,ER3WX8,SUCCESS,PMJAY,2026-04-04 08:42:40,2026-04-04 08:42:40
1642,captcha_1642.png,NRPAMY,SUCCESS,PMJAY,2026-04-04 09:08:23,2026-04-04 09:08:23
1643,captcha_1643.png,KKEEHH,SUCCESS,PMJAY,2026-04-04 09:08:34,2026-04-04 09:08:34
1644,captcha_1644.png,X4HNH2,SUCCESS,PMJAY,2026-04-04 09:12:28,2026-04-04 09:12:28
1645,captcha_1645.png,KPMFNP,SUCCESS,PMJAY,2026-04-04 09:41:59,2026-04-04 09:41:59
1646,captcha_1646.png,E3CMRW,SUCCESS,PMJAY,2026-04-04 09:42:07,2026-04-04 09:42:07
1647,captcha_1647.png,BDX55D,SUCCESS,PMJAY,2026-04-04 10:11:41,2026-04-04 10:11:41
1648,captcha_1648.png,3BXG8Y,SUCCESS,PMJAY,2026-04-04 10:11:49,2026-04-04 10:11:49
1649,captcha_1649.png,CYROAW,SUCCESS,PMJAY,2026-04-04 10:12:29,2026-04-04 10:12:29
1650,captcha_1650.png,8RDYWG,SUCCESS,PMJAY,2026-04-04 10:12:58,2026-04-04 10:12:58
1651,captcha_1651.png,F7E3AK,SUCCESS,PMJAY,2026-04-04 10:29:06,2026-04-04 10:29:06
1652,captcha_1652.png,3M4N2P,SUCCESS,PMJAY,2026-04-06 05:38:30,2026-04-06 05:38:30
1653,captcha_1653.png,7K8YEA,SUCCESS,PMJAY,2026-04-06 05:38:34,2026-04-06 05:38:34
1654,captcha_1654.png,5A8GA6,SUCCESS,PMJAY,2026-04-06 05:38:41,2026-04-06 05:38:42
1655,captcha_1655.png,482CX3,SUCCESS,PMJAY,2026-04-06 05:38:46,2026-04-06 05:38:46
1656,captcha_1656.png,AW22EK,SUCCESS,PMJAY,2026-04-06 05:38:50,2026-04-06 05:38:50
1657,captcha_1657.png,5KFKD3,SUCCESS,PMJAY,2026-04-06 05:39:30,2026-04-06 05:39:30
1658,captcha_1658.png,BFPXGM,SUCCESS,PMJAY,2026-04-06 05:39:35,2026-04-06 05:39:35
1659,captcha_1659.png,EE7YCG,SUCCESS,PMJAY,2026-04-06 05:39:39,2026-04-06 05:39:39
1660,captcha_1660.png,C5XPPG,SUCCESS,PMJAY,2026-04-06 05:39:43,2026-04-06 05:39:43
1661,captcha_1661.png,278EBD,SUCCESS,PMJAY,2026-04-06 05:39:47,2026-04-06 05:39:47
1662,captcha_1662.png,725PC6,SUCCESS,PMJAY,2026-04-06 05:40:30,2026-04-06 05:40:30
1663,captcha_1663.png,354YFC,SUCCESS,PMJAY,2026-04-06 05:40:34,2026-04-06 05:40:34
1664,captcha_1664.png,725PC6,SUCCESS,PMJAY,2026-04-06 05:40:38,2026-04-06 05:40:38
1665,captcha_1665.png,GNN275,SUCCESS,PMJAY,2026-04-06 05:42:08,2026-04-06 05:42:08
1666,captcha_1666.png,8ADMGP,SUCCESS,PMJAY,2026-04-06 05:42:31,2026-04-06 05:42:32
1667,captcha_1667.png,52NNHF,SUCCESS,PMJAY,2026-04-06 05:49:07,2026-04-06 05:49:07
1668,captcha_1668.png,XCEFMV,SUCCESS,PMJAY,2026-04-06 06:02:58,2026-04-06 06:02:58
1669,captcha_1669.png,KND754,SUCCESS,PMJAY,2026-04-06 06:03:04,2026-04-06 06:03:04
1670,captcha_1670.png,8FYPW7,SUCCESS,PMJAY,2026-04-06 06:03:08,2026-04-06 06:03:08
1671,captcha_1671.png,EMY2D8,SUCCESS,PMJAY,2026-04-06 06:03:20,2026-04-06 06:03:20
1672,captcha_1672.png,3FBMRF,SUCCESS,PMJAY,2026-04-06 06:09:32,2026-04-06 06:09:32
1673,captcha_1673.png,DGKH3D,SUCCESS,PMJAY,2026-04-06 06:12:56,2026-04-06 06:12:56
1674,captcha_1674.png,RE8AKB,SUCCESS,PMJAY,2026-04-06 06:33:25,2026-04-06 06:33:25
1675,captcha_1675.png,FX5YBN,SUCCESS,PMJAY,2026-04-06 06:39:59,2026-04-06 06:39:59
1676,captcha_1676.png,6DH3YR,SUCCESS,PMJAY,2026-04-06 06:42:56,2026-04-06 06:42:56
1677,captcha_1677.png,KP5PMY,SUCCESS,PMJAY,2026-04-06 07:04:54,2026-04-06 07:04:54
1678,captcha_1678.png,5MC2MB,SUCCESS,PMJAY,2026-04-06 07:09:36,2026-04-06 07:09:36
1679,captcha_1679.png,427E4P,SUCCESS,PMJAY,2026-04-06 07:10:58,2026-04-06 07:10:58
1680,captcha_1680.png,4X4FNK,SUCCESS,PMJAY,2026-04-06 07:11:09,2026-04-06 07:11:09
1681,captcha_1681.png,52XDRD,SUCCESS,PMJAY,2026-04-06 07:13:14,2026-04-06 07:13:14
1682,captcha_1682.png,B877FG,SUCCESS,PMJAY,2026-04-06 07:39:35,2026-04-06 07:39:35
1683,captcha_1683.png,A76H4K,SUCCESS,PMJAY,2026-04-06 07:41:33,2026-04-06 07:41:33
1684,captcha_1684.png,PRDXWA,SUCCESS,PMJAY,2026-04-06 07:43:24,2026-04-06 07:43:24
1685,captcha_1685.png,Y7N5B4,SUCCESS,PMJAY,2026-04-06 08:11:34,2026-04-06 08:11:34
1686,captcha_1686.png,NN3363,SUCCESS,PMJAY,2026-04-06 08:32:32,2026-04-06 08:32:32
1687,captcha_1687.png,YNNNPD,SUCCESS,PMJAY,2026-04-06 08:32:36,2026-04-06 08:32:36
1688,captcha_1688.png,YNNNPD,SUCCESS,PMJAY,2026-04-06 08:32:40,2026-04-06 08:32:40
1689,captcha_1689.png,7FYG2N,SUCCESS,PMJAY,2026-04-06 08:32:44,2026-04-06 08:32:44
1690,captcha_1690.png,PY58CF,SUCCESS,PMJAY,2026-04-06 08:32:47,2026-04-06 08:32:47
1691,captcha_1691.png,PY58CF,SUCCESS,PMJAY,2026-04-06 08:33:33,2026-04-06 08:33:33
1692,captcha_1692.png,X4774E,SUCCESS,PMJAY,2026-04-06 08:41:20,2026-04-06 08:41:20
1693,captcha_1693.png,665XCA,SUCCESS,PMJAY,2026-04-06 08:59:30,2026-04-06 08:59:30
1694,captcha_1694.png,D4FNY3,SUCCESS,PMJAY,2026-04-06 08:59:38,2026-04-06 08:59:38
1695,captcha_1695.png,KYDE2R,SUCCESS,PMJAY,2026-04-06 09:02:52,2026-04-06 09:02:52
1696,captcha_1696.png,48W5X7,SUCCESS,PMJAY,2026-04-06 09:11:12,2026-04-06 09:11:12
1697,captcha_1697.png,AN84FG,SUCCESS,PMJAY,2026-04-06 09:35:17,2026-04-06 09:35:17
1698,captcha_1698.png,8RF86W,SUCCESS,PMJAY,2026-04-06 09:35:58,2026-04-06 09:35:58
1699,captcha_1699.png,88KBCG,SUCCESS,PMJAY,2026-04-06 10:28:24,2026-04-06 10:28:24
1700,captcha_1700.png,4XXBYD,SUCCESS,PMJAY,2026-04-06 10:28:31,2026-04-06 10:28:31
1701,captcha_1701.png,N4RDPA,SUCCESS,PMJAY,2026-04-06 10:28:36,2026-04-06 10:28:36
1702,captcha_1702.png,WDR5RB,SUCCESS,PMJAY,2026-04-06 10:28:44,2026-04-06 10:28:44
1703,captcha_1703.png,7HC752,SUCCESS,PMJAY,2026-04-06 10:34:12,2026-04-06 10:34:12
1704,captcha_1704.png,A4CM2B,SUCCESS,PMJAY,2026-04-06 10:34:22,2026-04-06 10:34:22
1705,captcha_1705.png,E3CDFW,SUCCESS,PMJAY,2026-04-06 11:01:29,2026-04-06 11:01:29
1706,captcha_1706.png,3DNBE3,SUCCESS,PMJAY,2026-04-06 11:01:37,2026-04-06 11:01:37
1707,captcha_1707.png,34BN6X,SUCCESS,PMJAY,2026-04-06 11:16:57,2026-04-06 11:16:57
1708,captcha_1708.png,RH6EHF,SUCCESS,PMJAY,2026-04-06 11:17:05,2026-04-06 11:17:05
1709,captcha_1709.png,E88YMP,SUCCESS,PMJAY,2026-04-06 11:17:13,2026-04-06 11:17:13
1710,captcha_1710.png,BGDEKE,SUCCESS,PMJAY,2026-04-06 11:18:57,2026-04-06 11:18:57
1711,captcha_1711.png,5YXBWC,SUCCESS,PMJAY,2026-04-06 11:19:05,2026-04-06 11:19:05
1712,captcha_1712.png,4XRGWE,SUCCESS,PMJAY,2026-04-06 11:32:08,2026-04-06 11:32:08
1713,captcha_1713.png,X4DE53,SUCCESS,PMJAY,2026-04-06 11:32:27,2026-04-06 11:32:27
1714,captcha_1714.png,8XM8PB,SUCCESS,PMJAY,2026-04-06 11:45:56,2026-04-06 11:45:56
1715,captcha_1715.png,N8F47G,SUCCESS,PMJAY,2026-04-06 11:50:29,2026-04-06 11:50:29
1716,captcha_1716.png,EYEGKB,SUCCESS,PMJAY,2026-04-06 11:52:54,2026-04-06 11:52:54
1717,captcha_1717.png,YFNGDA,SUCCESS,PMJAY,2026-04-06 11:53:02,2026-04-06 11:53:02
1718,captcha_1718.png,A6AD77,SUCCESS,PMJAY,2026-04-06 12:00:43,2026-04-06 12:00:43
1719,captcha_1719.png,A6AD77,SUCCESS,PMJAY,2026-04-06 12:00:46,2026-04-06 12:00:46
1720,captcha_1720.png,Y2YM4C,SUCCESS,PMJAY,2026-04-06 12:00:50,2026-04-06 12:00:50
1721,captcha_1721.png,DRG6YB,SUCCESS,PMJAY,2026-04-06 15:00:30,2026-04-06 15:00:30
1722,captcha_1722.png,3GEMXF,SUCCESS,PMJAY,2026-04-06 15:01:47,2026-04-06 15:01:47
1723,captcha_1723.png,MG4XFX,SUCCESS,PMJAY,2026-04-06 15:02:52,2026-04-06 15:02:52
1724,captcha_1724.png,5D5Y52,SUCCESS,PMJAY,2026-04-06 15:03:00,2026-04-06 15:03:00
1725,captcha_1725.png,RG2WH3,SUCCESS,PMJAY,2026-04-06 15:32:55,2026-04-06 15:32:55
1726,captcha_1726.png,4R7X5F,SUCCESS,PMJAY,2026-04-06 16:02:20,2026-04-06 16:02:20
1727,captcha_1727.png,73RD2H,SUCCESS,PMJAY,2026-04-06 16:20:05,2026-04-06 16:20:05
1728,captcha_1728.png,ND7BGM,SUCCESS,PMJAY,2026-04-06 16:20:14,2026-04-06 16:20:14
1729,captcha_1729.png,KRE7XG,SUCCESS,PMJAY,2026-04-06 16:22:29,2026-04-06 16:22:29
1730,captcha_1730.png,CER287,SUCCESS,PMJAY,2026-04-06 16:32:20,2026-04-06 16:32:20
1731,captcha_1731.png,78CWBF,SUCCESS,PMJAY,2026-04-06 16:40:35,2026-04-06 16:40:35
1732,captcha_1732.png,MG6228,SUCCESS,PMJAY,2026-04-06 16:40:46,2026-04-06 16:40:46
1733,captcha_1733.png,387MY3,SUCCESS,PMJAY,2026-04-07 03:53:10,2026-04-07 03:53:10
1734,captcha_1734.png,N3D4KP,SUCCESS,PMJAY,2026-04-07 03:53:13,2026-04-07 03:53:13
1735,captcha_1735.png,N3D4KP,SUCCESS,PMJAY,2026-04-07 03:53:25,2026-04-07 03:53:25
1736,captcha_1736.png,8RPEX3,SUCCESS,PMJAY,2026-04-07 03:53:38,2026-04-07 03:53:38
1737,captcha_1737.png,8RPEX3,SUCCESS,PMJAY,2026-04-07 03:53:42,2026-04-07 03:53:42
1738,captcha_1738.png,FDEMRN,SUCCESS,PMJAY,2026-04-07 03:54:15,2026-04-07 03:54:15
1739,captcha_1739.png,GBKKPE,SUCCESS,PMJAY,2026-04-07 03:54:24,2026-04-07 03:54:24
1740,captcha_1740.png,P56BR4,SUCCESS,PMJAY,2026-04-07 03:55:04,2026-04-07 03:55:04
1741,captcha_1741.png,RFEFH2,SUCCESS,PMJAY,2026-04-07 03:55:09,2026-04-07 03:55:09
1742,captcha_1742.png,4WGWWE,SUCCESS,PMJAY,2026-04-07 03:55:13,2026-04-07 03:55:13
1743,captcha_1743.png,RDWG8R,SUCCESS,PMJAY,2026-04-07 04:17:48,2026-04-07 04:17:48
1744,captcha_1744.png,N3WKWG,SUCCESS,PMJAY,2026-04-07 04:17:56,2026-04-07 04:17:56
1745,captcha_1745.png,63GMKB,SUCCESS,PMJAY,2026-04-07 04:23:43,2026-04-07 04:23:43
1746,captcha_1746.png,63GMKB,SUCCESS,PMJAY,2026-04-07 04:23:48,2026-04-07 04:23:49
1747,captcha_1747.png,C5CADF,SUCCESS,PMJAY,2026-04-07 04:23:52,2026-04-07 04:23:52
1748,captcha_1748.png,C5CADF,SUCCESS,PMJAY,2026-04-07 04:23:56,2026-04-07 04:23:56
1749,captcha_1749.png,6CD67C,SUCCESS,PMJAY,2026-04-07 04:24:57,2026-04-07 04:24:57
1750,captcha_1750.png,76MXXC,SUCCESS,PMJAY,2026-04-07 04:47:56,2026-04-07 04:47:56
1751,captcha_1751.png,KGF8AB,SUCCESS,PMJAY,2026-04-07 04:54:07,2026-04-07 04:54:07
1752,captcha_1752.png,R5YDMC,SUCCESS,PMJAY,2026-04-07 04:55:23,2026-04-07 04:55:23
1753,captcha_1753.png,MGGMB3,SUCCESS,PMJAY,2026-04-07 05:18:02,2026-04-07 05:18:02
1754,captcha_1754.png,F2Y25A,SUCCESS,PMJAY,2026-04-07 05:23:42,2026-04-07 05:23:43
1755,captcha_1755.png,MXM562,SUCCESS,PMJAY,2026-04-07 05:25:10,2026-04-07 05:25:10
1756,captcha_1756.png,8E4GHF,SUCCESS,PMJAY,2026-04-07 05:47:40,2026-04-07 05:47:40
1757,captcha_1757.png,2ANDFW,SUCCESS,PMJAY,2026-04-07 05:53:17,2026-04-07 05:53:17
1758,captcha_1758.png,ACC5BA,SUCCESS,PMJAY,2026-04-07 05:55:26,2026-04-07 05:55:26
1759,captcha_1759.png,B7638F,SUCCESS,PMJAY,2026-04-07 06:07:18,2026-04-07 06:07:19
1760,captcha_1760.png,F4B3XA,SUCCESS,PMJAY,2026-04-07 06:07:29,2026-04-07 06:07:29
1761,captcha_1761.png,GW4CDH,SUCCESS,PMJAY,2026-04-07 06:17:16,2026-04-07 06:17:16
1762,captcha_1762.png,MRGBNN,SUCCESS,PMJAY,2026-04-07 06:23:01,2026-04-07 06:23:01
1763,captcha_1763.png,5PXEGR,SUCCESS,PMJAY,2026-04-07 06:29:14,2026-04-07 06:29:14
1764,captcha_1764.png,XD3RYY,SUCCESS,PMJAY,2026-04-07 06:29:22,2026-04-07 06:29:22
1765,captcha_1765.png,KE5AMB,SUCCESS,PMJAY,2026-04-07 06:34:47,2026-04-07 06:34:47
1766,captcha_1766.png,7FC52D,SUCCESS,PMJAY,2026-04-07 06:34:54,2026-04-07 06:34:54
1767,captcha_1767.png,7X5FFP,SUCCESS,PMJAY,2026-04-07 06:37:22,2026-04-07 06:37:22
1768,captcha_1768.png,8KFEPA,SUCCESS,PMJAY,2026-04-07 07:00:07,2026-04-07 07:00:08
1769,captcha_1769.png,KRN528,SUCCESS,PMJAY,2026-04-07 07:00:38,2026-04-07 07:00:38
1770,captcha_1770.png,G4BKB2,SUCCESS,PMJAY,2026-04-07 07:04:43,2026-04-07 07:04:43
1771,captcha_1771.png,F7CGRH,SUCCESS,PMJAY,2026-04-07 07:06:44,2026-04-07 07:06:44
1772,captcha_1772.png,GC37DW,SUCCESS,PMJAY,2026-04-07 07:30:46,2026-04-07 07:30:46
1773,captcha_1773.png,B66FRA,SUCCESS,PMJAY,2026-04-07 07:34:31,2026-04-07 07:34:32
1774,captcha_1774.png,KEH6GF,SUCCESS,PMJAY,2026-04-07 07:37:22,2026-04-07 07:37:22
1775,captcha_1775.png,G6GK G6,SUCCESS,PMJAY,2026-04-07 08:01:25,2026-04-07 08:01:25
1776,captcha_1776.png,XEHG72,SUCCESS,PMJAY,2026-04-07 08:04:29,2026-04-07 08:04:29
1777,captcha_1777.png,6NYHPW,SUCCESS,PMJAY,2026-04-07 08:07:01,2026-04-07 08:07:01
1778,captcha_1778.png,X5MHB6,SUCCESS,PMJAY,2026-04-07 08:19:16,2026-04-07 08:19:16
1779,captcha_1779.png,GEXN3X,SUCCESS,PMJAY,2026-04-07 08:19:28,2026-04-07 08:19:28
1780,captcha_1780.png,XG38YR,SUCCESS,PMJAY,2026-04-07 08:31:23,2026-04-07 08:31:23
1781,captcha_1781.png,HYCBBB,SUCCESS,PMJAY,2026-04-07 08:34:27,2026-04-07 08:34:27
1782,captcha_1782.png,5XBKD4,SUCCESS,PMJAY,2026-04-07 08:51:10,2026-04-07 08:51:10
1783,captcha_1783.png,G7WGCY,SUCCESS,PMJAY,2026-04-07 08:51:22,2026-04-07 08:51:22
1784,captcha_1784.png,5XBKD4,SUCCESS,PMJAY,2026-04-07 08:51:26,2026-04-07 08:51:26
1785,captcha_1785.png,HAKBM8,SUCCESS,PMJAY,2026-04-07 08:51:38,2026-04-07 08:51:38
1786,captcha_1786.png,HAKBM8,SUCCESS,PMJAY,2026-04-07 08:51:45,2026-04-07 08:51:45
1787,captcha_1787.png,GEYAH6,SUCCESS,PMJAY,2026-04-07 08:52:26,2026-04-07 08:52:26
1788,captcha_1788.png,HMCY74,SUCCESS,PMJAY,2026-04-07 08:52:35,2026-04-07 08:52:35
1789,captcha_1789.png,GEYAH6,SUCCESS,PMJAY,2026-04-07 08:52:38,2026-04-07 08:52:38
1790,captcha_1790.png,HAKBM8,SUCCESS,PMJAY,2026-04-07 08:55:05,2026-04-07 08:55:05
1791,captcha_1791.png,HAKBM8,SUCCESS,PMJAY,2026-04-07 08:58:00,2026-04-07 08:58:00
1792,captcha_1792.png,CMDMDM,SUCCESS,PMJAY,2026-04-07 08:59:53,2026-04-07 08:59:53
1793,captcha_1793.png,MRCCRX,SUCCESS,PMJAY,2026-04-07 09:00:01,2026-04-07 09:00:01
1794,captcha_1794.png,MMN5BE,SUCCESS,PMJAY,2026-04-07 09:23:08,2026-04-07 09:23:08
1795,captcha_1795.png,F6MXBW,SUCCESS,PMJAY,2026-04-07 09:23:46,2026-04-07 09:23:46
1796,captcha_1796.png,XWAYYF,SUCCESS,PMJAY,2026-04-07 09:30:02,2026-04-07 09:30:02
1797,captcha_1797.png,56378P,SUCCESS,PMJAY,2026-04-07 09:54:04,2026-04-07 09:54:04
1798,captcha_1798.png,M6R7PA,SUCCESS,PMJAY,2026-04-07 09:54:08,2026-04-07 09:54:08
1799,captcha_1799.png,3A6HNF,SUCCESS,PMJAY,2026-04-07 10:01:04,2026-04-07 10:01:04
1800,captcha_1800.png,XDANH7,SUCCESS,PMJAY,2026-04-07 10:25:04,2026-04-07 10:25:04
1801,captcha_1801.png,F77RRG,SUCCESS,PMJAY,2026-04-07 10:26:03,2026-04-07 10:26:03
1802,captcha_1802.png,CAKNMF,SUCCESS,PMJAY,2026-04-07 10:32:03,2026-04-07 10:32:03
1803,captcha_1803.png,PYBHBP,SUCCESS,PMJAY,2026-04-07 10:55:34,2026-04-07 10:55:34
1804,captcha_1804.png,2EW2RH,SUCCESS,PMJAY,2026-04-07 10:56:26,2026-04-07 10:56:26
1805,captcha_1805.png,BR2PBF,SUCCESS,PMJAY,2026-04-07 11:01:58,2026-04-07 11:01:58
1806,captcha_1806.png,F4PEWX,SUCCESS,PMJAY,2026-04-07 11:07:54,2026-04-07 11:07:54
1807,captcha_1807.png,X5FBH5,SUCCESS,PMJAY,2026-04-07 11:08:05,2026-04-07 11:08:05
1808,captcha_1808.png,8K7C2E,SUCCESS,PMJAY,2026-04-07 11:08:14,2026-04-07 11:08:14
1809,captcha_1809.png,2HX3RH,SUCCESS,PMJAY,2026-04-07 11:08:22,2026-04-07 11:08:22
1810,captcha_1810.png,F582CD,SUCCESS,PMJAY,2026-04-07 11:08:30,2026-04-07 11:08:31
1811,captcha_1811.png,8K7C2E,SUCCESS,PMJAY,2026-04-07 11:08:52,2026-04-07 11:08:52
1812,captcha_1812.png,KNDYWD,SUCCESS,PMJAY,2026-04-07 11:08:57,2026-04-07 11:08:57
1813,captcha_1813.png,G57GEX,SUCCESS,PMJAY,2026-04-07 11:09:01,2026-04-07 11:09:01
1814,captcha_1814.png,H3FN8W,SUCCESS,PMJAY,2026-04-07 11:09:09,2026-04-07 11:09:09
1815,captcha_1815.png,8K7C2E,SUCCESS,PMJAY,2026-04-07 11:11:42,2026-04-07 11:11:42
1816,captcha_1816.png,AX3ADH,SUCCESS,PMJAY,2026-04-07 11:13:03,2026-04-07 11:13:03
1817,captcha_1817.png,34FBFE,SUCCESS,PMJAY,2026-04-07 11:13:11,2026-04-07 11:13:11
1818,captcha_1818.png,AFK532,SUCCESS,PMJAY,2026-04-07 11:13:16,2026-04-07 11:13:16
1819,captcha_1819.png,AMYD2K,SUCCESS,PMJAY,2026-04-07 11:13:28,2026-04-07 11:13:28
1820,captcha_1820.png,FAX3GN,SUCCESS,PMJAY,2026-04-07 11:13:36,2026-04-07 11:13:36
1821,captcha_1821.png,F6787W,SUCCESS,PMJAY,2026-04-07 11:14:03,2026-04-07 11:14:03
1822,captcha_1822.png,AMYD2K,SUCCESS,PMJAY,2026-04-07 11:14:07,2026-04-07 11:14:07
1823,captcha_1823.png,KPHCHY,SUCCESS,PMJAY,2026-04-07 11:14:11,2026-04-07 11:14:11
1824,captcha_1824.png,KPHCHY,SUCCESS,PMJAY,2026-04-07 11:17:32,2026-04-07 11:17:32
1825,captcha_1825.png,86WFN2,SUCCESS,PMJAY,2026-04-07 11:17:43,2026-04-07 11:17:43
1826,captcha_1826.png,WKGE55,SUCCESS,PMJAY,2026-04-07 11:17:47,2026-04-07 11:17:47
1827,captcha_1827.png,XGCEHM,SUCCESS,PMJAY,2026-04-07 11:17:54,2026-04-07 11:17:55
1828,captcha_1828.png,WKGE55,SUCCESS,PMJAY,2026-04-07 11:18:03,2026-04-07 11:18:03
1829,captcha_1829.png,86WFN2,SUCCESS,PMJAY,2026-04-07 11:20:37,2026-04-07 11:20:37
1830,captcha_1830.png,D2XFRD,SUCCESS,PMJAY,2026-04-07 11:25:58,2026-04-07 11:25:58
1831,captcha_1831.png,66KYWM,SUCCESS,PMJAY,2026-04-07 11:26:04,2026-04-07 11:26:04
1832,captcha_1832.png,XG8FH2,SUCCESS,PMJAY,2026-04-07 11:26:08,2026-04-07 11:26:08
1833,captcha_1833.png,WB532W,SUCCESS,PMJAY,2026-04-07 11:34:18,2026-04-07 11:34:18
1834,captcha_1834.png,WB532W,SUCCESS,PMJAY,2026-04-07 11:37:15,2026-04-07 11:37:15
1835,captcha_1835.png,WB532W,SUCCESS,PMJAY,2026-04-07 11:40:06,2026-04-07 11:40:06
1836,captcha_1836.png,WMCM3R,SUCCESS,PMJAY,2026-04-08 05:01:19,2026-04-08 05:01:20
1837,captcha_1837.png,BRC25Y,SUCCESS,PMJAY,2026-04-08 05:01:24,2026-04-08 05:01:24
1838,captcha_1838.png,C4HAWX,SUCCESS,PMJAY,2026-04-08 05:01:28,2026-04-08 05:01:28
1839,captcha_1839.png,ME2N47,SUCCESS,PMJAY,2026-04-08 05:01:32,2026-04-08 05:01:32
1840,captcha_1840.png,22NF6Y,SUCCESS,PMJAY,2026-04-08 05:01:36,2026-04-08 05:01:36
1841,captcha_1841.png,WXDPW8,SUCCESS,PMJAY,2026-04-08 05:03:08,2026-04-08 05:03:08
1842,captcha_1842.png,RPXK7F,SUCCESS,PMJAY,2026-04-08 05:03:13,2026-04-08 05:03:13
1843,captcha_1843.png,HP3A5M,SUCCESS,PMJAY,2026-04-08 05:03:18,2026-04-08 05:03:18
1844,captcha_1844.png,CHCHBZ,SUCCESS,PMJAY,2026-04-08 05:11:35,2026-04-08 05:11:35
1845,captcha_1845.png,W6DBYK,SUCCESS,PMJAY,2026-04-08 05:11:40,2026-04-08 05:11:40
1846,captcha_1846.png,W6DBYK,SUCCESS,PMJAY,2026-04-08 05:14:40,2026-04-08 05:14:40
1847,captcha_1847.png,W6DBYK,SUCCESS,PMJAY,2026-04-08 05:17:35,2026-04-08 05:17:35
1848,captcha_1848.png,4EXDD7,SUCCESS,PMJAY,2026-04-08 05:27:53,2026-04-08 05:27:53
1849,captcha_1849.png,3BWHDF,SUCCESS,PMJAY,2026-04-08 05:27:58,2026-04-08 05:27:58
1850,captcha_1850.png,YYXD53,SUCCESS,PMJAY,2026-04-08 05:28:06,2026-04-08 05:28:06
1851,captcha_1851.png,WWWWHBK,SUCCESS,PMJAY,2026-04-08 05:28:10,2026-04-08 05:28:10
1852,captcha_1852.png,3BWHDF,SUCCESS,PMJAY,2026-04-08 05:28:31,2026-04-08 05:28:31
1853,captcha_1853.png,BM8X8A,SUCCESS,PMJAY,2026-04-08 05:29:38,2026-04-08 05:29:38
1854,captcha_1854.png,RZDFWN,SUCCESS,PMJAY,2026-04-08 05:29:49,2026-04-08 05:29:49
1855,captcha_1855.png,BM8X8A,SUCCESS,PMJAY,2026-04-08 05:29:58,2026-04-08 05:29:58
1856,captcha_1856.png,BWNMX8,SUCCESS,PMJAY,2026-04-08 05:30:41,2026-04-08 05:30:41
1857,captcha_1857.png,WRD8C8,SUCCESS,PMJAY,2026-04-08 05:30:46,2026-04-08 05:30:46
1858,captcha_1858.png,EFK47A,SUCCESS,PMJAY,2026-04-08 05:30:51,2026-04-08 05:30:51
1859,captcha_1859.png,2DF7H8,SUCCESS,PMJAY,2026-04-08 05:31:01,2026-04-08 05:31:01
1860,captcha_1860.png,YH6RR6,SUCCESS,PMJAY,2026-04-08 05:42:52,2026-04-08 05:42:52
1861,captcha_1861.png,EAF728,SUCCESS,PMJAY,2026-04-08 05:46:15,2026-04-08 05:46:15
1862,captcha_1862.png,Y56MCD,SUCCESS,PMJAY,2026-04-08 05:57:03,2026-04-08 05:57:03
1863,captcha_1863.png,85WW25,SUCCESS,PMJAY,2026-04-08 05:57:39,2026-04-08 05:57:39
1864,captcha_1864.png,625HKF,SUCCESS,PMJAY,2026-04-08 05:59:27,2026-04-08 05:59:27
1865,captcha_1865.png,EC2M44,SUCCESS,PMJAY,2026-04-08 06:01:28,2026-04-08 06:01:28
1866,captcha_1866.png,N3P335,SUCCESS,PMJAY,2026-04-08 06:12:28,2026-04-08 06:12:28
1867,captcha_1867.png,H6CW3M,SUCCESS,PMJAY,2026-04-08 06:12:40,2026-04-08 06:12:40
1868,captcha_1868.png,MYCRCC,SUCCESS,PMJAY,2026-04-08 06:56:40,2026-04-08 06:56:41
1869,captcha_1869.png,P6R3WD,SUCCESS,PMJAY,2026-04-08 06:56:53,2026-04-08 06:56:53
1870,captcha_1870.png,58GB5K,SUCCESS,PMJAY,2026-04-08 06:56:56,2026-04-08 06:56:56
1871,captcha_1871.png,BFAEC7,SUCCESS,PMJAY,2026-04-08 06:57:02,2026-04-08 06:57:02
1872,captcha_1872.png,YBG3E6,SUCCESS,PMJAY,2026-04-08 06:57:06,2026-04-08 06:57:06
1873,captcha_1873.png,7G45Y4,SUCCESS,PMJAY,2026-04-08 06:57:40,2026-04-08 06:57:40
1874,captcha_1874.png,8BKWMR,SUCCESS,PMJAY,2026-04-08 06:57:48,2026-04-08 06:57:48
1875,captcha_1875.png,7G45Y4,SUCCESS,PMJAY,2026-04-08 06:57:58,2026-04-08 06:57:58
1876,captcha_1876.png,BFAEC7,SUCCESS,PMJAY,2026-04-08 06:59:58,2026-04-08 06:59:58
1877,captcha_1877.png,7G45Y4,SUCCESS,PMJAY,2026-04-08 07:00:48,2026-04-08 07:00:48
1878,captcha_1878.png,XCAB4H,SUCCESS,PMJAY,2026-04-08 07:03:00,2026-04-08 07:03:00
1879,captcha_1879.png,BFAEC7,SUCCESS,PMJAY,2026-04-08 07:03:04,2026-04-08 07:03:04
1880,captcha_1880.png,BPF46W,SUCCESS,PMJAY,2026-04-08 07:03:09,2026-04-08 07:03:09
1881,captcha_1881.png,BPF46W,SUCCESS,PMJAY,2026-04-08 07:03:13,2026-04-08 07:03:13
1882,captcha_1882.png,DDCYHK,SUCCESS,PMJAY,2026-04-08 07:03:18,2026-04-08 07:03:18
1883,captcha_1883.png,DDCYHK,SUCCESS,PMJAY,2026-04-08 07:04:01,2026-04-08 07:04:01
1884,captcha_1884.png,BPF46W,SUCCESS,PMJAY,2026-04-08 07:04:15,2026-04-08 07:04:15
1885,captcha_1885.png,NWY47W,SUCCESS,PMJAY,2026-04-08 07:04:58,2026-04-08 07:04:58
1886,captcha_1886.png,N7CAY3,SUCCESS,PMJAY,2026-04-08 07:05:22,2026-04-08 07:05:22
1887,captcha_1887.png,F2KWDY,SUCCESS,PMJAY,2026-04-08 07:05:31,2026-04-08 07:05:32
1888,captcha_1888.png,N7CAY3,SUCCESS,PMJAY,2026-04-08 07:05:42,2026-04-08 07:05:42
1889,captcha_1889.png,7AR8CP,SUCCESS,PMJAY,2026-04-08 07:07:23,2026-04-08 07:07:23
1890,captcha_1890.png,M8NNY4,SUCCESS,PMJAY,2026-04-08 07:07:34,2026-04-08 07:07:34
1891,captcha_1891.png,NWY47W,SUCCESS,PMJAY,2026-04-08 07:07:52,2026-04-08 07:07:52
1892,captcha_1892.png,N7CAY3,SUCCESS,PMJAY,2026-04-08 07:08:40,2026-04-08 07:08:41
1893,captcha_1893.png,KN7345,SUCCESS,PMJAY,2026-04-08 07:09:14,2026-04-08 07:09:14
1894,captcha_1894.png,RXD8AX,SUCCESS,PMJAY,2026-04-08 07:09:29,2026-04-08 07:09:29
1895,captcha_1895.png,8CAPF2,SUCCESS,PMJAY,2026-04-08 07:10:19,2026-04-08 07:10:19
1896,captcha_1896.png,4FM6EG,SUCCESS,PMJAY,2026-04-08 07:11:45,2026-04-08 07:11:45
1897,captcha_1897.png,YFA5GM,SUCCESS,PMJAY,2026-04-08 07:13:55,2026-04-08 07:13:55
1898,captcha_1898.png,YFA5GM,SUCCESS,PMJAY,2026-04-08 07:13:59,2026-04-08 07:13:59
1899,captcha_1899.png,RYAWWR,SUCCESS,PMJAY,2026-04-08 07:14:10,2026-04-08 07:14:10
1900,captcha_1900.png,PYAWWR,SUCCESS,PMJAY,2026-04-08 07:14:14,2026-04-08 07:14:14
1901,captcha_1901.png,W6883Y,SUCCESS,PMJAY,2026-04-08 07:14:18,2026-04-08 07:14:18
1902,captcha_1902.png,R6HB3X,SUCCESS,PMJAY,2026-04-08 07:14:55,2026-04-08 07:14:55
1903,captcha_1903.png,Y8PGPW,SUCCESS,PMJAY,2026-04-08 07:14:59,2026-04-08 07:15:00
1904,captcha_1904.png,YD635A,SUCCESS,PMJAY,2026-04-08 07:15:05,2026-04-08 07:15:05
1905,captcha_1905.png,YD635A,SUCCESS,PMJAY,2026-04-08 07:15:08,2026-04-08 07:15:08
1906,captcha_1906.png,6EGNRF,SUCCESS,PMJAY,2026-04-08 07:15:15,2026-04-08 07:15:15
1907,captcha_1907.png,6EGNRF,SUCCESS,PMJAY,2026-04-08 07:15:56,2026-04-08 07:15:56
1908,captcha_1908.png,XDB5AB,SUCCESS,PMJAY,2026-04-08 07:27:31,2026-04-08 07:27:31
1909,captcha_1909.png,K65DR8,SUCCESS,PMJAY,2026-04-08 07:37:56,2026-04-08 07:37:56
1910,captcha_1910.png,2AKHAM,SUCCESS,PMJAY,2026-04-08 07:39:27,2026-04-08 07:39:27
1911,captcha_1911.png,AYAEE2,SUCCESS,PMJAY,2026-04-08 07:45:39,2026-04-08 07:45:39
1912,captcha_1912.png,N38KY8,SUCCESS,PMJAY,2026-04-08 07:56:52,2026-04-08 07:56:52
1913,captcha_1913.png,HPRFW4,SUCCESS,PMJAY,2026-04-08 08:13:54,2026-04-08 08:13:54
1914,captcha_1914.png,FH72MM,SUCCESS,PMJAY,2026-04-08 08:13:58,2026-04-08 08:13:58
1915,captcha_1915.png,YG82FP,SUCCESS,PMJAY,2026-04-08 08:14:02,2026-04-08 08:14:02
1916,captcha_1916.png,G2RHHX,SUCCESS,PMJAY,2026-04-08 08:14:13,2026-04-08 08:14:13
1917,captcha_1917.png,HKY8W7,SUCCESS,PMJAY,2026-04-08 08:14:18,2026-04-08 08:14:18
1918,captcha_1918.png,5FAERE,SUCCESS,PMJAY,2026-04-08 08:14:55,2026-04-08 08:14:55
1919,captcha_1919.png,G2RHHX,SUCCESS,PMJAY,2026-04-08 08:14:58,2026-04-08 08:14:58
1920,captcha_1920.png,AED4RE,SUCCESS,PMJAY,2026-04-08 08:15:03,2026-04-08 08:15:03
1921,captcha_1921.png,R864RW,SUCCESS,PMJAY,2026-04-08 08:15:08,2026-04-08 08:15:08
1922,captcha_1922.png,G65CDD,SUCCESS,PMJAY,2026-04-08 08:15:19,2026-04-08 08:15:19
1923,captcha_1923.png,HKY8W7,SUCCESS,PMJAY,2026-04-08 08:17:21,2026-04-08 08:17:21
1924,captcha_1924.png,G2RHHX,SUCCESS,PMJAY,2026-04-08 08:17:56,2026-04-08 08:17:56
1925,captcha_1925.png,DEFWEW,SUCCESS,PMJAY,2026-04-08 08:19:28,2026-04-08 08:19:28
1926,captcha_1926.png,D76PXA,SUCCESS,PMJAY,2026-04-08 08:19:39,2026-04-08 08:19:39
1927,captcha_1927.png,HKY8W7,SUCCESS,PMJAY,2026-04-08 08:20:16,2026-04-08 08:20:16
1928,captcha_1928.png,7REH68,SUCCESS,PMJAY,2026-04-08 08:22:22,2026-04-08 08:22:22
1929,captcha_1929.png,H3DCDH,SUCCESS,PMJAY,2026-04-08 08:22:30,2026-04-08 08:22:30
1930,captcha_1930.png,PPC6EN,SUCCESS,PMJAY,2026-04-08 08:45:02,2026-04-08 08:45:02
1931,captcha_1931.png,4HCGRH,SUCCESS,PMJAY,2026-04-08 08:45:07,2026-04-08 08:45:07
1932,captcha_1932.png,MF358N,SUCCESS,PMJAY,2026-04-08 08:45:20,2026-04-08 08:45:20
1933,captcha_1933.png,M2XFDC,SUCCESS,PMJAY,2026-04-08 08:49:35,2026-04-08 08:49:35
1934,captcha_1934.png,D4A3X5,SUCCESS,PMJAY,2026-04-08 08:49:43,2026-04-08 08:49:43
1935,captcha_1935.png,K67NC4,SUCCESS,PMJAY,2026-04-08 08:52:20,2026-04-08 08:52:20
1936,captcha_1936.png,W6FW42,SUCCESS,PMJAY,2026-04-08 09:14:50,2026-04-08 09:14:50
1937,captcha_1937.png,CRF3GY,SUCCESS,PMJAY,2026-04-08 09:15:15,2026-04-08 09:15:15
1938,captcha_1938.png,X7F7BK,SUCCESS,PMJAY,2026-04-08 09:20:05,2026-04-08 09:20:05
1939,captcha_1939.png,PE4FG6,SUCCESS,PMJAY,2026-04-08 09:22:38,2026-04-08 09:22:38
1940,captcha_1940.png,2W4CBF,SUCCESS,PMJAY,2026-04-08 09:44:26,2026-04-08 09:44:26
1941,captcha_1941.png,PW6R6F,SUCCESS,PMJAY,2026-04-08 09:44:54,2026-04-08 09:44:54
1942,captcha_1942.png,A6PC4D,SUCCESS,PMJAY,2026-04-08 09:49:52,2026-04-08 09:49:53
1943,captcha_1943.png,7RY74M,SUCCESS,PMJAY,2026-04-08 09:52:43,2026-04-08 09:52:43
1944,captcha_1944.png,MHMKKE,SUCCESS,PMJAY,2026-04-08 10:14:23,2026-04-08 10:14:23
1945,captcha_1945.png,B5P4PK,SUCCESS,PMJAY,2026-04-08 10:15:01,2026-04-08 10:15:01
1946,captcha_1946.png,YAGHMH,SUCCESS,PMJAY,2026-04-08 10:20:19,2026-04-08 10:20:19
1947,captcha_1947.png,254RW8,SUCCESS,PMJAY,2026-04-08 10:22:22,2026-04-08 10:22:22
1948,captcha_1948.png,B8GNG8,SUCCESS,PMJAY,2026-04-08 10:46:11,2026-04-08 10:46:11
1949,captcha_1949.png,P3DWR8,SUCCESS,PMJAY,2026-04-08 10:50:16,2026-04-08 10:50:16
1950,captcha_1950.png,A4W4HM,SUCCESS,PMJAY,2026-04-08 11:02:07,2026-04-08 11:02:07
1951,captcha_1951.png,PPCGKW,SUCCESS,PMJAY,2026-04-08 11:02:43,2026-04-08 11:02:43
1952,captcha_1952.png,285H5C,SUCCESS,PMJAY,2026-04-08 11:02:47,2026-04-08 11:02:47
1953,captcha_1953.png,HRPPM4,SUCCESS,PMJAY,2026-04-08 11:02:57,2026-04-08 11:02:57
1954,captcha_1954.png,R2Y5FW,SUCCESS,PMJAY,2026-04-08 11:03:02,2026-04-08 11:03:02
1955,captcha_1955.png,EH7X2E,SUCCESS,PMJAY,2026-04-08 11:03:48,2026-04-08 11:03:48
1956,captcha_1956.png,R5XB6G,SUCCESS,PMJAY,2026-04-08 11:04:07,2026-04-08 11:04:07
1957,captcha_1957.png,A4W4HM,SUCCESS,PMJAY,2026-04-08 11:06:02,2026-04-08 11:06:02
1958,captcha_1958.png,A4W4HM,SUCCESS,PMJAY,2026-04-08 11:10:16,2026-04-08 11:10:16
1959,captcha_1959.png,7BNXCF,SUCCESS,PMJAY,2026-04-08 11:11:28,2026-04-08 11:11:28
1960,captcha_1960.png,7BNXCF,SUCCESS,PMJAY,2026-04-08 11:15:10,2026-04-08 11:15:10
1961,captcha_1961.png,HPAPN5,SUCCESS,PMJAY,2026-04-08 11:16:24,2026-04-08 11:16:24
1962,captcha_1962.png,7R2DXC,SUCCESS,PMJAY,2026-04-08 11:16:58,2026-04-08 11:16:58
1963,captcha_1963.png,XWP6NW,SUCCESS,PMJAY,2026-04-08 11:32:44,2026-04-08 11:32:44
1964,captcha_1964.png,WPM387,SUCCESS,PMJAY,2026-04-08 11:33:12,2026-04-08 11:33:12
1965,captcha_1965.png,3EN346,SUCCESS,PMJAY,2026-04-08 11:33:51,2026-04-08 11:33:51
1966,captcha_1966.png,4FCRXY,SUCCESS,PMJAY,2026-04-08 11:47:06,2026-04-08 11:47:06
1967,captcha_1967.png,CH84E5,SUCCESS,PMJAY,2026-04-08 12:03:34,2026-04-08 12:03:34
1968,captcha_1968.png,54BXM5,SUCCESS,PMJAY,2026-04-08 12:04:30,2026-04-08 12:04:30
1969,captcha_1969.png,XNH8KB,SUCCESS,PMJAY,2026-04-08 12:04:43,2026-04-08 12:04:43
1970,captcha_1970.png,EW336R,SUCCESS,PMJAY,2026-04-08 12:33:38,2026-04-08 12:33:38
1971,captcha_1971.png,Y2REE8,SUCCESS,PMJAY,2026-04-08 12:33:53,2026-04-08 12:33:53
1972,captcha_1972.png,3DCD6N,SUCCESS,PMJAY,2026-04-08 12:34:23,2026-04-08 12:34:23
1973,captcha_1973.png,YP5E6G,SUCCESS,PMJAY,2026-04-08 13:03:50,2026-04-08 13:03:51
1974,captcha_1974.png,2C6RK5,SUCCESS,PMJAY,2026-04-08 13:04:38,2026-04-08 13:04:38
1975,captcha_1975.png,KWB2WG,SUCCESS,PMJAY,2026-04-08 13:04:42,2026-04-08 13:04:42
1976,captcha_1976.png,B3PAA3,SUCCESS,PMJAY,2026-04-08 13:15:28,2026-04-08 13:15:28
1977,captcha_1977.png,3PEP8D,SUCCESS,PMJAY,2026-04-08 13:15:37,2026-04-08 13:15:37
1978,captcha_1978.png,YNNY5C,SUCCESS,PMJAY,2026-04-08 13:16:28,2026-04-08 13:16:28
1979,captcha_1979.png,3M2MXG,SUCCESS,PMJAY,2026-04-08 13:16:47,2026-04-08 13:16:47
1980,captcha_1980.png,K3WRW6,SUCCESS,PMJAY,2026-04-08 13:16:57,2026-04-08 13:16:57
1981,captcha_1981.png,3M2MXG,SUCCESS,PMJAY,2026-04-08 13:19:46,2026-04-08 13:19:46
1982,captcha_1982.png,K3WRW6,SUCCESS,PMJAY,2026-04-08 13:19:56,2026-04-08 13:19:56
1983,captcha_1983.png,3M2MXG,SUCCESS,PMJAY,2026-04-08 13:22:43,2026-04-08 13:22:43
1984,captcha_1984.png,K3WRW6,SUCCESS,PMJAY,2026-04-08 13:22:51,2026-04-08 13:22:51
1985,captcha_1985.png,MMR82M,SUCCESS,PMJAY,2026-04-08 13:24:46,2026-04-08 13:24:46
1986,captcha_1986.png,BA3D86,SUCCESS,PMJAY,2026-04-08 13:24:54,2026-04-08 13:24:54
1987,captcha_1987.png,MMR82M,SUCCESS,PMJAY,2026-04-08 13:27:40,2026-04-08 13:27:40
1988,captcha_1988.png,BA3D86,SUCCESS,PMJAY,2026-04-08 13:27:53,2026-04-08 13:27:54
1989,captcha_1989.png,MMR82M,SUCCESS,PMJAY,2026-04-08 13:30:41,2026-04-08 13:30:41
1990,captcha_1990.png,BA3D86,SUCCESS,PMJAY,2026-04-08 13:30:53,2026-04-08 13:30:53
1991,captcha_1991.png,5EKWX5,SUCCESS,PMJAY,2026-04-08 13:32:43,2026-04-08 13:32:43
1992,captcha_1992.png,DM2BYC,SUCCESS,PMJAY,2026-04-08 13:32:56,2026-04-08 13:32:56
1993,captcha_1993.png,5EKWX5,SUCCESS,PMJAY,2026-04-08 13:35:52,2026-04-08 13:35:52
1994,captcha_1994.png,DM2BYC,SUCCESS,PMJAY,2026-04-08 13:36:03,2026-04-08 13:36:03
1995,captcha_1995.png,5EKWX5,SUCCESS,PMJAY,2026-04-08 13:38:53,2026-04-08 13:38:53
1996,captcha_1996.png,DM2BYC,SUCCESS,PMJAY,2026-04-08 13:39:03,2026-04-08 13:39:03
1997,captcha_1997.png,H8MPK5,SUCCESS,PMJAY,2026-04-08 13:41:00,2026-04-08 13:41:00
1998,captcha_1998.png,R7RKEN,SUCCESS,PMJAY,2026-04-08 13:41:05,2026-04-08 13:41:05
1999,captcha_1999.png,Y3CP5K,SUCCESS,PMJAY,2026-04-08 13:41:14,2026-04-08 13:41:14
2000,captcha_2000.png,H8MPK5,SUCCESS,PMJAY,2026-04-08 13:44:14,2026-04-08 13:44:14
2001,captcha_2001.png,YC5CF7,SUCCESS,PMJAY,2026-04-08 13:45:23,2026-04-08 13:45:23
2002,captcha_2002.png,H8MPK5,SUCCESS,PMJAY,2026-04-08 13:47:28,2026-04-08 13:47:28
2003,captcha_2003.png,AYB4BC,SUCCESS,PMJAY,2026-04-08 13:52:11,2026-04-08 13:52:11
2004,captcha_2004.png,6K443G,SUCCESS,PMJAY,2026-04-08 13:52:23,2026-04-08 13:52:23
2005,captcha_2005.png,6WNF6K,SUCCESS,PMJAY,2026-04-08 13:52:27,2026-04-08 13:52:27
2006,captcha_2006.png,DP8BWN,SUCCESS,PMJAY,2026-04-08 13:52:42,2026-04-08 13:52:42
2007,captcha_2007.png,W7D57M,SUCCESS,PMJAY,2026-04-08 13:52:50,2026-04-08 13:52:50
2008,captcha_2008.png,DC45P5,SUCCESS,PMJAY,2026-04-08 13:53:10,2026-04-08 13:53:10
2009,captcha_2009.png,C57P7P,SUCCESS,PMJAY,2026-04-08 13:53:17,2026-04-08 13:53:17
2010,captcha_2010.png,C6B7AK,SUCCESS,PMJAY,2026-04-08 13:53:21,2026-04-08 13:53:21
2011,captcha_2011.png,W7HKPG,SUCCESS,PMJAY,2026-04-08 13:53:24,2026-04-08 13:53:24
2012,captcha_2012.png,DC45P5,SUCCESS,PMJAY,2026-04-08 13:53:36,2026-04-08 13:53:36
2013,captcha_2013.png,C57P7P,SUCCESS,PMJAY,2026-04-08 13:56:12,2026-04-08 13:56:12
2014,captcha_2014.png,C6B7AK,SUCCESS,PMJAY,2026-04-08 13:56:17,2026-04-08 13:56:17
2015,captcha_2015.png,DC45P5,SUCCESS,PMJAY,2026-04-08 13:56:27,2026-04-08 13:56:27
2016,captcha_2016.png,C6B7AK,SUCCESS,PMJAY,2026-04-08 13:59:11,2026-04-08 13:59:11
2017,captcha_2017.png,C57P7P,SUCCESS,PMJAY,2026-04-08 13:59:16,2026-04-08 13:59:16
2018,captcha_2018.png,DC45P5,SUCCESS,PMJAY,2026-04-08 13:59:27,2026-04-08 13:59:27
2019,captcha_2019.png,FK6NMF,SUCCESS,PMJAY,2026-04-08 14:01:09,2026-04-08 14:01:09
2020,captcha_2020.png,NWH3ME,SUCCESS,PMJAY,2026-04-08 14:01:14,2026-04-08 14:01:14
2021,captcha_2021.png,24AW62,SUCCESS,PMJAY,2026-04-08 14:01:19,2026-04-08 14:01:19
2022,captcha_2022.png,N62MEF,SUCCESS,PMJAY,2026-04-08 14:01:28,2026-04-08 14:01:28
2023,captcha_2023.png,35FD67,SUCCESS,PMJAY,2026-04-08 14:01:36,2026-04-08 14:01:36
2024,captcha_2024.png,NWH3ME,SUCCESS,PMJAY,2026-04-08 14:04:23,2026-04-08 14:04:23
2025,captcha_2025.png,NWH3ME,SUCCESS,PMJAY,2026-04-08 14:07:29,2026-04-08 14:07:29
2026,captcha_2026.png,HM6GRW,SUCCESS,PMJAY,2026-04-08 14:09:23,2026-04-08 14:09:23
2027,captcha_2027.png,HM6GRW,SUCCESS,PMJAY,2026-04-08 14:12:23,2026-04-08 14:12:23
2028,captcha_2028.png,HM6GRW,SUCCESS,PMJAY,2026-04-08 14:15:22,2026-04-08 14:15:22
2029,captcha_2029.png,YEHKN4,SUCCESS,PMJAY,2026-04-08 14:17:26,2026-04-08 14:17:26
2030,captcha_2030.png,YEHKN4,SUCCESS,PMJAY,2026-04-08 14:20:40,2026-04-08 14:20:40
2031,captcha_2031.png,YEHKN4,SUCCESS,PMJAY,2026-04-08 14:23:40,2026-04-08 14:23:40
2032,captcha_2032.png,N4FE5H,SUCCESS,PMJAY,2026-04-08 14:25:41,2026-04-08 14:25:41
2033,captcha_2033.png,N4FE5H,SUCCESS,PMJAY,2026-04-08 14:28:39,2026-04-08 14:28:39
2034,captcha_2034.png,EM8HNA,SUCCESS,PMJAY,2026-04-08 14:31:09,2026-04-08 14:31:09
2035,captcha_2035.png,N4FE5H,SUCCESS,PMJAY,2026-04-08 14:31:40,2026-04-08 14:31:40
2036,captcha_2036.png,Y5E4WD,SUCCESS,PMJAY,2026-04-08 14:31:58,2026-04-08 14:31:58
2037,captcha_2037.png,FMX6G8,SUCCESS,PMJAY,2026-04-08 14:34:20,2026-04-08 14:34:21
2038,captcha_2038.png,FY7NFP,SUCCESS,PMJAY,2026-04-08 15:02:02,2026-04-08 15:02:02
2039,captcha_2039.png,YMEF4C,SUCCESS,PMJAY,2026-04-08 15:03:30,2026-04-08 15:03:30
2040,captcha_2040.png,G88643,SUCCESS,PMJAY,2026-04-08 15:16:18,2026-04-08 15:16:18
2041,captcha_2041.png,G88643,SUCCESS,PMJAY,2026-04-08 15:19:17,2026-04-08 15:19:17
2042,captcha_2042.png,G88643,SUCCESS,PMJAY,2026-04-08 15:22:20,2026-04-08 15:22:20
2043,captcha_2043.png,5BGFXA,SUCCESS,PMJAY,2026-04-08 15:24:19,2026-04-08 15:24:19
2044,captcha_2044.png,5BGFXA,SUCCESS,PMJAY,2026-04-08 15:27:20,2026-04-08 15:27:20
2045,captcha_2045.png,5BGFXA,SUCCESS,PMJAY,2026-04-08 15:30:20,2026-04-08 15:30:20
2046,captcha_2046.png,E8AHK2,SUCCESS,PMJAY,2026-04-08 15:32:21,2026-04-08 15:32:21
2047,captcha_2047.png,H8XD7G,SUCCESS,PMJAY,2026-04-08 15:32:26,2026-04-08 15:32:26
2048,captcha_2048.png,KNAC7F,SUCCESS,PMJAY,2026-04-08 15:33:39,2026-04-08 15:33:39
2049,captcha_2049.png,E8AHK2,SUCCESS,PMJAY,2026-04-08 15:35:21,2026-04-08 15:35:21
2050,captcha_2050.png,E8AHK2,SUCCESS,PMJAY,2026-04-08 15:38:20,2026-04-08 15:38:21
2051,captcha_2051.png,Y64EBH,SUCCESS,PMJAY,2026-04-08 15:40:23,2026-04-08 15:40:23
2052,captcha_2052.png,Y64EBH,SUCCESS,PMJAY,2026-04-08 15:43:26,2026-04-08 15:43:26
2053,captcha_2053.png,Y64EBH,SUCCESS,PMJAY,2026-04-08 15:46:27,2026-04-08 15:46:27
2054,captcha_2054.png,FHDB5B,SUCCESS,PMJAY,2026-04-08 15:48:25,2026-04-08 15:48:25
2055,captcha_2055.png,FHDB5B,SUCCESS,PMJAY,2026-04-08 15:51:29,2026-04-08 15:51:29
2056,captcha_2056.png,FHDB5B,SUCCESS,PMJAY,2026-04-08 15:54:29,2026-04-08 15:54:29
2057,captcha_2057.png,2P8RC8,SUCCESS,PMJAY,2026-04-08 15:56:27,2026-04-08 15:56:27
2058,captcha_2058.png,2P8RC8,SUCCESS,PMJAY,2026-04-08 15:59:26,2026-04-08 15:59:26
2059,captcha_2059.png,2P8RC8,SUCCESS,PMJAY,2026-04-08 16:02:27,2026-04-08 16:02:27
2060,captcha_2060.png,R4EBNF,SUCCESS,PMJAY,2026-04-08 16:02:53,2026-04-08 16:02:53
2061,captcha_2061.png,F4BWDD,SUCCESS,PMJAY,2026-04-08 16:03:14,2026-04-08 16:03:14
2062,captcha_2062.png,BD2BE3,SUCCESS,PMJAY,2026-04-08 16:03:45,2026-04-08 16:03:45
2063,captcha_2063.png,GGRBW8,SUCCESS,PMJAY,2026-04-08 16:04:27,2026-04-08 16:04:27
2064,captcha_2064.png,GGRBW8,SUCCESS,PMJAY,2026-04-08 16:07:26,2026-04-08 16:07:26
2065,captcha_2065.png,GGRBW8,SUCCESS,PMJAY,2026-04-08 16:10:26,2026-04-08 16:10:26
2066,captcha_2066.png,DC55AN,SUCCESS,PMJAY,2026-04-08 16:12:27,2026-04-08 16:12:28
2067,captcha_2067.png,KRC64E,SUCCESS,PMJAY,2026-04-08 16:14:15,2026-04-08 16:14:15
2068,captcha_2068.png,42M4NY,SUCCESS,PMJAY,2026-04-08 16:14:26,2026-04-08 16:14:26
2069,captcha_2069.png,XXMHBF,SUCCESS,PMJAY,2026-04-08 16:15:05,2026-04-08 16:15:05
2070,captcha_2070.png,DC55AN,SUCCESS,PMJAY,2026-04-08 16:15:28,2026-04-08 16:15:28
2071,captcha_2071.png,XXMHBF,SUCCESS,PMJAY,2026-04-08 16:17:59,2026-04-08 16:17:59
2072,captcha_2072.png,DC55AN,SUCCESS,PMJAY,2026-04-08 16:18:22,2026-04-08 16:18:22
2073,captcha_2073.png,6Y5NF8,SUCCESS,PMJAY,2026-04-08 16:20:28,2026-04-08 16:20:28
2074,captcha_2074.png,XXMHBF,SUCCESS,PMJAY,2026-04-08 16:20:54,2026-04-08 16:20:54
2075,captcha_2075.png,78DBDD,SUCCESS,PMJAY,2026-04-08 16:23:00,2026-04-08 16:23:00
2076,captcha_2076.png,GXW2ND,SUCCESS,PMJAY,2026-04-08 16:23:09,2026-04-08 16:23:09
2077,captcha_2077.png,6Y5NF8,SUCCESS,PMJAY,2026-04-08 16:23:29,2026-04-08 16:23:29
2078,captcha_2078.png,6Y5NF8,SUCCESS,PMJAY,2026-04-08 16:26:35,2026-04-08 16:26:35
2079,captcha_2079.png,A4DXFY,SUCCESS,PMJAY,2026-04-08 16:28:24,2026-04-08 16:28:24
2080,captcha_2080.png,A4DXFY,SUCCESS,PMJAY,2026-04-08 16:31:24,2026-04-08 16:31:24
2081,captcha_2081.png,A4DXFY,SUCCESS,PMJAY,2026-04-08 16:34:29,2026-04-08 16:34:29
2082,captcha_2082.png,8YA6BH,SUCCESS,PMJAY,2026-04-08 16:36:23,2026-04-08 16:36:23
2083,captcha_2083.png,8YA6BH,SUCCESS,PMJAY,2026-04-08 16:39:27,2026-04-08 16:39:27
2084,captcha_2084.png,8YA6BH,SUCCESS,PMJAY,2026-04-08 16:42:30,2026-04-08 16:42:30
2085,captcha_2085.png,7DK7DP,SUCCESS,PMJAY,2026-04-08 16:44:24,2026-04-08 16:44:24
2086,captcha_2086.png,CKKMPM,SUCCESS,PMJAY,2026-04-08 16:44:29,2026-04-08 16:44:29
2087,captcha_2087.png,7DK7DP,SUCCESS,PMJAY,2026-04-08 16:47:23,2026-04-08 16:47:23
2088,captcha_2088.png,7DK7DP,SUCCESS,PMJAY,2026-04-08 16:50:24,2026-04-08 16:50:24
2089,captcha_2089.png,W4AM62,SUCCESS,PMJAY,2026-04-08 16:52:23,2026-04-08 16:52:23
2090,captcha_2090.png,5D28XW,SUCCESS,PMJAY,2026-04-08 16:53:16,2026-04-08 16:53:16
2091,captcha_2091.png,W4AM62,SUCCESS,PMJAY,2026-04-08 16:55:22,2026-04-08 16:55:22
2092,captcha_2092.png,W4AM62,SUCCESS,PMJAY,2026-04-08 16:58:23,2026-04-08 16:58:23
2093,captcha_2093.png,HD8PYX,SUCCESS,PMJAY,2026-04-08 17:00:22,2026-04-08 17:00:22
2094,captcha_2094.png,HD8PYX,SUCCESS,PMJAY,2026-04-08 17:03:22,2026-04-08 17:03:22
2095,captcha_2095.png,HD8PYX,SUCCESS,PMJAY,2026-04-08 17:06:26,2026-04-08 17:06:27
2096,captcha_2096.png,DCMBGB,SUCCESS,PMJAY,2026-04-08 17:08:23,2026-04-08 17:08:23
2097,captcha_2097.png,DCMBGB,SUCCESS,PMJAY,2026-04-08 17:11:21,2026-04-08 17:11:21
2098,captcha_2098.png,KE4EMF,SUCCESS,PMJAY,2026-04-08 17:14:11,2026-04-08 17:14:11
2099,captcha_2099.png,DCMBGB,SUCCESS,PMJAY,2026-04-08 17:14:24,2026-04-08 17:14:24
2100,captcha_2100.png,6D2KFX,SUCCESS,PMJAY,2026-04-08 17:16:22,2026-04-08 17:16:22
2101,captcha_2101.png,6D2KFX,SUCCESS,PMJAY,2026-04-08 17:19:21,2026-04-08 17:19:21
2102,captcha_2102.png,6D2KFX,SUCCESS,PMJAY,2026-04-08 17:22:22,2026-04-08 17:22:22
2103,captcha_2103.png,4747AX,SUCCESS,PMJAY,2026-04-08 17:23:01,2026-04-08 17:23:01
2104,captcha_2104.png,E354PK,SUCCESS,PMJAY,2026-04-08 17:24:23,2026-04-08 17:24:23
2105,captcha_2105.png,E354PK,SUCCESS,PMJAY,2026-04-08 17:27:21,2026-04-08 17:27:21
2106,captcha_2106.png,E354PK,SUCCESS,PMJAY,2026-04-08 17:30:21,2026-04-08 17:30:21
2107,captcha_2107.png,4AHDB2,SUCCESS,PMJAY,2026-04-08 17:32:22,2026-04-08 17:32:22
2108,captcha_2108.png,4AHDB2,SUCCESS,PMJAY,2026-04-08 17:35:29,2026-04-08 17:35:29
2109,captcha_2109.png,4AHDB2,SUCCESS,PMJAY,2026-04-08 17:38:27,2026-04-08 17:38:27
2110,captcha_2110.png,5FGD7D,SUCCESS,PMJAY,2026-04-08 17:40:23,2026-04-08 17:40:24
2111,captcha_2111.png,EX4BYY,SUCCESS,PMJAY,2026-04-08 17:40:29,2026-04-08 17:40:29
2112,captcha_2112.png,EX4BYY,SUCCESS,PMJAY,2026-04-08 17:43:29,2026-04-08 17:43:29
2113,captcha_2113.png,RG44K3,SUCCESS,PMJAY,2026-04-08 17:44:32,2026-04-08 17:44:32
2114,captcha_2114.png,EX4BYY,SUCCESS,PMJAY,2026-04-08 17:46:28,2026-04-08 17:46:28
2115,captcha_2115.png,GBYYK3,SUCCESS,PMJAY,2026-04-08 17:48:29,2026-04-08 17:48:29
2116,captcha_2116.png,GBYYK3,SUCCESS,PMJAY,2026-04-08 17:51:27,2026-04-08 17:51:27
2117,captcha_2117.png,NHAMNM,SUCCESS,PMJAY,2026-04-08 17:53:07,2026-04-08 17:53:07
2118,captcha_2118.png,GBYYK3,SUCCESS,PMJAY,2026-04-08 17:54:28,2026-04-08 17:54:28
2119,captcha_2119.png,BC8GWK,SUCCESS,PMJAY,2026-04-08 17:54:44,2026-04-08 17:54:44
2120,captcha_2120.png,X4YNW2,SUCCESS,PMJAY,2026-04-08 17:56:30,2026-04-08 17:56:30
2121,captcha_2121.png,X4YNW2,SUCCESS,PMJAY,2026-04-08 17:59:29,2026-04-08 17:59:29
2122,captcha_2122.png,X4YNW2,SUCCESS,PMJAY,2026-04-08 18:02:28,2026-04-08 18:02:28
2123,captcha_2123.png,MMYX2A,SUCCESS,PMJAY,2026-04-08 18:04:30,2026-04-08 18:04:30
2124,captcha_2124.png,MMYX2A,SUCCESS,PMJAY,2026-04-08 18:07:33,2026-04-08 18:07:33
2125,captcha_2125.png,MMYX2A,SUCCESS,PMJAY,2026-04-08 18:10:40,2026-04-08 18:10:40
2126,captcha_2126.png,M85D5E,SUCCESS,PMJAY,2026-04-08 18:12:32,2026-04-08 18:12:32
2127,captcha_2127.png,W4HME8,SUCCESS,PMJAY,2026-04-08 18:14:37,2026-04-08 18:14:37
2128,captcha_2128.png,M85D5E,SUCCESS,PMJAY,2026-04-08 18:15:41,2026-04-08 18:15:41
2129,captcha_2129.png,M85D5E,SUCCESS,PMJAY,2026-04-08 18:18:46,2026-04-08 18:18:46
2130,captcha_2130.png,4X3KPC,SUCCESS,PMJAY,2026-04-08 18:20:31,2026-04-08 18:20:31
2131,captcha_2131.png,4X3KPC,SUCCESS,PMJAY,2026-04-08 18:23:30,2026-04-08 18:23:30
2132,captcha_2132.png,P2AF3P,SUCCESS,PMJAY,2026-04-08 18:24:51,2026-04-08 18:24:51
2133,captcha_2133.png,38H6WF,SUCCESS,PMJAY,2026-04-08 18:26:28,2026-04-08 18:26:28
2134,captcha_2134.png,4X3KPC,SUCCESS,PMJAY,2026-04-08 18:26:32,2026-04-08 18:26:32
2135,captcha_2135.png,XDAGP7,SUCCESS,PMJAY,2026-04-08 18:26:46,2026-04-08 18:26:46
2136,captcha_2136.png,2X6XK3,SUCCESS,PMJAY,2026-04-08 18:26:52,2026-04-08 18:26:52
2137,captcha_2137.png,8F4HN6,SUCCESS,PMJAY,2026-04-08 18:28:31,2026-04-08 18:28:31
2138,captcha_2138.png,2X6XK3,SUCCESS,PMJAY,2026-04-08 18:29:55,2026-04-08 18:29:55
2139,captcha_2139.png,8F4HN6,SUCCESS,PMJAY,2026-04-08 18:31:29,2026-04-08 18:31:29
2140,captcha_2140.png,2X6XK3,SUCCESS,PMJAY,2026-04-08 18:32:52,2026-04-08 18:32:52
2141,captcha_2141.png,N436Y8,SUCCESS,PMJAY,2026-04-09 02:38:19,2026-04-09 02:38:19
2142,captcha_2142.png,DGCAKW,SUCCESS,PMJAY,2026-04-09 02:38:22,2026-04-09 02:38:22
2143,captcha_2143.png,XR38WB,SUCCESS,PMJAY,2026-04-09 02:38:26,2026-04-09 02:38:26
2144,captcha_2144.png,EK4K3R,SUCCESS,PMJAY,2026-04-09 02:39:38,2026-04-09 02:39:38
2145,captcha_2145.png,PMR8AR,SUCCESS,PMJAY,2026-04-09 02:39:51,2026-04-09 02:39:51
2146,captcha_2146.png,R3PKDN,SUCCESS,PMJAY,2026-04-09 02:40:15,2026-04-09 02:40:15
2147,captcha_2147.png,EK4K3R,SUCCESS,PMJAY,2026-04-09 02:42:38,2026-04-09 02:42:38
2148,captcha_2148.png,PMR8AR,SUCCESS,PMJAY,2026-04-09 02:42:50,2026-04-09 02:42:50
2149,captcha_2149.png,R3PKDN,SUCCESS,PMJAY,2026-04-09 02:43:14,2026-04-09 02:43:14
2150,captcha_2150.png,EK4K3R,SUCCESS,PMJAY,2026-04-09 02:45:38,2026-04-09 02:45:38
2151,captcha_2151.png,PMR8AR,SUCCESS,PMJAY,2026-04-09 02:45:45,2026-04-09 02:45:45
2152,captcha_2152.png,R3PKDN,SUCCESS,PMJAY,2026-04-09 02:46:14,2026-04-09 02:46:14
2153,captcha_2153.png,MRP2XN,SUCCESS,PMJAY,2026-04-09 02:47:35,2026-04-09 02:47:35
2154,captcha_2154.png,EYNYP,SUCCESS,PMJAY,2026-04-09 02:47:47,2026-04-09 02:47:47
2155,captcha_2155.png,YYMYNY,SUCCESS,PMJAY,2026-04-09 02:47:51,2026-04-09 02:47:51
2156,captcha_2156.png,MRP2XN,SUCCESS,PMJAY,2026-04-09 02:48:09,2026-04-09 02:48:09
2157,captcha_2157.png,8454WD,SUCCESS,PMJAY,2026-04-09 02:48:13,2026-04-09 02:48:13
2158,captcha_2158.png,YYMYNY,SUCCESS,PMJAY,2026-04-09 02:50:48,2026-04-09 02:50:48
2159,captcha_2159.png,MRP2XN,SUCCESS,PMJAY,2026-04-09 02:51:04,2026-04-09 02:51:04
2160,captcha_2160.png,8454WD,SUCCESS,PMJAY,2026-04-09 02:51:08,2026-04-09 02:51:08
2161,captcha_2161.png,YYMYNY,SUCCESS,PMJAY,2026-04-09 02:53:48,2026-04-09 02:53:48
2162,captcha_2162.png,MRP2XN,SUCCESS,PMJAY,2026-04-09 02:54:04,2026-04-09 02:54:04
2163,captcha_2163.png,8454WD,SUCCESS,PMJAY,2026-04-09 02:54:08,2026-04-09 02:54:08
2164,captcha_2164.png,H4FN7R,SUCCESS,PMJAY,2026-04-09 02:55:47,2026-04-09 02:55:47
2165,captcha_2165.png,EYN YNP,SUCCESS,PMJAY,2026-04-09 02:55:57,2026-04-09 02:55:57
2166,captcha_2166.png,AXHN8Y,SUCCESS,PMJAY,2026-04-09 02:56:00,2026-04-09 02:56:00
2167,captcha_2167.png,7WANNK,SUCCESS,PMJAY,2026-04-09 02:56:05,2026-04-09 02:56:05
2168,captcha_2168.png,RABX33,SUCCESS,PMJAY,2026-04-09 02:56:11,2026-04-09 02:56:11
2169,captcha_2169.png,N5C2DE,SUCCESS,PMJAY,2026-04-09 02:56:47,2026-04-09 02:56:47
2170,captcha_2170.png,7WANNK,SUCCESS,PMJAY,2026-04-09 02:57:00,2026-04-09 02:57:00
2171,captcha_2171.png,RABX33,SUCCESS,PMJAY,2026-04-09 02:59:08,2026-04-09 02:59:08
2172,captcha_2172.png,7WANNK,SUCCESS,PMJAY,2026-04-09 03:00:00,2026-04-09 03:00:00
2173,captcha_2173.png,RABX33,SUCCESS,PMJAY,2026-04-09 03:02:03,2026-04-09 03:02:03
2174,captcha_2174.png,7WANNK,SUCCESS,PMJAY,2026-04-09 03:03:00,2026-04-09 03:03:00
2175,captcha_2175.png,M3FP5H,SUCCESS,PMJAY,2026-04-09 03:04:06,2026-04-09 03:04:06
2176,captcha_2176.png,K743CW,SUCCESS,PMJAY,2026-04-09 03:05:00,2026-04-09 03:05:00
2177,captcha_2177.png,32YR8G,SUCCESS,PMJAY,2026-04-09 03:05:12,2026-04-09 03:05:12
2178,captcha_2178.png,K743CW,SUCCESS,PMJAY,2026-04-09 03:05:24,2026-04-09 03:05:25
2179,captcha_2179.png,M3FP5H,SUCCESS,PMJAY,2026-04-09 03:07:05,2026-04-09 03:07:05
2180,captcha_2180.png,K743CW,SUCCESS,PMJAY,2026-04-09 03:08:24,2026-04-09 03:08:24
2181,captcha_2181.png,M3FP5H,SUCCESS,PMJAY,2026-04-09 03:10:06,2026-04-09 03:10:06
2182,captcha_2182.png,K743CW,SUCCESS,PMJAY,2026-04-09 03:11:24,2026-04-09 03:11:24
2183,captcha_2183.png,3BP2Y8,SUCCESS,PMJAY,2026-04-09 03:12:05,2026-04-09 03:12:05
2184,captcha_2184.png,MFR8PW,SUCCESS,PMJAY,2026-04-09 03:13:21,2026-04-09 03:13:21
2185,captcha_2185.png,CE5P6X,SUCCESS,PMJAY,2026-04-09 03:13:29,2026-04-09 03:13:29
2186,captcha_2186.png,MFR8PW,SUCCESS,PMJAY,2026-04-09 03:13:40,2026-04-09 03:13:40
2187,captcha_2187.png,3G7MK4,SUCCESS,PMJAY,2026-04-09 03:13:47,2026-04-09 03:13:47
2188,captcha_2188.png,5AKXX2K,SUCCESS,PMJAY,2026-04-09 03:13:52,2026-04-09 03:13:52
2189,captcha_2189.png,B8WFNG,SUCCESS,PMJAY,2026-04-09 03:14:21,2026-04-09 03:14:21
2190,captcha_2190.png,3G7MK4,SUCCESS,PMJAY,2026-04-09 03:14:32,2026-04-09 03:14:32
2191,captcha_2191.png,5AKX2K,SUCCESS,PMJAY,2026-04-09 03:16:51,2026-04-09 03:16:51
2192,captcha_2192.png,3G7MK4,SUCCESS,PMJAY,2026-04-09 03:17:32,2026-04-09 03:17:32
2193,captcha_2193.png,5AKX2K,SUCCESS,PMJAY,2026-04-09 03:19:46,2026-04-09 03:19:46
2194,captcha_2194.png,3G7MK4,SUCCESS,PMJAY,2026-04-09 03:20:27,2026-04-09 03:20:27
2195,captcha_2195.png,BD5R75,SUCCESS,PMJAY,2026-04-09 03:21:49,2026-04-09 03:21:49
2196,captcha_2196.png,33K8HH,SUCCESS,PMJAY,2026-04-09 03:22:31,2026-04-09 03:22:31
2197,captcha_2197.png,BWXX4F,SUCCESS,PMJAY,2026-04-09 03:22:38,2026-04-09 03:22:38
2198,captcha_2198.png,33K8HH,SUCCESS,PMJAY,2026-04-09 03:22:48,2026-04-09 03:22:48
2199,captcha_2199.png,BD5R75,SUCCESS,PMJAY,2026-04-09 03:24:42,2026-04-09 03:24:42
2200,captcha_2200.png,33K8HH,SUCCESS,PMJAY,2026-04-09 03:25:42,2026-04-09 03:25:42
2201,captcha_2201.png,DKW2KY,SUCCESS,PMJAY,2026-04-09 03:26:11,2026-04-09 03:26:11
2202,captcha_2202.png,BD5R75,SUCCESS,PMJAY,2026-04-09 03:27:42,2026-04-09 03:27:42
2203,captcha_2203.png,33K8HH,SUCCESS,PMJAY,2026-04-09 03:28:43,2026-04-09 03:28:43
2204,captcha_2204.png,YMA8WY,SUCCESS,PMJAY,2026-04-09 03:29:43,2026-04-09 03:29:43
2205,captcha_2205.png,ECG3KK,SUCCESS,PMJAY,2026-04-09 03:30:45,2026-04-09 03:30:45
2206,captcha_2206.png,YMA8WY,SUCCESS,PMJAY,2026-04-09 03:32:37,2026-04-09 03:32:38
2207,captcha_2207.png,ECG3KK,SUCCESS,PMJAY,2026-04-09 03:33:44,2026-04-09 03:33:44
2208,captcha_2208.png,YMA8WY,SUCCESS,PMJAY,2026-04-09 03:35:37,2026-04-09 03:35:37
2209,captcha_2209.png,ECG3KK,SUCCESS,PMJAY,2026-04-09 03:36:44,2026-04-09 03:36:44
2210,captcha_2210.png,2NYCDN,SUCCESS,PMJAY,2026-04-09 03:37:37,2026-04-09 03:37:37
2211,captcha_2211.png,YMG7AK,SUCCESS,PMJAY,2026-04-09 03:38:42,2026-04-09 03:38:42
2212,captcha_2212.png,7EGXH4,SUCCESS,PMJAY,2026-04-09 03:38:51,2026-04-09 03:38:51
2213,captcha_2213.png,YMG7AK,SUCCESS,PMJAY,2026-04-09 03:39:01,2026-04-09 03:39:01
2214,captcha_2214.png,2NYCDN,SUCCESS,PMJAY,2026-04-09 03:40:36,2026-04-09 03:40:36
2215,captcha_2215.png,YMG7AK,SUCCESS,PMJAY,2026-04-09 03:42:01,2026-04-09 03:42:01
2216,captcha_2216.png,2NYCDN,SUCCESS,PMJAY,2026-04-09 03:43:36,2026-04-09 03:43:36
2217,captcha_2217.png,YMG7AK,SUCCESS,PMJAY,2026-04-09 03:44:56,2026-04-09 03:44:56
2218,captcha_2218.png,CM6DCW,SUCCESS,PMJAY,2026-04-09 03:45:38,2026-04-09 03:45:38
2219,captcha_2219.png,GED343,SUCCESS,PMJAY,2026-04-09 03:47:02,2026-04-09 03:47:02
2220,captcha_2220.png,CM6DCW,SUCCESS,PMJAY,2026-04-09 03:48:32,2026-04-09 03:48:32
2221,captcha_2221.png,GED343,SUCCESS,PMJAY,2026-04-09 03:49:55,2026-04-09 03:49:55
2222,captcha_2222.png,CM6DCW,SUCCESS,PMJAY,2026-04-09 03:51:27,2026-04-09 03:51:27
2223,captcha_2223.png,GED343,SUCCESS,PMJAY,2026-04-09 03:52:46,2026-04-09 03:52:46
2224,captcha_2224.png,XM3MC8,SUCCESS,PMJAY,2026-04-09 03:53:33,2026-04-09 03:53:33
2225,captcha_2225.png,4G6MB2,SUCCESS,PMJAY,2026-04-09 03:54:56,2026-04-09 03:54:56
2226,captcha_2226.png,DH8WYX,SUCCESS,PMJAY,2026-04-09 03:55:07,2026-04-09 03:55:07
2227,captcha_2227.png,4G6MB2,SUCCESS,PMJAY,2026-04-09 03:55:20,2026-04-09 03:55:20
2228,captcha_2228.png,MWEW4C,SUCCESS,PMJAY,2026-04-09 03:55:58,2026-04-09 03:55:58
2229,captcha_2229.png,XM3MC8,SUCCESS,PMJAY,2026-04-09 03:56:26,2026-04-09 03:56:26
2230,captcha_2230.png,4G6MB2,SUCCESS,PMJAY,2026-04-09 03:58:10,2026-04-09 03:58:10
2231,captcha_2231.png,XM3MC8,SUCCESS,PMJAY,2026-04-09 03:59:16,2026-04-09 03:59:16
2232,captcha_2232.png,4G6MB2,SUCCESS,PMJAY,2026-04-09 04:01:00,2026-04-09 04:01:00
2233,captcha_2233.png,6KRNEY,SUCCESS,PMJAY,2026-04-09 04:01:25,2026-04-09 04:01:25
2234,captcha_2234.png,GRDPMR,SUCCESS,PMJAY,2026-04-09 04:03:10,2026-04-09 04:03:11
2235,captcha_2235.png,DMRDD4,SUCCESS,PMJAY,2026-04-09 04:03:18,2026-04-09 04:03:18
2236,captcha_2236.png,GRDPMR,SUCCESS,PMJAY,2026-04-09 04:03:29,2026-04-09 04:03:29
2237,captcha_2237.png,GPD7RX,SUCCESS,PMJAY,2026-04-09 04:03:42,2026-04-09 04:03:42
2238,captcha_2238.png,6KRNEY,SUCCESS,PMJAY,2026-04-09 04:04:18,2026-04-09 04:04:19
2239,captcha_2239.png,GPD7RX,SUCCESS,PMJAY,2026-04-09 04:06:36,2026-04-09 04:06:36
2240,captcha_2240.png,6KRNEY,SUCCESS,PMJAY,2026-04-09 04:07:09,2026-04-09 04:07:09
2241,captcha_2241.png,MGN6F4,SUCCESS,PMJAY,2026-04-09 04:09:16,2026-04-09 04:09:16
2242,captcha_2242.png,RXE3XR,SUCCESS,PMJAY,2026-04-09 04:09:27,2026-04-09 04:09:27
2243,captcha_2243.png,GPD7RX,SUCCESS,PMJAY,2026-04-09 04:09:31,2026-04-09 04:09:31
2244,captcha_2244.png,5MBM3G,SUCCESS,PMJAY,2026-04-09 04:11:34,2026-04-09 04:11:34
2245,captcha_2245.png,5MBM3G,SUCCESS,PMJAY,2026-04-09 04:14:28,2026-04-09 04:14:28
2246,captcha_2246.png,5MBM3G,SUCCESS,PMJAY,2026-04-09 04:17:23,2026-04-09 04:17:23
2247,captcha_2247.png,6E2A8X,SUCCESS,PMJAY,2026-04-09 04:19:29,2026-04-09 04:19:29
2248,captcha_2248.png,6E2A8X,SUCCESS,PMJAY,2026-04-09 04:22:22,2026-04-09 04:22:22
2249,captcha_2249.png,7DMN3M,SUCCESS,PMJAY,2026-04-09 04:52:13,2026-04-09 04:52:13
2250,captcha_2250.png,XPF87H,SUCCESS,PMJAY,2026-04-09 04:52:17,2026-04-09 04:52:17
2251,captcha_2251.png,3WAWDC,SUCCESS,PMJAY,2026-04-09 04:52:23,2026-04-09 04:52:23
2252,captcha_2252.png,BANNAW,SUCCESS,PMJAY,2026-04-09 04:52:29,2026-04-09 04:52:29
2253,captcha_2253.png,PBEA8G,SUCCESS,PMJAY,2026-04-09 04:53:10,2026-04-09 04:53:10
2254,captcha_2254.png,BG5KXM,SUCCESS,PMJAY,2026-04-09 04:56:10,2026-04-09 04:56:10
2255,captcha_2255.png,FNMCH3,SUCCESS,PMJAY,2026-04-09 04:57:02,2026-04-09 04:57:02
2256,captcha_2256.png,GPHHDP,SUCCESS,PMJAY,2026-04-09 05:08:18,2026-04-09 05:08:18
2257,captcha_2257.png,78WREH,SUCCESS,PMJAY,2026-04-09 05:08:22,2026-04-09 05:08:22
2258,captcha_2258.png,A3B2YK,SUCCESS,PMJAY,2026-04-09 05:08:31,2026-04-09 05:08:31
2259,captcha_2259.png,BGM6B6,SUCCESS,PMJAY,2026-04-09 05:08:35,2026-04-09 05:08:35
2260,captcha_2260.png,8AHHH8,SUCCESS,PMJAY,2026-04-09 05:08:44,2026-04-09 05:08:44
2261,captcha_2261.png,5CNHEW,SUCCESS,PMJAY,2026-04-09 05:09:18,2026-04-09 05:09:19
2262,captcha_2262.png,782C7A,SUCCESS,PMJAY,2026-04-09 05:20:24,2026-04-09 05:20:24
2263,captcha_2263.png,236X5,SUCCESS,PMJAY,2026-04-09 05:20:42,2026-04-09 05:20:42
2264,captcha_2264.png,6DKFKX,SUCCESS,PMJAY,2026-04-09 05:24:55,2026-04-09 05:24:55
2265,captcha_2265.png,M7NYHN,SUCCESS,PMJAY,2026-04-09 05:25:11,2026-04-09 05:25:11
2266,captcha_2266.png,75RGNE,SUCCESS,PMJAY,2026-04-09 05:25:33,2026-04-09 05:25:33
2267,captcha_2267.png,85YE8E,SUCCESS,PMJAY,2026-04-09 05:25:45,2026-04-09 05:25:45
2268,captcha_2268.png,782C7A,SUCCESS,PMJAY,2026-04-09 05:26:00,2026-04-09 05:26:01
2269,captcha_2269.png,782C7A,SUCCESS,PMJAY,2026-04-09 05:26:34,2026-04-09 05:26:34
2270,captcha_2270.png,C64Y2K,SUCCESS,PMJAY,2026-04-09 05:26:43,2026-04-09 05:26:43
2271,captcha_2271.png,M635GH,SUCCESS,PMJAY,2026-04-09 05:26:54,2026-04-09 05:26:54
2272,captcha_2272.png,5X3DXB,SUCCESS,PMJAY,2026-04-09 05:27:32,2026-04-09 05:27:32
2273,captcha_2273.png,K5C25H,SUCCESS,PMJAY,2026-04-09 05:27:44,2026-04-09 05:27:44
2274,captcha_2274.png,KKGGNM,SUCCESS,PMJAY,2026-04-09 05:36:45,2026-04-09 05:36:45
2275,captcha_2275.png,76P4YP,SUCCESS,PMJAY,2026-04-09 05:36:53,2026-04-09 05:36:53
2276,captcha_2276.png,X23B6R,SUCCESS,PMJAY,2026-04-09 05:37:02,2026-04-09 05:37:02
2277,captcha_2277.png,X23B6R,SUCCESS,PMJAY,2026-04-09 05:37:15,2026-04-09 05:37:15
2278,captcha_2278.png,WFE4GM,SUCCESS,PMJAY,2026-04-09 05:40:09,2026-04-09 05:40:09
2279,captcha_2279.png,X23B6R,SUCCESS,PMJAY,2026-04-09 05:40:13,2026-04-09 05:40:14
2280,captcha_2280.png,6MK454,SUCCESS,PMJAY,2026-04-09 05:40:18,2026-04-09 05:40:18
2281,captcha_2281.png,AEMD3F,SUCCESS,PMJAY,2026-04-09 05:42:15,2026-04-09 05:42:15
2282,captcha_2282.png,N5DKGB,SUCCESS,PMJAY,2026-04-09 05:42:26,2026-04-09 05:42:26
2283,captcha_2283.png,AEMD3F,SUCCESS,PMJAY,2026-04-09 05:42:40,2026-04-09 05:42:40
2284,captcha_2284.png,4YHWAN,SUCCESS,PMJAY,2026-04-09 05:44:55,2026-04-09 05:44:55
2285,captcha_2285.png,N7CB87,SUCCESS,PMJAY,2026-04-09 05:45:03,2026-04-09 05:45:03
2286,captcha_2286.png,4YHWAN,SUCCESS,PMJAY,2026-04-09 05:45:14,2026-04-09 05:45:14
2287,captcha_2287.png,XBZEWG,SUCCESS,PMJAY,2026-04-09 05:47:10,2026-04-09 05:47:10
2288,captcha_2288.png,WYPANF,SUCCESS,PMJAY,2026-04-09 05:47:16,2026-04-09 05:47:16
2289,captcha_2289.png,AMCG6Y,SUCCESS,PMJAY,2026-04-09 05:47:29,2026-04-09 05:47:29
2290,captcha_2290.png,CF3D8A,SUCCESS,PMJAY,2026-04-09 05:47:33,2026-04-09 05:47:33
2291,captcha_2291.png,4YHWAN,SUCCESS,PMJAY,2026-04-09 05:48:09,2026-04-09 05:48:09
2292,captcha_2292.png,REGBF2,SUCCESS,PMJAY,2026-04-09 05:48:26,2026-04-09 05:48:26
2293,captcha_2293.png,4YHWAN,SUCCESS,PMJAY,2026-04-09 05:51:19,2026-04-09 05:51:19
2294,captcha_2294.png,7NEMCC,SUCCESS,PMJAY,2026-04-09 05:52:12,2026-04-09 05:52:12
2295,captcha_2295.png,5ARAN6,SUCCESS,PMJAY,2026-04-09 05:53:36,2026-04-09 05:53:36
2296,captcha_2296.png,5X5W45,SUCCESS,PMJAY,2026-04-09 05:57:34,2026-04-09 05:57:34
2297,captcha_2297.png,GW2HR2,SUCCESS,PMJAY,2026-04-09 06:09:56,2026-04-09 06:09:56
2298,captcha_2298.png,6WPWY4,SUCCESS,PMJAY,2026-04-09 06:18:52,2026-04-09 06:18:52
2299,captcha_2299.png,AC4CWD,SUCCESS,PMJAY,2026-04-09 06:27:22,2026-04-09 06:27:22
2300,captcha_2300.png,2Y3AFE,SUCCESS,PMJAY,2026-04-09 06:28:36,2026-04-09 06:28:36
2301,captcha_2301.png,RHWAEG,SUCCESS,PMJAY,2026-04-09 06:28:41,2026-04-09 06:28:41
2302,captcha_2302.png,5BF2YA,SUCCESS,PMJAY,2026-04-09 06:28:50,2026-04-09 06:28:50
2303,captcha_2303.png,4YFM5B,SUCCESS,PMJAY,2026-04-09 06:39:44,2026-04-09 06:39:44
2304,captcha_2304.png,RPEGF4,SUCCESS,PMJAY,2026-04-09 06:47:51,2026-04-09 06:47:51
2305,captcha_2305.png,WM78DP,SUCCESS,PMJAY,2026-04-09 06:47:58,2026-04-09 06:47:58
2306,captcha_2306.png,BX2DF3,SUCCESS,PMJAY,2026-04-09 06:48:44,2026-04-09 06:48:44
2307,captcha_2307.png,78W2P2,SUCCESS,PMJAY,2026-04-09 06:59:20,2026-04-09 06:59:20
2308,captcha_2308.png,7MH378,SUCCESS,PMJAY,2026-04-09 07:01:07,2026-04-09 07:01:07
2309,captcha_2309.png,A5GGKR,SUCCESS,PMJAY,2026-04-09 07:01:17,2026-04-09 07:01:17
2310,captcha_2310.png,A73H65,SUCCESS,PMJAY,2026-04-09 07:01:49,2026-04-09 07:01:49
2311,captcha_2311.png,NY2FN3,SUCCESS,PMJAY,2026-04-09 07:02:07,2026-04-09 07:02:07
2312,captcha_2312.png,YDACNX,SUCCESS,PMJAY,2026-04-09 07:06:15,2026-04-09 07:06:15
2313,captcha_2313.png,HAB5EH,SUCCESS,PMJAY,2026-04-09 07:06:23,2026-04-09 07:06:23
2314,captcha_2314.png,CNEA7R,SUCCESS,PMJAY,2026-04-09 07:09:49,2026-04-09 07:09:49
2315,captcha_2315.png,PKXYK7,SUCCESS,PMJAY,2026-04-09 07:14:59,2026-04-09 07:14:59
2316,captcha_2316.png,MEMM43,SUCCESS,PMJAY,2026-04-09 07:15:07,2026-04-09 07:15:07
2317,captcha_2317.png,CHHCDK,SUCCESS,PMJAY,2026-04-09 07:15:33,2026-04-09 07:15:33
2318,captcha_2318.png,BADP5G,SUCCESS,PMJAY,2026-04-09 07:15:43,2026-04-09 07:15:43
2319,captcha_2319.png,BADP5G,SUCCESS,PMJAY,2026-04-09 07:21:10,2026-04-09 07:21:10
2320,captcha_2320.png,GY5K74,SUCCESS,PMJAY,2026-04-09 07:21:20,2026-04-09 07:21:20
2321,captcha_2321.png,YWB6KR,SUCCESS,PMJAY,2026-04-09 07:21:31,2026-04-09 07:21:31
2322,captcha_2322.png,PDFAHH,SUCCESS,PMJAY,2026-04-09 07:22:02,2026-04-09 07:22:02
2323,captcha_2323.png,DFH33A,SUCCESS,PMJAY,2026-04-09 07:22:12,2026-04-09 07:22:12
2324,captcha_2324.png,7EFFHN,SUCCESS,PMJAY,2026-04-09 07:56:36,2026-04-09 07:56:36
2325,captcha_2325.png,G38BEK,SUCCESS,PMJAY,2026-04-09 07:56:44,2026-04-09 07:56:44
2326,captcha_2326.png,N5HNNX,SUCCESS,PMJAY,2026-04-09 07:58:51,2026-04-09 07:58:51
2327,captcha_2327.png,HC48WA,SUCCESS,PMJAY,2026-04-09 07:59:01,2026-04-09 07:59:01
2328,captcha_2328.png,3MCK4K,SUCCESS,PMJAY,2026-04-09 08:01:50,2026-04-09 08:01:50
2329,captcha_2329.png,458K5P,SUCCESS,PMJAY,2026-04-09 08:01:59,2026-04-09 08:01:59
2330,captcha_2330.png,F7X24Y,SUCCESS,PMJAY,2026-04-09 08:02:09,2026-04-09 08:02:09
2331,captcha_2331.png,XHPH3C,SUCCESS,PMJAY,2026-04-09 08:02:18,2026-04-09 08:02:18
2332,captcha_2332.png,7NGKA5,SUCCESS,PMJAY,2026-04-09 08:06:19,2026-04-09 08:06:19
2333,captcha_2333.png,4MWRH2,SUCCESS,PMJAY,2026-04-09 08:06:40,2026-04-09 08:06:40
2334,captcha_2334.png,HD4E45,SUCCESS,PMJAY,2026-04-09 08:20:23,2026-04-09 08:20:23
2335,captcha_2335.png,HD4E45,SUCCESS,PMJAY,2026-04-09 08:20:27,2026-04-09 08:20:27
2336,captcha_2336.png,EWG7F3,SUCCESS,PMJAY,2026-04-09 08:20:32,2026-04-09 08:20:32
2337,captcha_2337.png,EWG7F3,SUCCESS,PMJAY,2026-04-09 08:20:35,2026-04-09 08:20:35
2338,captcha_2338.png,7ARKNN,SUCCESS,PMJAY,2026-04-09 08:28:06,2026-04-09 08:28:06
2339,captcha_2339.png,7ARKNN,SUCCESS,PMJAY,2026-04-09 08:28:09,2026-04-09 08:28:09
2340,captcha_2340.png,W2K2KY,SUCCESS,PMJAY,2026-04-09 08:28:14,2026-04-09 08:28:14
2341,captcha_2341.png,W2K2KY,SUCCESS,PMJAY,2026-04-09 08:28:18,2026-04-09 08:28:18
2342,captcha_2342.png,BX55GA,SUCCESS,PMJAY,2026-04-09 08:31:22,2026-04-09 08:31:22
2343,captcha_2343.png,5PEGWP,SUCCESS,PMJAY,2026-04-09 08:31:30,2026-04-09 08:31:30
2344,captcha_2344.png,N2GD4X,SUCCESS,PMJAY,2026-04-09 08:35:36,2026-04-09 08:35:36
2345,captcha_2345.png,4CED82,SUCCESS,PMJAY,2026-04-09 08:35:44,2026-04-09 08:35:44
2346,captcha_2346.png,WRN4MW,SUCCESS,PMJAY,2026-04-09 08:39:13,2026-04-09 08:39:13
2347,captcha_2347.png,WRN4MW,SUCCESS,PMJAY,2026-04-09 08:42:09,2026-04-09 08:42:09
2348,captcha_2348.png,WRN4MW,SUCCESS,PMJAY,2026-04-09 08:45:04,2026-04-09 08:45:04
2349,captcha_2349.png,RB3CDD,SUCCESS,PMJAY,2026-04-09 08:47:06,2026-04-09 08:47:06
2350,captcha_2350.png,NYNPP2,SUCCESS,PMJAY,2026-04-09 08:47:11,2026-04-09 08:47:11
2351,captcha_2351.png,NYNPP2,SUCCESS,PMJAY,2026-04-09 08:50:10,2026-04-09 08:50:11
2352,captcha_2352.png,NYNPP2,SUCCESS,PMJAY,2026-04-09 08:53:06,2026-04-09 08:53:06
2353,captcha_2353.png,66Y65Y,SUCCESS,PMJAY,2026-04-09 08:55:09,2026-04-09 08:55:09
2354,captcha_2354.png,6Y65Y,SUCCESS,PMJAY,2026-04-09 09:16:01,2026-04-09 09:16:02
2355,captcha_2355.png,6Y65Y,SUCCESS,PMJAY,2026-04-09 09:18:57,2026-04-09 09:18:57
2356,captcha_2356.png,664E4A,SUCCESS,PMJAY,2026-04-09 09:20:04,2026-04-09 09:20:04
2357,captcha_2357.png,664E4A,SUCCESS,PMJAY,2026-04-09 09:20:08,2026-04-09 09:20:08
2358,captcha_2358.png,A7GMYB,SUCCESS,PMJAY,2026-04-09 09:20:16,2026-04-09 09:20:16
2359,captcha_2359.png,A7GMYB,SUCCESS,PMJAY,2026-04-09 09:20:20,2026-04-09 09:20:20
2360,captcha_2360.png,G5G4BA,SUCCESS,PMJAY,2026-04-09 09:20:55,2026-04-09 09:20:56
2361,captcha_2361.png,5YAD88,SUCCESS,PMJAY,2026-04-09 09:21:07,2026-04-09 09:21:07
2362,captcha_2362.png,YNCYC,SUCCESS,PMJAY,2026-04-09 09:21:56,2026-04-09 09:21:56
2363,captcha_2363.png,GBNGKE,SUCCESS,PMJAY,2026-04-09 09:22:09,2026-04-09 09:22:09
2364,captcha_2364.png,2XHWWA,SUCCESS,PMJAY,2026-04-09 09:47:07,2026-04-09 09:47:07
2365,captcha_2365.png,2XHWWA,SUCCESS,PMJAY,2026-04-09 09:47:11,2026-04-09 09:47:11
2366,captcha_2366.png,BMK3WK,SUCCESS,PMJAY,2026-04-09 09:47:15,2026-04-09 09:47:15
2367,captcha_2367.png,MFFYAG,SUCCESS,PMJAY,2026-04-09 10:23:16,2026-04-09 10:23:16
2368,captcha_2368.png,MBG8NP,SUCCESS,PMJAY,2026-04-09 10:23:27,2026-04-09 10:23:27
2369,captcha_2369.png,RKACNN,SUCCESS,PMJAY,2026-04-09 10:26:45,2026-04-09 10:26:45
2370,captcha_2370.png,MFWHE4,SUCCESS,PMJAY,2026-04-09 10:27:00,2026-04-09 10:27:00
2371,captcha_2371.png,63MCG4,SUCCESS,PMJAY,2026-04-09 10:27:19,2026-04-09 10:27:19
2372,captcha_2372.png,3XNXKR,SUCCESS,PMJAY,2026-04-09 10:27:25,2026-04-09 10:27:25
2373,captcha_2373.png,3XNXKR,SUCCESS,PMJAY,2026-04-09 10:27:29,2026-04-09 10:27:29
2374,captcha_2374.png,ADWYCN,SUCCESS,PMJAY,2026-04-09 10:27:45,2026-04-09 10:27:45
2375,captcha_2375.png,KXMYX5,SUCCESS,PMJAY,2026-04-09 10:27:49,2026-04-09 10:27:49
2376,captcha_2376.png,YK5FPN,SUCCESS,PMJAY,2026-04-09 10:28:45,2026-04-09 10:28:45
2377,captcha_2377.png,WEBHHE,SUCCESS,PMJAY,2026-04-09 10:28:57,2026-04-09 10:28:57
2378,captcha_2378.png,A2A7BA,SUCCESS,PMJAY,2026-04-09 10:32:14,2026-04-09 10:32:14
2379,captcha_2379.png,M55766,SUCCESS,PMJAY,2026-04-09 10:32:28,2026-04-09 10:32:28
2380,captcha_2380.png,A2A7BA,SUCCESS,PMJAY,2026-04-09 10:32:39,2026-04-09 10:32:39
2381,captcha_2381.png,YC5PC4,SUCCESS,PMJAY,2026-04-09 10:33:29,2026-04-09 10:33:29
2382,captcha_2382.png,GCR55G,SUCCESS,PMJAY,2026-04-09 10:33:48,2026-04-09 10:33:48
2383,captcha_2383.png,M42KP7,SUCCESS,PMJAY,2026-04-09 10:35:20,2026-04-09 10:35:20
2384,captcha_2384.png,AAMMBH,SUCCESS,PMJAY,2026-04-09 10:35:28,2026-04-09 10:35:28
2385,captcha_2385.png,EXD2XE,SUCCESS,PMJAY,2026-04-09 10:35:35,2026-04-09 10:35:35
2386,captcha_2386.png,EXD2XE,SUCCESS,PMJAY,2026-04-09 10:38:29,2026-04-09 10:38:29
2387,captcha_2387.png,EXD2XE,SUCCESS,PMJAY,2026-04-09 10:41:27,2026-04-09 10:41:27
2388,captcha_2388.png,E8NW2A,SUCCESS,PMJAY,2026-04-09 10:43:28,2026-04-09 10:43:28
2389,captcha_2389.png,H5RHCK,SUCCESS,PMJAY,2026-04-09 10:43:36,2026-04-09 10:43:36
2390,captcha_2390.png,PN4M3N,SUCCESS,PMJAY,2026-04-09 10:52:22,2026-04-09 10:52:22
2391,captcha_2391.png,GX7NA5,SUCCESS,PMJAY,2026-04-09 10:52:30,2026-04-09 10:52:30
2392,captcha_2392.png,AA6HKA,SUCCESS,PMJAY,2026-04-09 10:55:40,2026-04-09 10:55:40
2393,captcha_2393.png,E47D7R,SUCCESS,PMJAY,2026-04-09 10:55:50,2026-04-09 10:55:50
2394,captcha_2394.png,MPC365,SUCCESS,PMJAY,2026-04-09 11:28:57,2026-04-09 11:28:57
2395,captcha_2395.png,3RRR54,SUCCESS,PMJAY,2026-04-09 11:29:05,2026-04-09 11:29:05
2396,captcha_2396.png,BPFCGY,SUCCESS,PMJAY,2026-04-09 11:29:59,2026-04-09 11:29:59
2397,captcha_2397.png,8MWWWY,SUCCESS,PMJAY,2026-04-09 11:30:15,2026-04-09 11:30:15
2398,captcha_2398.png,2PCGGD,SUCCESS,PMJAY,2026-04-09 11:30:33,2026-04-09 11:30:33
2399,captcha_2399.png,HMM2XP,SUCCESS,PMJAY,2026-04-10 05:21:15,2026-04-10 05:21:15
2400,captcha_2400.png,KGG3CC,SUCCESS,PMJAY,2026-04-10 05:21:31,2026-04-10 05:21:31
2401,captcha_2401.png,G25WMD,SUCCESS,PMJAY,2026-04-10 05:32:59,2026-04-10 05:32:59
2402,captcha_2402.png,WC62AY,SUCCESS,PMJAY,2026-04-10 05:33:04,2026-04-10 05:33:04
2403,captcha_2403.png,563PCW,SUCCESS,PMJAY,2026-04-10 05:33:10,2026-04-10 05:33:10
2404,captcha_2404.png,KGG5CN,SUCCESS,PMJAY,2026-04-10 05:33:15,2026-04-10 05:33:15
2405,captcha_2405.png,PFW7PN,SUCCESS,PMJAY,2026-04-10 05:33:21,2026-04-10 05:33:21
2406,captcha_2406.png,R6E6EG,SUCCESS,PMJAY,2026-04-10 05:33:59,2026-04-10 05:33:59
2407,captcha_2407.png,AW33PE,SUCCESS,PMJAY,2026-04-10 05:34:03,2026-04-10 05:34:03
2408,captcha_2408.png,DNXP24,SUCCESS,PMJAY,2026-04-10 05:52:01,2026-04-10 05:52:01
2409,captcha_2409.png,HANKW4,SUCCESS,PMJAY,2026-04-10 06:11:07,2026-04-10 06:11:07
2410,captcha_2410.png,8MGNW3,SUCCESS,PMJAY,2026-04-10 06:11:15,2026-04-10 06:11:15
2411,captcha_2411.png,YPDAXM,SUCCESS,PMJAY,2026-04-10 06:12:01,2026-04-10 06:12:01
2412,captcha_2412.png,2WX3M7,SUCCESS,PMJAY,2026-04-10 06:12:09,2026-04-10 06:12:10
2413,captcha_2413.png,R46D7B,SUCCESS,PMJAY,2026-04-10 08:55:36,2026-04-10 08:55:36
2414,captcha_2414.png,KB3KWC,SUCCESS,PMJAY,2026-04-10 08:55:47,2026-04-10 08:55:47
2415,captcha_2415.png,WNAX8E,SUCCESS,PMJAY,2026-04-10 09:02:53,2026-04-10 09:02:53
2416,captcha_2416.png,X24DR5,SUCCESS,PMJAY,2026-04-10 09:03:02,2026-04-10 09:03:02
2417,captcha_2417.png,DMA3CY,SUCCESS,PMJAY,2026-04-10 09:03:25,2026-04-10 09:03:25
2418,captcha_2418.png,8RNHG4,SUCCESS,PMJAY,2026-04-10 09:03:33,2026-04-10 09:03:33
2419,captcha_2419.png,ABYA2M,SUCCESS,PMJAY,2026-04-10 09:03:45,2026-04-10 09:03:45
2420,captcha_2420.png,BXD3N8,SUCCESS,PMJAY,2026-04-10 09:03:54,2026-04-10 09:03:54
2421,captcha_2421.png,GB2B68,SUCCESS,PMJAY,2026-04-10 09:33:19,2026-04-10 09:33:19
2422,captcha_2422.png,H6AKB7,SUCCESS,PMJAY,2026-04-10 09:37:56,2026-04-10 09:37:56
2423,captcha_2423.png,C7WWNN,SUCCESS,PMJAY,2026-04-10 09:38:08,2026-04-10 09:38:08
2424,captcha_2424.png,H6AKB7,SUCCESS,PMJAY,2026-04-10 09:38:21,2026-04-10 09:38:21
2425,captcha_2425.png,WNEC6P,SUCCESS,PMJAY,2026-04-10 09:38:58,2026-04-10 09:38:58
2426,captcha_2426.png,YD2H4N,SUCCESS,PMJAY,2026-04-10 09:39:07,2026-04-10 09:39:07
2427,captcha_2427.png,H6AKB7,SUCCESS,PMJAY,2026-04-10 09:41:11,2026-04-10 09:41:11
2428,captcha_2428.png,H6AKB7,SUCCESS,PMJAY,2026-04-10 09:44:06,2026-04-10 09:44:06
2429,captcha_2429.png,WX78BA,SUCCESS,PMJAY,2026-04-10 09:46:10,2026-04-10 09:46:10
2430,captcha_2430.png,23XWC6,SUCCESS,PMJAY,2026-04-10 09:46:19,2026-04-10 09:46:19
2431,captcha_2431.png,WX78BA,SUCCESS,PMJAY,2026-04-10 09:46:30,2026-04-10 09:46:30
2432,captcha_2432.png,RYKHBN,SUCCESS,PMJAY,2026-04-10 09:46:38,2026-04-10 09:46:38
2433,captcha_2433.png,A476CN,SUCCESS,PMJAY,2026-04-10 09:46:47,2026-04-10 09:46:47
2434,captcha_2434.png,WX78BA,SUCCESS,PMJAY,2026-04-10 09:49:20,2026-04-10 09:49:20
2435,captcha_2435.png,R3CFA8,SUCCESS,PMJAY,2026-04-10 09:49:48,2026-04-10 09:49:48
2436,captcha_2436.png,CC77W5,SUCCESS,PMJAY,2026-04-10 09:49:56,2026-04-10 09:49:56
2437,captcha_2437.png,WX78BA,SUCCESS,PMJAY,2026-04-10 09:52:10,2026-04-10 09:52:10
2438,captcha_2438.png,PRDHICY,SUCCESS,PMJAY,2026-04-10 09:53:02,2026-04-10 09:53:02
2439,captcha_2439.png,NYHC8N,SUCCESS,PMJAY,2026-04-13 05:17:43,2026-04-13 05:17:43
2440,captcha_2440.png,P7XMMX,SUCCESS,PMJAY,2026-04-13 05:18:02,2026-04-13 05:18:02
2441,captcha_2441.png,52YGY7,SUCCESS,PMJAY,2026-04-13 05:18:11,2026-04-13 05:18:11
2442,captcha_2442.png,6C8D42,SUCCESS,PMJAY,2026-04-13 05:18:17,2026-04-13 05:18:17
2443,captcha_2443.png,6PMXFW,SUCCESS,PMJAY,2026-04-13 05:18:23,2026-04-13 05:18:23
2444,captcha_2444.png,MR5GF5,SUCCESS,PMJAY,2026-04-13 05:18:44,2026-04-13 05:18:44
2445,captcha_2445.png,3K8MBR,SUCCESS,PMJAY,2026-04-13 05:18:47,2026-04-13 05:18:47
2446,captcha_2446.png,2NERH8,SUCCESS,PMJAY,2026-04-13 05:21:02,2026-04-13 05:21:02
2447,captcha_2447.png,H5KD77,SUCCESS,PMJAY,2026-04-13 05:21:13,2026-04-13 05:21:13
2448,captcha_2448.png,RA6DPM,SUCCESS,PMJAY,2026-04-13 05:23:15,2026-04-13 05:23:15
2449,captcha_2449.png,FA3GKW,SUCCESS,PMJAY,2026-04-13 05:23:27,2026-04-13 05:23:27
2450,captcha_2450.png,MWPM5G,SUCCESS,PMJAY,2026-04-13 05:33:03,2026-04-13 05:33:03
2451,captcha_2451.png,PNG4D3,SUCCESS,PMJAY,2026-04-13 05:33:11,2026-04-13 05:33:11
2452,captcha_2452.png,AFP8H2,SUCCESS,PMJAY,2026-04-13 05:36:54,2026-04-13 05:36:54
2453,captcha_2453.png,AFP8H2,SUCCESS,PMJAY,2026-04-13 05:37:15,2026-04-13 05:37:15
2454,captcha_2454.png,AFP8H2,SUCCESS,PMJAY,2026-04-13 05:40:18,2026-04-13 05:40:18
2455,captcha_2455.png,44BDKB,SUCCESS,PMJAY,2026-04-13 05:42:15,2026-04-13 05:42:15
2456,captcha_2456.png,N2HAD2,SUCCESS,PMJAY,2026-04-13 05:42:24,2026-04-13 05:42:24
2457,captcha_2457.png,N63KPH,SUCCESS,PMJAY,2026-04-13 05:57:13,2026-04-13 05:57:13
2458,captcha_2458.png,G3HEXW,SUCCESS,PMJAY,2026-04-13 05:57:21,2026-04-13 05:57:21
2459,captcha_2459.png,N5GN4B,SUCCESS,PMJAY,2026-04-13 06:08:28,2026-04-13 06:08:28
2460,captcha_2460.png,3K6W4K,SUCCESS,PMJAY,2026-04-13 06:08:40,2026-04-13 06:08:40
2461,captcha_2461.png,8KCYF3,SUCCESS,PMJAY,2026-04-13 06:09:54,2026-04-13 06:09:54
2462,captcha_2462.png,BPWRDK,SUCCESS,PMJAY,2026-04-13 06:10:29,2026-04-13 06:10:29
2463,captcha_2463.png,4KYKHH,SUCCESS,PMJAY,2026-04-13 06:31:22,2026-04-13 06:31:22
2464,captcha_2464.png,RCC6WY,SUCCESS,PMJAY,2026-04-13 06:31:30,2026-04-13 06:31:30
2465,captcha_2465.png,HDMH6W,SUCCESS,PMJAY,2026-04-13 06:31:35,2026-04-13 06:31:35
2466,captcha_2466.png,HDMH6W,SUCCESS,PMJAY,2026-04-13 06:31:39,2026-04-13 06:31:39
2467,captcha_2467.png,HDMH6W,SUCCESS,PMJAY,2026-04-13 06:31:44,2026-04-13 06:31:44
2468,captcha_2468.png,Y3HY88,SUCCESS,PMJAY,2026-04-13 06:32:28,2026-04-13 06:32:28
2469,captcha_2469.png,3PMYD5,SUCCESS,PMJAY,2026-04-13 06:38:24,2026-04-13 06:38:24
2470,captcha_2470.png,4AA2WB,SUCCESS,PMJAY,2026-04-13 06:45:53,2026-04-13 06:45:53
2471,captcha_2471.png,NPYC2E,SUCCESS,PMJAY,2026-04-13 06:46:01,2026-04-13 06:46:01
2472,captcha_2472.png,F2RMH2,SUCCESS,PMJAY,2026-04-13 06:59:41,2026-04-13 06:59:41
2473,captcha_2473.png,KCGXGY,SUCCESS,PMJAY,2026-04-13 06:59:49,2026-04-13 06:59:49
2474,captcha_2474.png,R8G6XA,SUCCESS,PMJAY,2026-04-13 06:59:53,2026-04-13 06:59:53
2475,captcha_2475.png,F2RMH2,SUCCESS,PMJAY,2026-04-13 07:00:03,2026-04-13 07:00:03
2476,captcha_2476.png,23A7MR,SUCCESS,PMJAY,2026-04-13 07:01:12,2026-04-13 07:01:12
2477,captcha_2477.png,2BH6BE,SUCCESS,PMJAY,2026-04-13 07:01:21,2026-04-13 07:01:21
2478,captcha_2478.png,7XKNMB,SUCCESS,PMJAY,2026-04-13 07:02:07,2026-04-13 07:02:07
2479,captcha_2479.png,7XKNMB,SUCCESS,PMJAY,2026-04-13 07:02:20,2026-04-13 07:02:20
2480,captcha_2480.png,7XKNMB,SUCCESS,PMJAY,2026-04-13 07:06:00,2026-04-13 07:06:00
2481,captcha_2481.png,XAE2NP,SUCCESS,PMJAY,2026-04-13 07:10:48,2026-04-13 07:10:48
2482,captcha_2482.png,M4RFKN,SUCCESS,PMJAY,2026-04-13 07:10:55,2026-04-13 07:10:55
2483,captcha_2483.png,8P55HR,SUCCESS,PMJAY,2026-04-13 07:10:59,2026-04-13 07:10:59
2484,captcha_2484.png,E472HH,SUCCESS,PMJAY,2026-04-13 07:11:03,2026-04-13 07:11:03
2485,captcha_2485.png,RPC62K,SUCCESS,PMJAY,2026-04-13 07:33:32,2026-04-13 07:33:32
2486,captcha_2486.png,2C6GKD,SUCCESS,PMJAY,2026-04-13 07:33:44,2026-04-13 07:33:44
2487,captcha_2487.png,CA3678,SUCCESS,PMJAY,2026-04-13 07:38:23,2026-04-13 07:38:23
2488,captcha_2488.png,7RXBBC,SUCCESS,PMJAY,2026-04-13 07:38:32,2026-04-13 07:38:32
2489,captcha_2489.png,5F38EG,SUCCESS,PMJAY,2026-04-13 07:46:13,2026-04-13 07:46:13
2490,captcha_2490.png,C7B5E3,SUCCESS,PMJAY,2026-04-13 07:46:31,2026-04-13 07:46:31
2491,captcha_2491.png,R72XK8,SUCCESS,PMJAY,2026-04-13 08:21:28,2026-04-13 08:21:28
2492,captcha_2492.png,Y8DAER,SUCCESS,PMJAY,2026-04-13 08:21:36,2026-04-13 08:21:36
2493,captcha_2493.png,PDNBP5,SUCCESS,PMJAY,2026-04-13 09:35:29,2026-04-13 09:35:29
2494,captcha_2494.png,MBAGY8,SUCCESS,PMJAY,2026-04-13 09:35:56,2026-04-13 09:35:56
2495,captcha_2495.png,3C43WH,SUCCESS,PMJAY,2026-04-13 09:37:15,2026-04-13 09:37:15
2496,captcha_2496.png,WPR2HK,SUCCESS,PMJAY,2026-04-13 09:37:27,2026-04-13 09:37:27
2497,captcha_2497.png,4K7YRK,SUCCESS,PMJAY,2026-04-13 10:08:36,2026-04-13 10:08:36
2498,captcha_2498.png,HBEKX4,SUCCESS,PMJAY,2026-04-13 10:09:04,2026-04-13 10:09:04
2499,captcha_2499.png,B5BY4H,SUCCESS,PMJAY,2026-04-13 10:09:08,2026-04-13 10:09:08
2500,captcha_2500.png,XNGM8D,SUCCESS,PMJAY,2026-04-13 10:12:38,2026-04-13 10:12:38
2501,captcha_2501.png,XMPK3A,SUCCESS,PMJAY,2026-04-13 10:12:49,2026-04-13 10:12:49
2502,captcha_2502.png,XNGM8D,SUCCESS,PMJAY,2026-04-13 10:13:02,2026-04-13 10:13:02
2503,captcha_2503.png,XNGM8D,SUCCESS,PMJAY,2026-04-13 10:16:03,2026-04-13 10:16:03
2504,captcha_2504.png,XNGM8D,SUCCESS,PMJAY,2026-04-13 10:18:59,2026-04-13 10:18:59
2505,captcha_2505.png,AAG2YX,SUCCESS,PMJAY,2026-04-13 10:21:00,2026-04-13 10:21:00
2506,captcha_2506.png,4GMCXB,SUCCESS,PMJAY,2026-04-13 10:21:08,2026-04-13 10:21:08
2507,captcha_2507.png,AAG2YX,SUCCESS,PMJAY,2026-04-13 10:21:19,2026-04-13 10:21:19
2508,captcha_2508.png,5CN23M,SUCCESS,PMJAY,2026-04-13 10:21:40,2026-04-13 10:21:40
2509,captcha_2509.png,37PE3G,SUCCESS,PMJAY,2026-04-13 10:21:48,2026-04-13 10:21:48
2510,captcha_2510.png,5CN23M,SUCCESS,PMJAY,2026-04-13 10:22:00,2026-04-13 10:22:00
2511,captcha_2511.png,E3WD5H,SUCCESS,PMJAY,2026-04-13 10:22:16,2026-04-13 10:22:16
2512,captcha_2512.png,E3WD5H,SUCCESS,PMJAY,2026-04-13 10:22:19,2026-04-13 10:22:19
2513,captcha_2513.png,N8PACW,SUCCESS,PMJAY,2026-04-13 10:22:23,2026-04-13 10:22:23
2514,captcha_2514.png,5MRXCG,SUCCESS,PMJAY,2026-04-13 10:22:27,2026-04-13 10:22:27
2515,captcha_2515.png,5MRXCG,SUCCESS,PMJAY,2026-04-13 10:23:01,2026-04-13 10:23:01
2516,captcha_2516.png,N8PACW,SUCCESS,PMJAY,2026-04-13 10:23:05,2026-04-13 10:23:05
2517,captcha_2517.png,28Y2KA,SUCCESS,PMJAY,2026-04-13 10:23:09,2026-04-13 10:23:09
2518,captcha_2518.png,28Y2KA,SUCCESS,PMJAY,2026-04-13 10:23:12,2026-04-13 10:23:12
2519,captcha_2519.png,MDDCGG,SUCCESS,PMJAY,2026-04-13 10:23:16,2026-04-13 10:23:16
2520,captcha_2520.png,MDDCGG,SUCCESS,PMJAY,2026-04-13 10:24:02,2026-04-13 10:24:02
2521,captcha_2521.png,PHFBCD,SUCCESS,PMJAY,2026-04-13 10:24:06,2026-04-13 10:24:06
2522,captcha_2522.png,PHFBCD,SUCCESS,PMJAY,2026-04-13 10:24:10,2026-04-13 10:24:10
2523,captcha_2523.png,NP5Y7C,SUCCESS,PMJAY,2026-04-13 11:10:02,2026-04-13 11:10:02
2524,captcha_2524.png,H47K35,SUCCESS,PMJAY,2026-04-13 11:10:09,2026-04-13 11:10:09
2525,captcha_2525.png,GM8XY5,SUCCESS,PMJAY,2026-04-13 11:10:13,2026-04-13 11:10:14
2526,captcha_2526.png,A5EWMA,SUCCESS,PMJAY,2026-04-13 11:10:17,2026-04-13 11:10:17
2527,captcha_2527.png,MBE3BA,SUCCESS,PMJAY,2026-04-13 11:10:22,2026-04-13 11:10:22
2528,captcha_2528.png,7WG2E4,SUCCESS,PMJAY,2026-04-13 11:11:02,2026-04-13 11:11:02
2529,captcha_2529.png,MGGA5F,SUCCESS,PMJAY,2026-04-13 11:11:06,2026-04-13 11:11:06
2530,captcha_2530.png,MGGA5F,SUCCESS,PMJAY,2026-04-13 11:11:11,2026-04-13 11:11:11
2531,captcha_2531.png,87CRY6,SUCCESS,PMJAY,2026-04-13 11:11:15,2026-04-13 11:11:15
2532,captcha_2532.png,87CRY6,SUCCESS,PMJAY,2026-04-13 11:11:19,2026-04-13 11:11:19
2533,captcha_2533.png,HR47XB,SUCCESS,PMJAY,2026-04-13 11:41:00,2026-04-13 11:41:00
2534,captcha_2534.png,EAENHY,SUCCESS,PMJAY,2026-04-13 11:41:30,2026-04-13 11:41:30
2535,captcha_2535.png,XGAPAR,SUCCESS,PMJAY,2026-04-13 12:15:21,2026-04-13 12:15:21
2536,captcha_2536.png,YHKB4E,SUCCESS,PMJAY,2026-04-13 12:16:39,2026-04-13 12:16:39
2537,captcha_2537.png,YM6MH7,SUCCESS,PMJAY,2026-04-13 12:16:47,2026-04-13 12:16:47
2538,captcha_2538.png,YHKB4E,SUCCESS,PMJAY,2026-04-13 12:16:59,2026-04-13 12:16:59
2539,captcha_2539.png,YHKB4E,SUCCESS,PMJAY,2026-04-13 12:19:53,2026-04-13 12:19:53
2540,captcha_2540.png,YHKB4E,SUCCESS,PMJAY,2026-04-13 12:22:48,2026-04-13 12:22:48
2541,captcha_2541.png,PKDG44,SUCCESS,PMJAY,2026-04-13 12:24:52,2026-04-13 12:24:52
2542,captcha_2542.png,6PHDPF,SUCCESS,PMJAY,2026-04-13 12:25:00,2026-04-13 12:25:00
2543,captcha_2543.png,PKDG44,SUCCESS,PMJAY,2026-04-13 12:25:12,2026-04-13 12:25:12
2544,captcha_2544.png,PKDG44,SUCCESS,PMJAY,2026-04-13 12:28:06,2026-04-13 12:28:06
2545,captcha_2545.png,PKDG44,SUCCESS,PMJAY,2026-04-13 12:30:55,2026-04-13 12:30:55
2546,captcha_2546.png,KDXWKX,SUCCESS,PMJAY,2026-04-13 12:33:03,2026-04-13 12:33:03
2547,captcha_2547.png,KDXWKX,SUCCESS,PMJAY,2026-04-13 12:35:52,2026-04-13 12:35:52
2548,captcha_2548.png,KDXWKX,SUCCESS,PMJAY,2026-04-13 12:38:43,2026-04-13 12:38:43
2549,captcha_2549.png,BGGF2R,SUCCESS,PMJAY,2026-04-13 12:40:52,2026-04-13 12:40:52
2550,captcha_2550.png,BGGF2R,SUCCESS,PMJAY,2026-04-13 12:43:41,2026-04-13 12:43:41
2551,captcha_2551.png,BGGF2R,SUCCESS,PMJAY,2026-04-13 12:46:32,2026-04-13 12:46:32
2552,captcha_2552.png,7E3B3N,SUCCESS,PMJAY,2026-04-13 12:48:41,2026-04-13 12:48:41
2553,captcha_2553.png,7E3B3N,SUCCESS,PMJAY,2026-04-13 12:51:35,2026-04-13 12:51:35
2554,captcha_2554.png,7E3B3N,SUCCESS,PMJAY,2026-04-13 12:54:25,2026-04-13 12:54:25
2555,captcha_2555.png,XEGMAY,SUCCESS,PMJAY,2026-04-13 12:56:32,2026-04-13 12:56:32
2556,captcha_2556.png,XEGMAY,SUCCESS,PMJAY,2026-04-13 12:59:26,2026-04-13 12:59:26
2557,captcha_2557.png,XEGMAY,SUCCESS,PMJAY,2026-04-13 13:02:16,2026-04-13 13:02:16
2558,captcha_2558.png,GD7Y2Y,SUCCESS,PMJAY,2026-04-13 13:04:24,2026-04-13 13:04:24
2559,captcha_2559.png,3F4GNK,SUCCESS,PMJAY,2026-04-13 13:04:39,2026-04-13 13:04:39
2560,captcha_2560.png,WCM7C2,SUCCESS,PMJAY,2026-04-13 13:24:40,2026-04-13 13:24:40
2561,captcha_2561.png,KY4852,SUCCESS,PMJAY,2026-04-13 13:24:56,2026-04-13 13:24:56
2562,captcha_2562.png,W2K33D,SUCCESS,PMJAY,2026-04-13 13:25:02,2026-04-13 13:25:02
2563,captcha_2563.png,CN6HY4,SUCCESS,PMJAY,2026-04-13 13:25:06,2026-04-13 13:25:06
2564,captcha_2564.png,FRP6W5,SUCCESS,PMJAY,2026-04-13 13:25:20,2026-04-13 13:25:20
2565,captcha_2565.png,W2K33D,SUCCESS,PMJAY,2026-04-13 13:27:55,2026-04-13 13:27:55
2566,captcha_2566.png,FRP6W5,SUCCESS,PMJAY,2026-04-13 13:28:15,2026-04-13 13:28:15
2567,captcha_2567.png,W2K33D,SUCCESS,PMJAY,2026-04-13 13:30:50,2026-04-13 13:30:50
2568,captcha_2568.png,FRP6W5,SUCCESS,PMJAY,2026-04-13 13:31:10,2026-04-13 13:31:10
2569,captcha_2569.png,8A78E8,SUCCESS,PMJAY,2026-04-13 13:32:54,2026-04-13 13:32:54
2570,captcha_2570.png,6FP4GR,SUCCESS,PMJAY,2026-04-13 13:33:13,2026-04-13 13:33:13
2571,captcha_2571.png,8A78E8,SUCCESS,PMJAY,2026-04-13 13:35:58,2026-04-13 13:35:58
2572,captcha_2572.png,6FP4GR,SUCCESS,PMJAY,2026-04-13 13:36:13,2026-04-13 13:36:13
2573,captcha_2573.png,8A78E8,SUCCESS,PMJAY,2026-04-13 13:38:58,2026-04-13 13:38:58
2574,captcha_2574.png,6FP4GR,SUCCESS,PMJAY,2026-04-13 13:39:09,2026-04-13 13:39:09
2575,captcha_2575.png,GFM5B3,SUCCESS,PMJAY,2026-04-13 13:40:56,2026-04-13 13:40:56
2576,captcha_2576.png,46EW3M,SUCCESS,PMJAY,2026-04-13 13:41:13,2026-04-13 13:41:13
2577,captcha_2577.png,GFM5B3,SUCCESS,PMJAY,2026-04-13 13:43:58,2026-04-13 13:43:58
2578,captcha_2578.png,46EW3M,SUCCESS,PMJAY,2026-04-13 13:44:11,2026-04-13 13:44:12
2579,captcha_2579.png,GFM5B3,SUCCESS,PMJAY,2026-04-13 13:46:59,2026-04-13 13:46:59
2580,captcha_2580.png,46EW3M,SUCCESS,PMJAY,2026-04-13 13:47:12,2026-04-13 13:47:12
2581,captcha_2581.png,EF67R4,SUCCESS,PMJAY,2026-04-13 13:48:57,2026-04-13 13:48:57
2582,captcha_2582.png,C8A5KN,SUCCESS,PMJAY,2026-04-13 13:49:14,2026-04-13 13:49:14
2583,captcha_2583.png,EF67R4,SUCCESS,PMJAY,2026-04-13 13:51:55,2026-04-13 13:51:55
2584,captcha_2584.png,C8A5KN,SUCCESS,PMJAY,2026-04-13 13:52:12,2026-04-13 13:52:12
2585,captcha_2585.png,EF67R4,SUCCESS,PMJAY,2026-04-13 13:54:50,2026-04-13 13:54:50
2586,captcha_2586.png,C8A5KN,SUCCESS,PMJAY,2026-04-13 13:55:07,2026-04-13 13:55:07
2587,captcha_2587.png,4XECC3,SUCCESS,PMJAY,2026-04-13 13:56:55,2026-04-13 13:56:55
2588,captcha_2588.png,EK6344,SUCCESS,PMJAY,2026-04-13 13:57:12,2026-04-13 13:57:12
2589,captcha_2589.png,4XECC3,SUCCESS,PMJAY,2026-04-13 13:59:55,2026-04-13 13:59:55
2590,captcha_2590.png,EK6344,SUCCESS,PMJAY,2026-04-13 14:00:11,2026-04-13 14:00:11
2591,captcha_2591.png,NGE84M,SUCCESS,PMJAY,2026-04-13 14:00:20,2026-04-13 14:00:20
2592,captcha_2592.png,RE8D23,SUCCESS,PMJAY,2026-04-13 14:00:29,2026-04-13 14:00:29
2593,captcha_2593.png,DRF7G4,SUCCESS,PMJAY,2026-04-13 14:00:55,2026-04-13 14:00:55
2594,captcha_2594.png,NGE84M,SUCCESS,PMJAY,2026-04-13 14:01:06,2026-04-13 14:01:06
2595,captcha_2595.png,4XECC3,SUCCESS,PMJAY,2026-04-13 14:02:55,2026-04-13 14:02:55
2596,captcha_2596.png,EK6344,SUCCESS,PMJAY,2026-04-13 14:03:11,2026-04-13 14:03:11
2597,captcha_2597.png,NGE84M,SUCCESS,PMJAY,2026-04-13 14:04:10,2026-04-13 14:04:10
2598,captcha_2598.png,3ZH8GD,SUCCESS,PMJAY,2026-04-13 14:04:53,2026-04-13 14:04:53
2599,captcha_2599.png,M2N87W,SUCCESS,PMJAY,2026-04-13 14:04:58,2026-04-13 14:04:58
2600,captcha_2600.png,FP6E28,SUCCESS,PMJAY,2026-04-13 14:05:12,2026-04-13 14:05:12
2601,captcha_2601.png,NGE84M,SUCCESS,PMJAY,2026-04-13 14:07:11,2026-04-13 14:07:11
2602,captcha_2602.png,M2N87W,SUCCESS,PMJAY,2026-04-13 14:07:57,2026-04-13 14:07:57
2603,captcha_2603.png,FP6E28,SUCCESS,PMJAY,2026-04-13 14:08:11,2026-04-13 14:08:11
2604,captcha_2604.png,CEWGF3,SUCCESS,PMJAY,2026-04-13 14:09:09,2026-04-13 14:09:09
2605,captcha_2605.png,M2N87W,SUCCESS,PMJAY,2026-04-13 14:10:52,2026-04-13 14:10:52
2606,captcha_2606.png,FP6E28,SUCCESS,PMJAY,2026-04-13 14:11:12,2026-04-13 14:11:12
2607,captcha_2607.png,4A73BW,SUCCESS,PMJAY,2026-04-13 14:12:02,2026-04-13 14:12:02
2608,captcha_2608.png,AR2WD7,SUCCESS,PMJAY,2026-04-13 14:12:11,2026-04-13 14:12:11
2609,captcha_2609.png,B3YEFY,SUCCESS,PMJAY,2026-04-13 14:12:58,2026-04-13 14:12:58
2610,captcha_2610.png,F3XWNH,SUCCESS,PMJAY,2026-04-13 14:13:12,2026-04-13 14:13:12
2611,captcha_2611.png,B3YEFY,SUCCESS,PMJAY,2026-04-13 14:15:52,2026-04-13 14:15:52
2612,captcha_2612.png,F3XWNH,SUCCESS,PMJAY,2026-04-13 14:16:05,2026-04-13 14:16:05
2613,captcha_2613.png,B3YEFY,SUCCESS,PMJAY,2026-04-13 14:18:52,2026-04-13 14:18:52
2614,captcha_2614.png,F3XWNH,SUCCESS,PMJAY,2026-04-13 14:19:05,2026-04-13 14:19:05
2615,captcha_2615.png,CHPW6C,SUCCESS,PMJAY,2026-04-13 14:20:52,2026-04-13 14:20:52
2616,captcha_2616.png,D2P4X3,SUCCESS,PMJAY,2026-04-13 14:21:00,2026-04-13 14:21:00
2617,captcha_2617.png,XMCDM2,SUCCESS,PMJAY,2026-04-13 14:21:06,2026-04-13 14:21:06
2618,captcha_2618.png,6WH8WW,SUCCESS,PMJAY,2026-04-13 14:21:12,2026-04-13 14:21:12
2619,captcha_2619.png,6WH8WW,SUCCESS,PMJAY,2026-04-13 14:24:16,2026-04-13 14:24:16
2620,captcha_2620.png,6WH8WW,SUCCESS,PMJAY,2026-04-13 14:27:22,2026-04-13 14:27:22
2621,captcha_2621.png,NCGNGN,SUCCESS,PMJAY,2026-04-13 14:29:14,2026-04-13 14:29:14
2622,captcha_2622.png,NCGNGN,SUCCESS,PMJAY,2026-04-13 14:32:18,2026-04-13 14:32:18
2623,captcha_2623.png,NCGNGN,SUCCESS,PMJAY,2026-04-13 14:35:23,2026-04-13 14:35:23
2624,captcha_2624.png,44PAP5,SUCCESS,PMJAY,2026-04-13 14:37:19,2026-04-13 14:37:19
2625,captcha_2625.png,44PAP5,SUCCESS,PMJAY,2026-04-13 14:40:18,2026-04-13 14:40:18
2626,captcha_2626.png,44PAP5,SUCCESS,PMJAY,2026-04-13 14:43:22,2026-04-13 14:43:22
2627,captcha_2627.png,CX35P6,SUCCESS,PMJAY,2026-04-13 14:45:20,2026-04-13 14:45:20
2628,captcha_2628.png,C4FH4C,SUCCESS,PMJAY,2026-04-13 14:47:08,2026-04-13 14:47:08
2629,captcha_2629.png,KYRCNX,SUCCESS,PMJAY,2026-04-13 14:47:19,2026-04-13 14:47:19
2630,captcha_2630.png,CX35P6,SUCCESS,PMJAY,2026-04-13 14:48:24,2026-04-13 14:48:24
2631,captcha_2631.png,CX35P6,SUCCESS,PMJAY,2026-04-13 14:51:35,2026-04-13 14:51:35
2632,captcha_2632.png,P6MRNM,SUCCESS,PMJAY,2026-04-13 14:53:26,2026-04-13 14:53:26
2633,captcha_2633.png,P6MRNM,SUCCESS,PMJAY,2026-04-13 14:56:30,2026-04-13 14:56:30
2634,captcha_2634.png,P6MRNM,SUCCESS,PMJAY,2026-04-13 14:59:41,2026-04-13 14:59:41
2635,captcha_2635.png,B42WWN,SUCCESS,PMJAY,2026-04-13 15:01:32,2026-04-13 15:01:32
2636,captcha_2636.png,B42WWN,SUCCESS,PMJAY,2026-04-13 15:04:45,2026-04-13 15:04:46
2637,captcha_2637.png,B42WWN,SUCCESS,PMJAY,2026-04-13 15:07:50,2026-04-13 15:07:50
2638,captcha_2638.png,WGCNX2,SUCCESS,PMJAY,2026-04-13 15:09:39,2026-04-13 15:09:39
2639,captcha_2639.png,WGCNX2,SUCCESS,PMJAY,2026-04-13 15:12:38,2026-04-13 15:12:38
2640,captcha_2640.png,WGCNX2,SUCCESS,PMJAY,2026-04-13 15:15:43,2026-04-13 15:15:43
2641,captcha_2641.png,45DY3D,SUCCESS,PMJAY,2026-04-13 15:17:41,2026-04-13 15:17:41
2642,captcha_2642.png,C6XDPF,SUCCESS,PMJAY,2026-04-13 15:19:31,2026-04-13 15:19:31
2643,captcha_2643.png,45DY3D,SUCCESS,PMJAY,2026-04-13 15:20:51,2026-04-13 15:20:51
2644,captcha_2644.png,45DY3D,SUCCESS,PMJAY,2026-04-13 15:23:56,2026-04-13 15:23:56
2645,captcha_2645.png,5AC2XK,SUCCESS,PMJAY,2026-04-13 15:25:49,2026-04-13 15:25:49
2646,captcha_2646.png,5AC2XK,SUCCESS,PMJAY,2026-04-13 15:28:49,2026-04-13 15:28:49
2647,captcha_2647.png,5AC2XK,SUCCESS,PMJAY,2026-04-13 15:31:53,2026-04-13 15:31:53
2648,captcha_2648.png,3NKED8,SUCCESS,PMJAY,2026-04-13 15:33:51,2026-04-13 15:33:51
2649,captcha_2649.png,3NKED8,SUCCESS,PMJAY,2026-04-13 15:36:56,2026-04-13 15:36:56
2650,captcha_2650.png,3NKED8,SUCCESS,PMJAY,2026-04-13 15:40:09,2026-04-13 15:40:09
2651,captcha_2651.png,8M8ADM,SUCCESS,PMJAY,2026-04-13 15:41:53,2026-04-13 15:41:53
2652,captcha_2652.png,8M8ADM,SUCCESS,PMJAY,2026-04-13 15:44:57,2026-04-13 15:44:57
2653,captcha_2653.png,8M8ADM,SUCCESS,PMJAY,2026-04-13 15:48:03,2026-04-13 15:48:03
2654,captcha_2654.png,HC8FMB,SUCCESS,PMJAY,2026-04-13 15:49:57,2026-04-13 15:49:57
2655,captcha_2655.png,HC8FMB,SUCCESS,PMJAY,2026-04-13 15:53:10,2026-04-13 15:53:10
2656,captcha_2656.png,HC8FMB,SUCCESS,PMJAY,2026-04-13 15:56:21,2026-04-13 15:56:21
2657,captcha_2657.png,GW2R3G,SUCCESS,PMJAY,2026-04-13 15:58:09,2026-04-13 15:58:09
2658,captcha_2658.png,GW2R3G,SUCCESS,PMJAY,2026-04-13 16:01:13,2026-04-13 16:01:13
2659,captcha_2659.png,GW2R3G,SUCCESS,PMJAY,2026-04-13 16:04:18,2026-04-13 16:04:18
2660,captcha_2660.png,3ERBED,SUCCESS,PMJAY,2026-04-13 16:06:16,2026-04-13 16:06:16
2661,captcha_2661.png,3ERBED,SUCCESS,PMJAY,2026-04-13 16:09:17,2026-04-13 16:09:17
2662,captcha_2662.png,3ERBED,SUCCESS,PMJAY,2026-04-13 16:12:21,2026-04-13 16:12:21
2663,captcha_2663.png,5778DY,SUCCESS,PMJAY,2026-04-13 16:14:19,2026-04-13 16:14:19
2664,captcha_2664.png,5778DY,SUCCESS,PMJAY,2026-04-13 16:17:28,2026-04-13 16:17:28
2665,captcha_2665.png,5778DY,SUCCESS,PMJAY,2026-04-13 16:20:46,2026-04-13 16:20:46
2666,captcha_2666.png,PEG4A2,SUCCESS,PMJAY,2026-04-13 16:22:27,2026-04-13 16:22:27
2667,captcha_2667.png,PEG4A2,SUCCESS,PMJAY,2026-04-13 16:25:31,2026-04-13 16:25:31
2668,captcha_2668.png,PEG4A2,SUCCESS,PMJAY,2026-04-13 16:28:37,2026-04-13 16:28:37
2669,captcha_2669.png,HC7XAY,SUCCESS,PMJAY,2026-04-13 16:30:32,2026-04-13 16:30:32
2670,captcha_2670.png,HC7XAY,SUCCESS,PMJAY,2026-04-13 16:33:32,2026-04-13 16:33:32
2671,captcha_2671.png,HC7XAY,SUCCESS,PMJAY,2026-04-13 16:36:32,2026-04-13 16:36:32
2672,captcha_2672.png,BB4DYE,SUCCESS,PMJAY,2026-04-13 16:38:34,2026-04-13 16:38:34
2673,captcha_2673.png,ADBNMC,SUCCESS,PMJAY,2026-04-13 16:38:39,2026-04-13 16:38:39
2674,captcha_2674.png,ADBNMC,SUCCESS,PMJAY,2026-04-13 16:41:43,2026-04-13 16:41:43
2675,captcha_2675.png,ADBNMC,SUCCESS,PMJAY,2026-04-13 16:44:44,2026-04-13 16:44:45
2676,captcha_2676.png,E5MGCX,SUCCESS,PMJAY,2026-04-13 16:46:43,2026-04-13 16:46:43
2677,captcha_2677.png,E5MGCX,SUCCESS,PMJAY,2026-04-13 16:49:42,2026-04-13 16:49:42
2678,captcha_2678.png,E5MGCX,SUCCESS,PMJAY,2026-04-13 16:52:46,2026-04-13 16:52:46
2679,captcha_2679.png,CC66MY,SUCCESS,PMJAY,2026-04-13 16:53:27,2026-04-13 16:53:27
2680,captcha_2680.png,4W3FGH,SUCCESS,PMJAY,2026-04-13 16:53:35,2026-04-13 16:53:35
2681,captcha_2681.png,NWAYY8,SUCCESS,PMJAY,2026-04-13 16:54:43,2026-04-13 16:54:43
2682,captcha_2682.png,NWAYY8,SUCCESS,PMJAY,2026-04-13 16:57:42,2026-04-13 16:57:42
2683,captcha_2683.png,NWAYY8,SUCCESS,PMJAY,2026-04-13 17:00:46,2026-04-13 17:00:46
2684,captcha_2684.png,835KAH,SUCCESS,PMJAY,2026-04-13 17:02:46,2026-04-13 17:02:46
2685,captcha_2685.png,835KAH,SUCCESS,PMJAY,2026-04-13 17:05:50,2026-04-13 17:05:50
2686,captcha_2686.png,835KAH,SUCCESS,PMJAY,2026-04-13 17:08:56,2026-04-13 17:08:56
2687,captcha_2687.png,3W7NYC,SUCCESS,PMJAY,2026-04-13 17:10:50,2026-04-13 17:10:50
2688,captcha_2688.png,3W7NYC,SUCCESS,PMJAY,2026-04-13 17:13:50,2026-04-13 17:13:50
2689,captcha_2689.png,3W7NYC,SUCCESS,PMJAY,2026-04-13 17:16:54,2026-04-13 17:16:54
2690,captcha_2690.png,855PX6,SUCCESS,PMJAY,2026-04-13 17:18:52,2026-04-13 17:18:52
2691,captcha_2691.png,855PX6,SUCCESS,PMJAY,2026-04-13 17:21:54,2026-04-13 17:21:55
2692,captcha_2692.png,XBYW6A,SUCCESS,PMJAY,2026-04-13 17:22:11,2026-04-13 17:22:11
2693,captcha_2693.png,YAHNPG,SUCCESS,PMJAY,2026-04-13 17:22:24,2026-04-13 17:22:24
2694,captcha_2694.png,N26XHC,SUCCESS,PMJAY,2026-04-14 05:25:58,2026-04-14 05:25:58
2695,captcha_2695.png,4XYD22,SUCCESS,PMJAY,2026-04-14 05:26:06,2026-04-14 05:26:06
2696,captcha_2696.png,25DP8Y,SUCCESS,PMJAY,2026-04-14 06:05:35,2026-04-14 06:05:35
2697,captcha_2697.png,D3CGMP,SUCCESS,PMJAY,2026-04-14 06:05:38,2026-04-14 06:05:38
2698,captcha_2698.png,AKP646,SUCCESS,PMJAY,2026-04-14 06:05:42,2026-04-14 06:05:42
2699,captcha_2699.png,RK88HP,SUCCESS,PMJAY,2026-04-14 06:06:38,2026-04-14 06:06:38
2700,captcha_2700.png,KWHMCP,SUCCESS,PMJAY,2026-04-14 06:06:42,2026-04-14 06:06:42
2701,captcha_2701.png,YP58KK,SUCCESS,PMJAY,2026-04-14 06:06:46,2026-04-14 06:06:46
2702,captcha_2702.png,C4822A,SUCCESS,PMJAY,2026-04-14 06:06:50,2026-04-14 06:06:50
2703,captcha_2703.png,X45YKY,SUCCESS,PMJAY,2026-04-14 06:06:54,2026-04-14 06:06:54
2704,captcha_2704.png,WWCKEN,SUCCESS,PMJAY,2026-04-14 06:07:39,2026-04-14 06:07:39
2705,captcha_2705.png,PXRWER,SUCCESS,PMJAY,2026-04-14 06:31:56,2026-04-14 06:31:56
2706,captcha_2706.png,N8C653,SUCCESS,PMJAY,2026-04-14 06:32:52,2026-04-14 06:32:52
2707,captcha_2707.png,M8N4B2,SUCCESS,PMJAY,2026-04-14 06:35:52,2026-04-14 06:35:52
2708,captcha_2708.png,CMC8AM,SUCCESS,PMJAY,2026-04-14 06:36:03,2026-04-14 06:36:03
2709,captcha_2709.png,EMR3ZY,SUCCESS,PMJAY,2026-04-14 06:36:12,2026-04-14 06:36:12
2710,captcha_2710.png,8N7YW8,SUCCESS,PMJAY,2026-04-14 06:36:20,2026-04-14 06:36:20
2711,captcha_2711.png,DFBPHM,SUCCESS,PMJAY,2026-04-14 06:36:27,2026-04-14 06:36:27
2712,captcha_2712.png,CMC8AM,SUCCESS,PMJAY,2026-04-14 06:36:51,2026-04-14 06:36:51
2713,captcha_2713.png,CMC8AM,SUCCESS,PMJAY,2026-04-14 06:40:51,2026-04-14 06:40:51
2714,captcha_2714.png,KHMY84,SUCCESS,PMJAY,2026-04-14 06:42:54,2026-04-14 06:42:54
2715,captcha_2715.png,MBY8DM,SUCCESS,PMJAY,2026-04-14 06:43:03,2026-04-14 06:43:03
2716,captcha_2716.png,KHMY84,SUCCESS,PMJAY,2026-04-14 06:43:15,2026-04-14 06:43:15
2717,captcha_2717.png,CMC8AM,SUCCESS,PMJAY,2026-04-14 06:45:04,2026-04-14 06:45:04
2718,captcha_2718.png,CCYHGY,SUCCESS,PMJAY,2026-04-14 06:45:49,2026-04-14 06:45:49
2719,captcha_2719.png,XH6ERE,SUCCESS,PMJAY,2026-04-14 06:46:00,2026-04-14 06:46:00
2720,captcha_2720.png,3D7MKM,SUCCESS,PMJAY,2026-04-14 06:46:07,2026-04-14 06:46:07
2721,captcha_2721.png,5WDRDK,SUCCESS,PMJAY,2026-04-14 06:46:21,2026-04-14 06:46:21
2722,captcha_2722.png,XH6ERE,SUCCESS,PMJAY,2026-04-14 06:46:33,2026-04-14 06:46:33
2723,captcha_2723.png,H2757W,SUCCESS,PMJAY,2026-04-14 06:49:11,2026-04-14 06:49:11
2724,captcha_2724.png,XH6ERE,SUCCESS,PMJAY,2026-04-14 06:49:34,2026-04-14 06:49:34
2725,captcha_2725.png,A4BCG8,SUCCESS,PMJAY,2026-04-14 06:50:32,2026-04-14 06:50:32
2726,captcha_2726.png,A4BCG8,SUCCESS,PMJAY,2026-04-14 06:50:37,2026-04-14 06:50:37
2727,captcha_2727.png,B8G24F,SUCCESS,PMJAY,2026-04-14 06:50:40,2026-04-14 06:50:40
2728,captcha_2728.png,B8G24F,SUCCESS,PMJAY,2026-04-14 06:50:46,2026-04-14 06:50:46
2729,captcha_2729.png,A4BCG8,SUCCESS,PMJAY,2026-04-14 06:50:58,2026-04-14 06:50:58
2730,captcha_2730.png,MXW2AB,SUCCESS,PMJAY,2026-04-14 06:52:11,2026-04-14 06:52:11
2731,captcha_2731.png,A4BCG8,SUCCESS,PMJAY,2026-04-14 06:53:53,2026-04-14 06:53:53
2732,captcha_2732.png,DRN64K,SUCCESS,PMJAY,2026-04-14 06:54:08,2026-04-14 06:54:08
2733,captcha_2733.png,A4BCG8,SUCCESS,PMJAY,2026-04-14 06:56:48,2026-04-14 06:56:48
2734,captcha_2734.png,DRN64K,SUCCESS,PMJAY,2026-04-14 06:57:02,2026-04-14 06:57:02
2735,captcha_2735.png,GCEA8H,SUCCESS,PMJAY,2026-04-14 06:58:51,2026-04-14 06:58:51
2736,captcha_2736.png,DRN64K,SUCCESS,PMJAY,2026-04-14 06:59:57,2026-04-14 06:59:57
2737,captcha_2737.png,WWAKK8,SUCCESS,PMJAY,2026-04-14 07:01:45,2026-04-14 07:01:45
2738,captcha_2738.png,W4HC43,SUCCESS,PMJAY,2026-04-14 07:01:56,2026-04-14 07:01:56
2739,captcha_2739.png,4AW7C2,SUCCESS,PMJAY,2026-04-14 07:01:59,2026-04-14 07:01:59
2740,captcha_2740.png,N4X4R4,SUCCESS,PMJAY,2026-04-14 07:03:20,2026-04-14 07:03:20
2741,captcha_2741.png,4AW7C2,SUCCESS,PMJAY,2026-04-14 07:05:00,2026-04-14 07:05:00
2742,captcha_2742.png,4AW7C2,SUCCESS,PMJAY,2026-04-14 07:07:58,2026-04-14 07:07:58
2743,captcha_2743.png,E5NNM5,SUCCESS,PMJAY,2026-04-14 07:09:57,2026-04-14 07:09:57
2744,captcha_2744.png,E5NNM5,SUCCESS,PMJAY,2026-04-14 07:12:51,2026-04-14 07:12:51
2745,captcha_2745.png,E5NNM5,SUCCESS,PMJAY,2026-04-14 07:15:50,2026-04-14 07:15:50
2746,captcha_2746.png,FE5K2A,SUCCESS,PMJAY,2026-04-14 07:17:51,2026-04-14 07:17:51
2747,captcha_2747.png,FE5K2A,SUCCESS,PMJAY,2026-04-14 07:20:47,2026-04-14 07:20:47
2748,captcha_2748.png,FE5K2A,SUCCESS,PMJAY,2026-04-14 07:23:40,2026-04-14 07:23:41
2749,captcha_2749.png,8CXXKNH,SUCCESS,PMJAY,2026-04-14 07:25:46,2026-04-14 07:25:46
2750,captcha_2750.png,8CXXNH,SUCCESS,PMJAY,2026-04-14 07:28:40,2026-04-14 07:28:40
2751,captcha_2751.png,4CW23X,SUCCESS,PMJAY,2026-04-14 07:28:46,2026-04-14 07:28:46
2752,captcha_2752.png,4CW23X,SUCCESS,PMJAY,2026-04-14 07:31:41,2026-04-14 07:31:41
2753,captcha_2753.png,65DMKA,SUCCESS,PMJAY,2026-04-14 07:33:39,2026-04-14 07:33:39
2754,captcha_2754.png,65DMKA,SUCCESS,PMJAY,2026-04-14 07:36:42,2026-04-14 07:36:42
2755,captcha_2755.png,65DMKA,SUCCESS,PMJAY,2026-04-14 07:39:32,2026-04-14 07:39:32
2756,captcha_2756.png,56BN58,SUCCESS,PMJAY,2026-04-14 07:41:39,2026-04-14 07:41:39
2757,captcha_2757.png,56BN58,SUCCESS,PMJAY,2026-04-14 07:44:28,2026-04-14 07:44:28
2758,captcha_2758.png,56BN58,SUCCESS,PMJAY,2026-04-14 07:47:24,2026-04-14 07:47:24
2759,captcha_2759.png,78E7XE,SUCCESS,PMJAY,2026-04-14 07:49:29,2026-04-14 07:49:29
2760,captcha_2760.png,78E7XE,SUCCESS,PMJAY,2026-04-14 07:52:23,2026-04-14 07:52:23
2761,captcha_2761.png,78E7XE,SUCCESS,PMJAY,2026-04-14 07:55:13,2026-04-14 07:55:13
2762,captcha_2762.png,3XWNBK,SUCCESS,PMJAY,2026-04-14 07:57:21,2026-04-14 07:57:21
2763,captcha_2763.png,3XWNBK,SUCCESS,PMJAY,2026-04-14 08:00:10,2026-04-14 08:00:10
2764,captcha_2764.png,3XWNBK,SUCCESS,PMJAY,2026-04-14 08:02:59,2026-04-14 08:02:59
2765,captcha_2765.png,WPHB3R,SUCCESS,PMJAY,2026-04-14 08:05:12,2026-04-14 08:05:12
2766,captcha_2766.png,WPHB3R,SUCCESS,PMJAY,2026-04-14 08:08:05,2026-04-14 08:08:05
2767,captcha_2767.png,WPHB3R,SUCCESS,PMJAY,2026-04-14 08:10:56,2026-04-14 08:10:56
2768,captcha_2768.png,E8DXB8,SUCCESS,PMJAY,2026-04-14 08:13:06,2026-04-14 08:13:06
2769,captcha_2769.png,E8DXB8,SUCCESS,PMJAY,2026-04-14 08:16:00,2026-04-14 08:16:00
2770,captcha_2770.png,E8DXB8,SUCCESS,PMJAY,2026-04-14 08:18:50,2026-04-14 08:18:50
2771,captcha_2771.png,BYDN58,SUCCESS,PMJAY,2026-04-14 08:20:57,2026-04-14 08:20:57
2772,captcha_2772.png,52ME6A,SUCCESS,PMJAY,2026-04-14 08:21:05,2026-04-14 08:21:05
2773,captcha_2773.png,8YF7WE,SUCCESS,PMJAY,2026-04-14 08:40:58,2026-04-14 08:40:58
2774,captcha_2774.png,M6GXKR,SUCCESS,PMJAY,2026-04-14 08:41:07,2026-04-14 08:41:07
2775,captcha_2775.png,2YEK4D,SUCCESS,PMJAY,2026-04-14 08:56:12,2026-04-14 08:56:12
2776,captcha_2776.png,2YEK4D,SUCCESS,PMJAY,2026-04-14 08:59:04,2026-04-14 08:59:04
2777,captcha_2777.png,2YEK4D,SUCCESS,PMJAY,2026-04-14 09:01:59,2026-04-14 09:01:59
2778,captcha_2778.png,HBN6RH,SUCCESS,PMJAY,2026-04-14 09:04:03,2026-04-14 09:04:03
2779,captcha_2779.png,HBN6RH,SUCCESS,PMJAY,2026-04-14 09:06:51,2026-04-14 09:06:51
2780,captcha_2780.png,HBN6RH,SUCCESS,PMJAY,2026-04-14 09:09:41,2026-04-14 09:09:41
2781,captcha_2781.png,GD4D4M,SUCCESS,PMJAY,2026-04-14 09:11:52,2026-04-14 09:11:52
2782,captcha_2782.png,GD4D4M,SUCCESS,PMJAY,2026-04-14 09:14:45,2026-04-14 09:14:45
2783,captcha_2783.png,GD4D4M,SUCCESS,PMJAY,2026-04-14 09:17:35,2026-04-14 09:17:35
2784,captcha_2784.png,DCE8RK,SUCCESS,PMJAY,2026-04-14 09:19:45,2026-04-14 09:19:45
2785,captcha_2785.png,DCE8RK,SUCCESS,PMJAY,2026-04-14 09:22:38,2026-04-14 09:22:38
2786,captcha_2786.png,DCE8RK,SUCCESS,PMJAY,2026-04-14 09:25:29,2026-04-14 09:25:29
2787,captcha_2787.png,7E234D,SUCCESS,PMJAY,2026-04-14 09:27:37,2026-04-14 09:27:37
2788,captcha_2788.png,7E234D,SUCCESS,PMJAY,2026-04-14 09:30:30,2026-04-14 09:30:30
2789,captcha_2789.png,7E234D,SUCCESS,PMJAY,2026-04-14 09:33:26,2026-04-14 09:33:26
2790,captcha_2790.png,8BMKFK,SUCCESS,PMJAY,2026-04-14 09:35:27,2026-04-14 09:35:27
2791,captcha_2791.png,8BMKFK,SUCCESS,PMJAY,2026-04-14 09:38:28,2026-04-14 09:38:28
2792,captcha_2792.png,8BMKFK,SUCCESS,PMJAY,2026-04-14 09:41:22,2026-04-14 09:41:22
2793,captcha_2793.png,4RRXEC,SUCCESS,PMJAY,2026-04-14 09:43:24,2026-04-14 09:43:24
2794,captcha_2794.png,4RRXEC,SUCCESS,PMJAY,2026-04-14 09:46:14,2026-04-14 09:46:14
2795,captcha_2795.png,4RRXEC,SUCCESS,PMJAY,2026-04-14 09:49:07,2026-04-14 09:49:07
2796,captcha_2796.png,BAGCHH,SUCCESS,PMJAY,2026-04-14 09:51:15,2026-04-14 09:51:15
2797,captcha_2797.png,BACCHH,SUCCESS,PMJAY,2026-04-14 09:54:09,2026-04-14 09:54:09
2798,captcha_2798.png,BAGCHH,SUCCESS,PMJAY,2026-04-14 09:57:04,2026-04-14 09:57:04
2799,captcha_2799.png,KFAHF6,SUCCESS,PMJAY,2026-04-14 09:59:08,2026-04-14 09:59:08
2800,captcha_2800.png,XWPDR3,SUCCESS,PMJAY,2026-04-14 09:59:16,2026-04-14 09:59:16
2801,captcha_2801.png,R6H4FD,SUCCESS,PMJAY,2026-04-14 10:31:24,2026-04-14 10:31:24
2802,captcha_2802.png,H45M7Y,SUCCESS,PMJAY,2026-04-14 10:47:07,2026-04-14 10:47:07
2803,captcha_2803.png,4CY77R,SUCCESS,PMJAY,2026-04-14 10:52:56,2026-04-14 10:52:56
2804,captcha_2804.png,4RHB5N,SUCCESS,PMJAY,2026-04-14 10:53:05,2026-04-14 10:53:05
2805,captcha_2805.png,FYGWY8,SUCCESS,PMJAY,2026-04-14 10:53:13,2026-04-14 10:53:13
2806,captcha_2806.png,B6HHHX,SUCCESS,PMJAY,2026-04-14 10:53:21,2026-04-14 10:53:21
2807,captcha_2807.png,FYGWY8,SUCCESS,PMJAY,2026-04-14 10:53:32,2026-04-14 10:53:32
2808,captcha_2808.png,FYGWY8,SUCCESS,PMJAY,2026-04-14 10:56:22,2026-04-14 10:56:22
2809,captcha_2809.png,FYGWY8,SUCCESS,PMJAY,2026-04-14 10:59:13,2026-04-14 10:59:13
2810,captcha_2810.png,4R4KY5,SUCCESS,PMJAY,2026-04-14 11:01:22,2026-04-14 11:01:22
2811,captcha_2811.png,XNN35N,SUCCESS,PMJAY,2026-04-14 11:01:40,2026-04-14 11:01:40
2812,captcha_2812.png,CBF8FH,SUCCESS,PMJAY,2026-04-14 11:01:58,2026-04-14 11:01:58
2813,captcha_2813.png,4R4KY5,SUCCESS,PMJAY,2026-04-14 11:04:16,2026-04-14 11:04:16
2814,captcha_2814.png,4R4KY5,SUCCESS,PMJAY,2026-04-14 11:07:07,2026-04-14 11:07:07
2815,captcha_2815.png,2MDCWD,SUCCESS,PMJAY,2026-04-14 11:09:15,2026-04-14 11:09:15
2816,captcha_2816.png,3XRDA3,SUCCESS,PMJAY,2026-04-14 11:09:23,2026-04-14 11:09:23
2817,captcha_2817.png,PDFW87,SUCCESS,PMJAY,2026-04-14 11:27:50,2026-04-14 11:27:50
2818,captcha_2818.png,6YYBKH,SUCCESS,PMJAY,2026-04-14 12:51:38,2026-04-14 12:51:38
2819,captcha_2819.png,6YYBKH,SUCCESS,PMJAY,2026-04-14 12:55:27,2026-04-14 12:55:28
2820,captcha_2820.png,6YYBKH,SUCCESS,PMJAY,2026-04-14 12:59:27,2026-04-14 12:59:27
2821,captcha_2821.png,MDPFWM,SUCCESS,PMJAY,2026-04-14 13:00:29,2026-04-14 13:00:29
2822,captcha_2822.png,MDPFWM,SUCCESS,PMJAY,2026-04-14 13:04:28,2026-04-14 13:04:28
2823,captcha_2823.png,MDPFWM,SUCCESS,PMJAY,2026-04-14 13:08:27,2026-04-14 13:08:27
2824,captcha_2824.png,24CCYN,SUCCESS,PMJAY,2026-04-14 13:09:29,2026-04-14 13:09:29
2825,captcha_2825.png,24CCYN,SUCCESS,PMJAY,2026-04-14 13:13:27,2026-04-14 13:13:27
2826,captcha_2826.png,24CCYN,SUCCESS,PMJAY,2026-04-14 13:17:27,2026-04-14 13:17:27
2827,captcha_2827.png,MWK64E,SUCCESS,PMJAY,2026-04-14 13:18:30,2026-04-14 13:18:30
2828,captcha_2828.png,MWK64E,SUCCESS,PMJAY,2026-04-14 13:22:28,2026-04-14 13:22:28
2829,captcha_2829.png,MWK64E,SUCCESS,PMJAY,2026-04-14 13:26:27,2026-04-14 13:26:27
2830,captcha_2830.png,663583,SUCCESS,PMJAY,2026-04-14 13:27:29,2026-04-14 13:27:29
2831,captcha_2831.png,663583,SUCCESS,PMJAY,2026-04-14 13:31:27,2026-04-14 13:31:27
2832,captcha_2832.png,663583,SUCCESS,PMJAY,2026-04-14 13:35:27,2026-04-14 13:35:27
2833,captcha_2833.png,PYE4P4,SUCCESS,PMJAY,2026-04-14 13:36:29,2026-04-14 13:36:29
2834,captcha_2834.png,PYE4P4,SUCCESS,PMJAY,2026-04-14 13:40:28,2026-04-14 13:40:28
2835,captcha_2835.png,PYE4P4,SUCCESS,PMJAY,2026-04-14 13:44:28,2026-04-14 13:44:28
2836,captcha_2836.png,4F48PD,SUCCESS,PMJAY,2026-04-14 13:45:29,2026-04-14 13:45:29
2837,captcha_2837.png,4F48PD,SUCCESS,PMJAY,2026-04-14 13:49:28,2026-04-14 13:49:28
2838,captcha_2838.png,KW85W3,SUCCESS,PMJAY,2026-04-14 14:07:58,2026-04-14 14:07:58
2839,captcha_2839.png,KW85W3,SUCCESS,PMJAY,2026-04-14 14:11:56,2026-04-14 14:11:56
2840,captcha_2840.png,KW85W3,SUCCESS,PMJAY,2026-04-14 14:15:56,2026-04-14 14:15:56
2841,captcha_2841.png,AG6M5H,SUCCESS,PMJAY,2026-04-14 14:16:57,2026-04-14 14:16:57
2842,captcha_2842.png,AG6M5H,SUCCESS,PMJAY,2026-04-14 14:20:56,2026-04-14 14:20:56
2843,captcha_2843.png,AG6M5H,SUCCESS,PMJAY,2026-04-14 14:24:56,2026-04-14 14:24:56
2844,captcha_2844.png,4EFKFM,SUCCESS,PMJAY,2026-04-14 14:26:00,2026-04-14 14:26:00
2845,captcha_2845.png,4EFKFM,SUCCESS,PMJAY,2026-04-14 14:29:56,2026-04-14 14:29:56
2846,captcha_2846.png,4EFKFM,SUCCESS,PMJAY,2026-04-14 14:33:55,2026-04-14 14:33:56
2847,captcha_2847.png,K6NYE5,SUCCESS,PMJAY,2026-04-14 14:35:00,2026-04-14 14:35:00
2848,captcha_2848.png,4NW7RP,SUCCESS,PMJAY,2026-04-14 14:35:10,2026-04-14 14:35:11
2849,captcha_2849.png,GY4NNA,SUCCESS,PMJAY,2026-04-14 15:05:58,2026-04-14 15:05:58
2850,captcha_2850.png,GD7CY7,SUCCESS,PMJAY,2026-04-14 15:29:22,2026-04-14 15:29:22
2851,captcha_2851.png,ARCCXK,SUCCESS,PMJAY,2026-04-14 15:29:33,2026-04-14 15:29:33
2852,captcha_2852.png,E7CY5A,SUCCESS,PMJAY,2026-04-14 16:00:30,2026-04-14 16:00:30
2853,captcha_2853.png,X65WPG,SUCCESS,PMJAY,2026-04-14 18:03:54,2026-04-14 18:03:55
2854,captcha_2854.png,F28332,SUCCESS,PMJAY,2026-04-15 04:01:24,2026-04-15 04:01:24
2855,captcha_2855.png,4ABR5E,SUCCESS,PMJAY,2026-04-15 04:01:32,2026-04-15 04:01:32
2856,captcha_2856.png,6C5WHE,SUCCESS,PMJAY,2026-04-15 04:01:37,2026-04-15 04:01:37
2857,captcha_2857.png,F28332,SUCCESS,PMJAY,2026-04-15 04:04:25,2026-04-15 04:04:25
2858,captcha_2858.png,F28332,SUCCESS,PMJAY,2026-04-15 04:07:25,2026-04-15 04:07:25
2859,captcha_2859.png,YFKMCN,SUCCESS,PMJAY,2026-04-15 04:09:22,2026-04-15 04:09:22
2860,captcha_2860.png,YFKMCN,SUCCESS,PMJAY,2026-04-15 04:12:17,2026-04-15 04:12:17
2861,captcha_2861.png,YFKMCN,SUCCESS,PMJAY,2026-04-15 04:15:18,2026-04-15 04:15:18
2862,captcha_2862.png,42HWPG,SUCCESS,PMJAY,2026-04-15 04:17:18,2026-04-15 04:17:19
2863,captcha_2863.png,42HWPG,SUCCESS,PMJAY,2026-04-15 04:20:19,2026-04-15 04:20:19
2864,captcha_2864.png,42HWPG,SUCCESS,PMJAY,2026-04-15 04:23:18,2026-04-15 04:23:18
2865,captcha_2865.png,RADPE7,SUCCESS,PMJAY,2026-04-15 04:25:17,2026-04-15 04:25:17
2866,captcha_2866.png,RADPE7,SUCCESS,PMJAY,2026-04-15 04:28:13,2026-04-15 04:28:13
2867,captcha_2867.png,RADPE7,SUCCESS,PMJAY,2026-04-15 04:31:07,2026-04-15 04:31:07
2868,captcha_2868.png,FGGDEE,SUCCESS,PMJAY,2026-04-15 04:33:10,2026-04-15 04:33:10
2869,captcha_2869.png,HDFH67,SUCCESS,PMJAY,2026-04-15 04:33:18,2026-04-15 04:33:18
2870,captcha_2870.png,YBG5EK,SUCCESS,PMJAY,2026-04-15 04:42:14,2026-04-15 04:42:14
2871,captcha_2871.png,WFA3GF,SUCCESS,PMJAY,2026-04-15 04:42:29,2026-04-15 04:42:29
2872,captcha_2872.png,HPDG75,SUCCESS,PMJAY,2026-04-15 04:55:26,2026-04-15 04:55:26
2873,captcha_2873.png,WDACB8,SUCCESS,PMJAY,2026-04-15 04:55:30,2026-04-15 04:55:30
2874,captcha_2874.png,7EN7E7,SUCCESS,PMJAY,2026-04-15 04:55:38,2026-04-15 04:55:38
2875,captcha_2875.png,HPDG75,SUCCESS,PMJAY,2026-04-15 04:58:21,2026-04-15 04:58:21
2876,captcha_2876.png,HPDG75,SUCCESS,PMJAY,2026-04-15 05:01:16,2026-04-15 05:01:16
2877,captcha_2877.png,HPDG75,SUCCESS,PMJAY,2026-04-15 05:04:11,2026-04-15 05:04:11
2878,captcha_2878.png,HPDG75,SUCCESS,PMJAY,2026-04-15 05:07:10,2026-04-15 05:07:10
2879,captcha_2879.png,HPDG75,SUCCESS,PMJAY,2026-04-15 05:10:05,2026-04-15 05:10:05
2880,captcha_2880.png,HPDG75,SUCCESS,PMJAY,2026-04-15 05:13:00,2026-04-15 05:13:00
2881,captcha_2881.png,HPDG75,SUCCESS,PMJAY,2026-04-15 05:15:55,2026-04-15 05:15:55
2882,captcha_2882.png,HPDG75,SUCCESS,PMJAY,2026-04-15 05:18:50,2026-04-15 05:18:50
2883,captcha_2883.png,HPDG75,SUCCESS,PMJAY,2026-04-15 05:21:46,2026-04-15 05:21:46
2884,captcha_2884.png,HPDG75,SUCCESS,PMJAY,2026-04-15 05:24:41,2026-04-15 05:24:41
2885,captcha_2885.png,3K5X86,SUCCESS,PMJAY,2026-04-15 05:25:20,2026-04-15 05:25:20
2886,captcha_2886.png,HPDG75,SUCCESS,PMJAY,2026-04-15 05:27:36,2026-04-15 05:27:36
2887,captcha_2887.png,Y7C52D,SUCCESS,PMJAY,2026-04-15 05:28:17,2026-04-15 05:28:17
2888,captcha_2888.png,5CYAE5,SUCCESS,PMJAY,2026-04-15 05:28:29,2026-04-15 05:28:29
2889,captcha_2889.png,Y7C52D,SUCCESS,PMJAY,2026-04-15 05:28:37,2026-04-15 05:28:37
2890,captcha_2890.png,HPDG75,SUCCESS,PMJAY,2026-04-15 05:30:30,2026-04-15 05:30:30
2891,captcha_2891.png,Y7C52D,SUCCESS,PMJAY,2026-04-15 05:31:33,2026-04-15 05:31:33
2892,captcha_2892.png,HPDG75,SUCCESS,PMJAY,2026-04-15 05:33:25,2026-04-15 05:33:25
2893,captcha_2893.png,Y7C52D,SUCCESS,PMJAY,2026-04-15 05:34:28,2026-04-15 05:34:28
2894,captcha_2894.png,HPDG75,SUCCESS,PMJAY,2026-04-15 05:36:20,2026-04-15 05:36:20
2895,captcha_2895.png,H6PWK8,SUCCESS,PMJAY,2026-04-15 05:36:30,2026-04-15 05:36:30
2896,captcha_2896.png,XB4NAN,SUCCESS,PMJAY,2026-04-15 05:36:39,2026-04-15 05:36:39
2897,captcha_2897.png,HPDG75,SUCCESS,PMJAY,2026-04-15 05:39:15,2026-04-15 05:39:15
2898,captcha_2898.png,HPDG75,SUCCESS,PMJAY,2026-04-15 05:42:10,2026-04-15 05:42:10
2899,captcha_2899.png,B42KRB,SUCCESS,PMJAY,2026-04-15 05:44:52,2026-04-15 05:44:52
2900,captcha_2900.png,4RMB64,SUCCESS,PMJAY,2026-04-15 05:45:04,2026-04-15 05:45:04
2901,captcha_2901.png,NNRF83,SUCCESS,PMJAY,2026-04-15 05:46:38,2026-04-15 05:46:38
2902,captcha_2902.png,WPYE2D,SUCCESS,PMJAY,2026-04-15 05:46:49,2026-04-15 05:46:50
2903,captcha_2903.png,4DKR35,SUCCESS,PMJAY,2026-04-15 05:46:57,2026-04-15 05:46:57
2904,captcha_2904.png,4DKR35,SUCCESS,PMJAY,2026-04-15 05:49:50,2026-04-15 05:49:50
2905,captcha_2905.png,4DKR35,SUCCESS,PMJAY,2026-04-15 05:52:42,2026-04-15 05:52:42
2906,captcha_2906.png,GCNPD6,SUCCESS,PMJAY,2026-04-15 05:54:50,2026-04-15 05:54:50
2907,captcha_2907.png,XYPK82,SUCCESS,PMJAY,2026-04-15 05:54:59,2026-04-15 05:54:59
2908,captcha_2908.png,RDPB74,SUCCESS,PMJAY,2026-04-15 06:05:18,2026-04-15 06:05:18
2909,captcha_2909.png,KEA6BY,SUCCESS,PMJAY,2026-04-15 06:05:46,2026-04-15 06:05:46
2910,captcha_2910.png,4X2M2Y,SUCCESS,PMJAY,2026-04-15 06:06:59,2026-04-15 06:06:59
2911,captcha_2911.png,KEA6BY,SUCCESS,PMJAY,2026-04-15 06:08:40,2026-04-15 06:08:40
2912,captcha_2912.png,KEA6BY,SUCCESS,PMJAY,2026-04-15 06:11:35,2026-04-15 06:11:35
2913,captcha_2913.png,HKYEWE,SUCCESS,PMJAY,2026-04-15 06:13:42,2026-04-15 06:13:42
2914,captcha_2914.png,HPX8RC,SUCCESS,PMJAY,2026-04-15 06:14:51,2026-04-15 06:14:51
2915,captcha_2915.png,HKYEWE,SUCCESS,PMJAY,2026-04-15 06:16:36,2026-04-15 06:16:36
2916,captcha_2916.png,X3A5AH,SUCCESS,PMJAY,2026-04-15 06:16:39,2026-04-15 06:16:39
2917,captcha_2917.png,6P8XWE,SUCCESS,PMJAY,2026-04-15 06:16:58,2026-04-15 06:16:58
2918,captcha_2918.png,HKYEWE,SUCCESS,PMJAY,2026-04-15 06:19:31,2026-04-15 06:19:31
2919,captcha_2919.png,AHGFDY,SUCCESS,PMJAY,2026-04-15 06:21:38,2026-04-15 06:21:38
2920,captcha_2920.png,AHGFDY,SUCCESS,PMJAY,2026-04-15 06:24:36,2026-04-15 06:24:36
2921,captcha_2921.png,AHGFDY,SUCCESS,PMJAY,2026-04-15 06:27:32,2026-04-15 06:27:32
2922,captcha_2922.png,227D3E,SUCCESS,PMJAY,2026-04-15 06:29:36,2026-04-15 06:29:36
2923,captcha_2923.png,YWN8GP,SUCCESS,PMJAY,2026-04-15 06:29:45,2026-04-15 06:29:45
2924,captcha_2924.png,5AMPM5,SUCCESS,PMJAY,2026-04-15 06:50:01,2026-04-15 06:50:01
2925,captcha_2925.png,WEDHMF,SUCCESS,PMJAY,2026-04-15 06:50:06,2026-04-15 06:50:06
2926,captcha_2926.png,X3838H,SUCCESS,PMJAY,2026-04-15 06:50:10,2026-04-15 06:50:10
2927,captcha_2927.png,FEE6MX,SUCCESS,PMJAY,2026-04-15 06:50:14,2026-04-15 06:50:14
2928,captcha_2928.png,WAPRGP,SUCCESS,PMJAY,2026-04-15 06:50:19,2026-04-15 06:50:19
2929,captcha_2929.png,RDDD7E,SUCCESS,PMJAY,2026-04-15 06:51:19,2026-04-15 06:51:19
2930,captcha_2930.png,5AMPM5,SUCCESS,PMJAY,2026-04-15 06:52:54,2026-04-15 06:52:54
2931,captcha_2931.png,5AMPM5,SUCCESS,PMJAY,2026-04-15 06:55:49,2026-04-15 06:55:49
2932,captcha_2932.png,5AMPM5,SUCCESS,PMJAY,2026-04-15 06:58:44,2026-04-15 06:58:44
2933,captcha_2933.png,4PP8Y2,SUCCESS,PMJAY,2026-04-15 06:59:10,2026-04-15 06:59:10
2934,captcha_2934.png,E3NCWN,SUCCESS,PMJAY,2026-04-15 06:59:59,2026-04-15 06:59:59
2935,captcha_2935.png,7EYY64,SUCCESS,PMJAY,2026-04-15 07:00:07,2026-04-15 07:00:07
2936,captcha_2936.png,4PP8Y2,SUCCESS,PMJAY,2026-04-15 07:02:04,2026-04-15 07:02:04
2937,captcha_2937.png,CNHFHN,SUCCESS,PMJAY,2026-04-15 07:02:47,2026-04-15 07:02:47
2938,captcha_2938.png,ZNXY24,SUCCESS,PMJAY,2026-04-15 07:03:24,2026-04-15 07:03:24
2939,captcha_2939.png,H246CW,SUCCESS,PMJAY,2026-04-15 07:03:30,2026-04-15 07:03:30
2940,captcha_2940.png,WB6AN5,SUCCESS,PMJAY,2026-04-15 07:03:39,2026-04-15 07:03:39
2941,captcha_2941.png,4PP8Y2,SUCCESS,PMJAY,2026-04-15 07:04:58,2026-04-15 07:04:58
2942,captcha_2942.png,CNHFHN,SUCCESS,PMJAY,2026-04-15 07:05:41,2026-04-15 07:05:41
2943,captcha_2943.png,6DXK78,SUCCESS,PMJAY,2026-04-15 07:06:52,2026-04-15 07:06:52
2944,captcha_2944.png,5AX37N,SUCCESS,PMJAY,2026-04-15 07:06:56,2026-04-15 07:06:56
2945,captcha_2945.png,GY43H7,SUCCESS,PMJAY,2026-04-15 07:07:00,2026-04-15 07:07:00
2946,captcha_2946.png,4PP8Y2,SUCCESS,PMJAY,2026-04-15 07:07:53,2026-04-15 07:07:53
2947,captcha_2947.png,CNHFHN,SUCCESS,PMJAY,2026-04-15 07:08:36,2026-04-15 07:08:36
2948,captcha_2948.png,GEX62X,SUCCESS,PMJAY,2026-04-15 07:10:17,2026-04-15 07:10:17
2949,captcha_2949.png,7384YK,SUCCESS,PMJAY,2026-04-15 07:10:25,2026-04-15 07:10:26
2950,captcha_2950.png,4PP8Y2,SUCCESS,PMJAY,2026-04-15 07:10:44,2026-04-15 07:10:44
2951,captcha_2951.png,CNHFHN,SUCCESS,PMJAY,2026-04-15 07:11:31,2026-04-15 07:11:31
2952,captcha_2952.png,4PP8Y2,SUCCESS,PMJAY,2026-04-15 07:13:39,2026-04-15 07:13:39
2953,captcha_2953.png,42BHFA,SUCCESS,PMJAY,2026-04-15 07:13:51,2026-04-15 07:13:51
2954,captcha_2954.png,BAXFDD,SUCCESS,PMJAY,2026-04-15 07:13:59,2026-04-15 07:13:59
2955,captcha_2955.png,CNHFHN,SUCCESS,PMJAY,2026-04-15 07:14:31,2026-04-15 07:14:31
2956,captcha_2956.png,FBC5FR,SUCCESS,PMJAY,2026-04-15 07:15:04,2026-04-15 07:15:04
2957,captcha_2957.png,3W67MX,SUCCESS,PMJAY,2026-04-15 07:17:19,2026-04-15 07:17:19
2958,captcha_2958.png,CNHFHN,SUCCESS,PMJAY,2026-04-15 07:17:26,2026-04-15 07:17:26
2959,captcha_2959.png,XGC7NE,SUCCESS,PMJAY,2026-04-15 07:17:30,2026-04-15 07:17:30
2960,captcha_2960.png,FBC5FR,SUCCESS,PMJAY,2026-04-15 07:17:59,2026-04-15 07:17:59
2961,captcha_2961.png,CNHFHN,SUCCESS,PMJAY,2026-04-15 07:20:21,2026-04-15 07:20:21
2962,captcha_2962.png,FBC5FR,SUCCESS,PMJAY,2026-04-15 07:20:52,2026-04-15 07:20:52
2963,captcha_2963.png,H67KA2,SUCCESS,PMJAY,2026-04-15 07:20:59,2026-04-15 07:20:59
2964,captcha_2964.png,7FX3F3,SUCCESS,PMJAY,2026-04-15 07:21:08,2026-04-15 07:21:08
2965,captcha_2965.png,CNHFHN,SUCCESS,PMJAY,2026-04-15 07:23:16,2026-04-15 07:23:16
2966,captcha_2966.png,FBC5FR,SUCCESS,PMJAY,2026-04-15 07:23:42,2026-04-15 07:23:42
2967,captcha_2967.png,PKK6WP,SUCCESS,PMJAY,2026-04-15 07:24:52,2026-04-15 07:24:52
2968,captcha_2968.png,2R7YBN,SUCCESS,PMJAY,2026-04-15 07:24:56,2026-04-15 07:24:56
2969,captcha_2969.png,4Y3NA2,SUCCESS,PMJAY,2026-04-15 07:25:01,2026-04-15 07:25:01
2970,captcha_2970.png,PP7XNE,SUCCESS,PMJAY,2026-04-15 07:25:05,2026-04-15 07:25:05
2971,captcha_2971.png,WFD657,SUCCESS,PMJAY,2026-04-15 07:25:10,2026-04-15 07:25:10
2972,captcha_2972.png,6KH7X4,SUCCESS,PMJAY,2026-04-15 07:25:52,2026-04-15 07:25:52
2973,captcha_2973.png,2R7YBN,SUCCESS,PMJAY,2026-04-15 07:25:57,2026-04-15 07:25:57
2974,captcha_2974.png,2R7YBN,SUCCESS,PMJAY,2026-04-15 07:28:47,2026-04-15 07:28:47
2975,captcha_2975.png,55DFB7,SUCCESS,PMJAY,2026-04-15 07:31:11,2026-04-15 07:31:11
2976,captcha_2976.png,577WR3,SUCCESS,PMJAY,2026-04-15 07:31:19,2026-04-15 07:31:19
2977,captcha_2977.png,NGF7M2,SUCCESS,PMJAY,2026-04-15 07:34:41,2026-04-15 07:34:41
2978,captcha_2978.png,R2PXG7,SUCCESS,PMJAY,2026-04-15 07:34:49,2026-04-15 07:34:49
2979,captcha_2979.png,XHNANK,SUCCESS,PMJAY,2026-04-15 07:38:29,2026-04-15 07:38:29
2980,captcha_2980.png,5WYX56,SUCCESS,PMJAY,2026-04-15 07:38:37,2026-04-15 07:38:37
2981,captcha_2981.png,H67M2H,SUCCESS,PMJAY,2026-04-15 08:25:08,2026-04-15 08:25:08
2982,captcha_2982.png,DBR83B,SUCCESS,PMJAY,2026-04-15 08:48:16,2026-04-15 08:48:16
2983,captcha_2983.png,RFD88P,SUCCESS,PMJAY,2026-04-15 08:48:52,2026-04-15 08:48:52
2984,captcha_2984.png,WX8PRC,SUCCESS,PMJAY,2026-04-15 08:49:00,2026-04-15 08:49:00
2985,captcha_2985.png,KG8WXA,SUCCESS,PMJAY,2026-04-15 08:52:52,2026-04-15 08:52:52
2986,captcha_2986.png,35PAMX,SUCCESS,PMJAY,2026-04-15 08:53:36,2026-04-15 08:53:36
2987,captcha_2987.png,68F5FX,SUCCESS,PMJAY,2026-04-15 08:53:47,2026-04-15 08:53:47
2988,captcha_2988.png,D8A72F,SUCCESS,PMJAY,2026-04-15 09:00:29,2026-04-15 09:00:29
2989,captcha_2989.png,GKP74P,SUCCESS,PMJAY,2026-04-15 09:00:46,2026-04-15 09:00:46
2990,captcha_2990.png,BXRGEH,SUCCESS,PMJAY,2026-04-15 09:01:09,2026-04-15 09:01:09
2991,captcha_2991.png,6NN2YK,SUCCESS,PMJAY,2026-04-15 09:01:20,2026-04-15 09:01:20
2992,captcha_2992.png,4BKX2N,SUCCESS,PMJAY,2026-04-15 09:01:55,2026-04-15 09:01:55
2993,captcha_2993.png,F2BP2K,SUCCESS,PMJAY,2026-04-15 09:02:16,2026-04-15 09:02:16
2994,captcha_2994.png,F868D5,SUCCESS,PMJAY,2026-04-15 09:02:33,2026-04-15 09:02:33
2995,captcha_2995.png,27KNRW,SUCCESS,PMJAY,2026-04-15 09:02:40,2026-04-15 09:02:40
2996,captcha_2996.png,BYB4HP,SUCCESS,PMJAY,2026-04-15 09:10:35,2026-04-15 09:10:35
2997,captcha_2997.png,XX8CRA,SUCCESS,PMJAY,2026-04-15 09:16:17,2026-04-15 09:16:17
2998,captcha_2998.png,KB52D8,SUCCESS,PMJAY,2026-04-15 09:22:11,2026-04-15 09:22:11
2999,captcha_2999.png,KB52D8,SUCCESS,PMJAY,2026-04-15 09:25:28,2026-04-15 09:25:28
3000,captcha_3000.png,KB52D8,SUCCESS,PMJAY,2026-04-15 09:28:47,2026-04-15 09:28:47
3001,captcha_3001.png,NGKFDB,SUCCESS,PMJAY,2026-04-15 09:30:28,2026-04-15 09:30:28
3002,captcha_3002.png,NGKFDB,SUCCESS,PMJAY,2026-04-15 09:33:50,2026-04-15 09:33:50
3003,captcha_3003.png,FGK2ED,SUCCESS,PMJAY,2026-04-15 09:36:22,2026-04-15 09:36:22
3004,captcha_3004.png,C432NW,SUCCESS,PMJAY,2026-04-15 09:38:55,2026-04-15 09:38:55
3005,captcha_3005.png,C432NW,SUCCESS,PMJAY,2026-04-15 09:42:53,2026-04-15 09:42:53
3006,captcha_3006.png,C432NW,SUCCESS,PMJAY,2026-04-15 09:46:29,2026-04-15 09:46:29
3007,captcha_3007.png,X3CD3Y,SUCCESS,PMJAY,2026-04-15 09:47:32,2026-04-15 09:47:32
3008,captcha_3008.png,X3CD3Y,SUCCESS,PMJAY,2026-04-15 09:51:53,2026-04-15 09:51:53
3009,captcha_3009.png,X3CD3Y,SUCCESS,PMJAY,2026-04-15 09:55:54,2026-04-15 09:55:54
3010,captcha_3010.png,PNDEPW,SUCCESS,PMJAY,2026-04-15 09:56:54,2026-04-15 09:56:55
3011,captcha_3011.png,KGE76W,SUCCESS,PMJAY,2026-04-15 10:41:36,2026-04-15 10:41:36
3012,captcha_3012.png,GP8YK3,SUCCESS,PMJAY,2026-04-15 10:41:55,2026-04-15 10:41:56
3013,captcha_3013.png,KY4XXF,SUCCESS,PMJAY,2026-04-15 11:11:29,2026-04-15 11:11:29
3014,captcha_3014.png,BWFNDE,SUCCESS,PMJAY,2026-04-16 05:26:44,2026-04-16 05:26:44
3015,captcha_3015.png,4578AN,SUCCESS,PMJAY,2026-04-16 05:26:53,2026-04-16 05:26:53
3016,captcha_3016.png,6A6DDM,SUCCESS,PMJAY,2026-04-16 05:28:38,2026-04-16 05:28:38
3017,captcha_3017.png,7GHD6Y,SUCCESS,PMJAY,2026-04-16 05:28:47,2026-04-16 05:28:47
3018,captcha_3018.png,D4NPRB,SUCCESS,PMJAY,2026-04-16 05:29:45,2026-04-16 05:29:45
3019,captcha_3019.png,NPYM5C,SUCCESS,PMJAY,2026-04-16 05:29:57,2026-04-16 05:29:57
3020,captcha_3020.png,H4K3KY,SUCCESS,PMJAY,2026-04-16 05:48:37,2026-04-16 05:48:37
3021,captcha_3021.png,25EYE7,SUCCESS,PMJAY,2026-04-16 05:48:45,2026-04-16 05:48:45
3022,captcha_3022.png,PF42K5,SUCCESS,PMJAY,2026-04-16 05:51:40,2026-04-16 05:51:40
3023,captcha_3023.png,G3GMGY,SUCCESS,PMJAY,2026-04-16 05:51:45,2026-04-16 05:51:45
3024,captcha_3024.png,H7BF3X,SUCCESS,PMJAY,2026-04-16 05:51:54,2026-04-16 05:51:54
3025,captcha_3025.png,E7BB7W,SUCCESS,PMJAY,2026-04-16 06:07:14,2026-04-16 06:07:14
3026,captcha_3026.png,3PPNX,SUCCESS,PMJAY,2026-04-16 06:07:26,2026-04-16 06:07:26
3027,captcha_3027.png,PRWH5E,SUCCESS,PMJAY,2026-04-16 06:07:39,2026-04-16 06:07:39
3028,captcha_3028.png,PRWH5E,SUCCESS,PMJAY,2026-04-16 06:10:33,2026-04-16 06:10:33
3029,captcha_3029.png,YCW8MH,SUCCESS,PMJAY,2026-04-16 06:12:30,2026-04-16 06:12:30
3030,captcha_3030.png,GPEFXC,SUCCESS,PMJAY,2026-04-16 06:12:52,2026-04-16 06:12:53
3031,captcha_3031.png,PRWH5E,SUCCESS,PMJAY,2026-04-16 06:13:28,2026-04-16 06:13:28
3032,captcha_3032.png,4RHW6K,SUCCESS,PMJAY,2026-04-16 06:15:36,2026-04-16 06:15:36
3033,captcha_3033.png,KHCB4W,SUCCESS,PMJAY,2026-04-16 06:15:47,2026-04-16 06:15:48
3034,captcha_3034.png,8XE348,SUCCESS,PMJAY,2026-04-16 06:15:54,2026-04-16 06:15:54
3035,captcha_3035.png,Y4BBYW,SUCCESS,PMJAY,2026-04-16 06:16:02,2026-04-16 06:16:02
3036,captcha_3036.png,B724EN,SUCCESS,PMJAY,2026-04-16 06:19:04,2026-04-16 06:19:04
3037,captcha_3037.png,3B2YPB,SUCCESS,PMJAY,2026-04-16 06:19:13,2026-04-16 06:19:13
3038,captcha_3038.png,R7PXEG,SUCCESS,PMJAY,2026-04-16 06:20:09,2026-04-16 06:20:09
3039,captcha_3039.png,GA3M8H,SUCCESS,PMJAY,2026-04-16 06:20:18,2026-04-16 06:20:18
3040,captcha_3040.png,Y43HI7,SUCCESS,PMJAY,2026-04-16 06:21:53,2026-04-16 06:21:53
3041,captcha_3041.png,4YF6HX,SUCCESS,PMJAY,2026-04-16 06:22:20,2026-04-16 06:22:20
3042,captcha_3042.png,YYDHWB,SUCCESS,PMJAY,2026-04-16 06:22:24,2026-04-16 06:22:24
3043,captcha_3043.png,K3Y6KW,SUCCESS,PMJAY,2026-04-16 06:22:28,2026-04-16 06:22:28
3044,captcha_3044.png,GC8M3W,SUCCESS,PMJAY,2026-04-16 06:23:24,2026-04-16 06:23:24
3045,captcha_3045.png,PDN82C,SUCCESS,PMJAY,2026-04-16 06:23:33,2026-04-16 06:23:33
3046,captcha_3046.png,DDH4WM,SUCCESS,PMJAY,2026-04-16 06:25:30,2026-04-16 06:25:30
3047,captcha_3047.png,ENYF52,SUCCESS,PMJAY,2026-04-16 06:25:43,2026-04-16 06:25:43
3048,captcha_3048.png,P8ND5A,SUCCESS,PMJAY,2026-04-16 06:26:38,2026-04-16 06:26:38
3049,captcha_3049.png,3WYAB3,SUCCESS,PMJAY,2026-04-16 06:26:48,2026-04-16 06:26:48
3050,captcha_3050.png,BNFFKP,SUCCESS,PMJAY,2026-04-16 06:28:46,2026-04-16 06:28:47
3051,captcha_3051.png,6FG4CF,SUCCESS,PMJAY,2026-04-16 06:28:55,2026-04-16 06:28:55
3052,captcha_3052.png,37GN62,SUCCESS,PMJAY,2026-04-16 06:29:57,2026-04-16 06:29:57
3053,captcha_3053.png,NG2M2P,SUCCESS,PMJAY,2026-04-16 06:30:06,2026-04-16 06:30:06
3054,captcha_3054.png,DA383D,SUCCESS,PMJAY,2026-04-16 06:31:56,2026-04-16 06:31:57
3055,captcha_3055.png,DA383D,SUCCESS,PMJAY,2026-04-16 06:32:13,2026-04-16 06:32:13
3056,captcha_3056.png,EBB656,SUCCESS,PMJAY,2026-04-16 06:32:43,2026-04-16 06:32:43
3057,captcha_3057.png,RDM5NP,SUCCESS,PMJAY,2026-04-16 06:33:01,2026-04-16 06:33:01
3058,captcha_3058.png,3CKXXF,SUCCESS,PMJAY,2026-04-16 06:33:09,2026-04-16 06:33:09
3059,captcha_3059.png,3H8X6P,SUCCESS,PMJAY,2026-04-16 06:33:15,2026-04-16 06:33:15
3060,captcha_3060.png,MR66HC,SUCCESS,PMJAY,2026-04-16 06:33:24,2026-04-16 06:33:24
3061,captcha_3061.png,DA383D,SUCCESS,PMJAY,2026-04-16 06:35:12,2026-04-16 06:35:12
3062,captcha_3062.png,A7D2G5,SUCCESS,PMJAY,2026-04-16 06:36:27,2026-04-16 06:36:27
3063,captcha_3063.png,CNBEYG,SUCCESS,PMJAY,2026-04-16 06:36:36,2026-04-16 06:36:36
3064,captcha_3064.png,7ACHY7,SUCCESS,PMJAY,2026-04-16 06:37:12,2026-04-16 06:37:12
3065,captcha_3065.png,EYF3KK,SUCCESS,PMJAY,2026-04-16 06:38:19,2026-04-16 06:38:19
3066,captcha_3066.png,DG2W7C,SUCCESS,PMJAY,2026-04-16 06:38:28,2026-04-16 06:38:28
3067,captcha_3067.png,ACF88Y,SUCCESS,PMJAY,2026-04-16 06:39:39,2026-04-16 06:39:39
3068,captcha_3068.png,5CPANR,SUCCESS,PMJAY,2026-04-16 06:39:48,2026-04-16 06:39:48
3069,captcha_3069.png,PWR5CR,SUCCESS,PMJAY,2026-04-16 06:41:33,2026-04-16 06:41:33
3070,captcha_3070.png,6CF55R,SUCCESS,PMJAY,2026-04-16 06:41:41,2026-04-16 06:41:41
3071,captcha_3071.png,N2KHXG,SUCCESS,PMJAY,2026-04-16 06:43:10,2026-04-16 06:43:10
3072,captcha_3072.png,BR6RRD,SUCCESS,PMJAY,2026-04-16 06:43:19,2026-04-16 06:43:19
3073,captcha_3073.png,P87NE2,SUCCESS,PMJAY,2026-04-16 06:44:21,2026-04-16 06:44:21
3074,captcha_3074.png,7HFAXG,SUCCESS,PMJAY,2026-04-16 06:44:32,2026-04-16 06:44:32
3075,captcha_3075.png,HKBHCD,SUCCESS,PMJAY,2026-04-16 06:44:43,2026-04-16 06:44:43
3076,captcha_3076.png,8EGYAA,SUCCESS,PMJAY,2026-04-16 06:44:51,2026-04-16 06:44:51
3077,captcha_3077.png,3H34FD,SUCCESS,PMJAY,2026-04-16 06:46:31,2026-04-16 06:46:31
3078,captcha_3078.png,F7RN8A,SUCCESS,PMJAY,2026-04-16 06:46:35,2026-04-16 06:46:35
3079,captcha_3079.png,W4XERD,SUCCESS,PMJAY,2026-04-16 06:46:39,2026-04-16 06:46:39
3080,captcha_3080.png,8MYH46,SUCCESS,PMJAY,2026-04-16 06:46:44,2026-04-16 06:46:44
3081,captcha_3081.png,6GB5B5,SUCCESS,PMJAY,2026-04-16 06:47:38,2026-04-16 06:47:38
3082,captcha_3082.png,CCWXD7,SUCCESS,PMJAY,2026-04-16 06:47:47,2026-04-16 06:47:47
3083,captcha_3083.png,8W865M,SUCCESS,PMJAY,2026-04-16 06:48:03,2026-04-16 06:48:03
3084,captcha_3084.png,EGD6XP,SUCCESS,PMJAY,2026-04-16 06:48:14,2026-04-16 06:48:14
3085,captcha_3085.png,E3AD6H,SUCCESS,PMJAY,2026-04-16 06:50:43,2026-04-16 06:50:43
3086,captcha_3086.png,W8K6P5,SUCCESS,PMJAY,2026-04-16 06:50:52,2026-04-16 06:50:52
3087,captcha_3087.png,RRDXGH,SUCCESS,PMJAY,2026-04-16 06:54:10,2026-04-16 06:54:10
3088,captcha_3088.png,YMR282,SUCCESS,PMJAY,2026-04-16 06:54:18,2026-04-16 06:54:18
3089,captcha_3089.png,BPEPR4,SUCCESS,PMJAY,2026-04-16 06:57:40,2026-04-16 06:57:40
3090,captcha_3090.png,X2DW82,SUCCESS,PMJAY,2026-04-16 06:57:55,2026-04-16 06:57:55
3091,captcha_3091.png,E2NFBK,SUCCESS,PMJAY,2026-04-16 07:05:43,2026-04-16 07:05:43
3092,captcha_3092.png,2A46P8,SUCCESS,PMJAY,2026-04-16 07:05:52,2026-04-16 07:05:52
3093,captcha_3093.png,NKD2H2,SUCCESS,PMJAY,2026-04-16 07:06:57,2026-04-16 07:06:57
3094,captcha_3094.png,NKD2H2,SUCCESS,PMJAY,2026-04-16 07:07:05,2026-04-16 07:07:05
3095,captcha_3095.png,NKD2H2,SUCCESS,PMJAY,2026-04-16 07:07:21,2026-04-16 07:07:21
3096,captcha_3096.png,NKD2H2,SUCCESS,PMJAY,2026-04-16 07:07:31,2026-04-16 07:07:31
3097,captcha_3097.png,NKD2H2,SUCCESS,PMJAY,2026-04-16 07:07:48,2026-04-16 07:07:48
3098,captcha_3098.png,8FNCE5,SUCCESS,PMJAY,2026-04-16 07:08:24,2026-04-16 07:08:25
3099,captcha_3099.png,M3XB5D,SUCCESS,PMJAY,2026-04-16 07:08:33,2026-04-16 07:08:33
3100,captcha_3100.png,8FNCE5,SUCCESS,PMJAY,2026-04-16 07:08:36,2026-04-16 07:08:36
3101,captcha_3101.png,8FNCE5,SUCCESS,PMJAY,2026-04-16 07:08:44,2026-04-16 07:08:44
3102,captcha_3102.png,G2P3MX,SUCCESS,PMJAY,2026-04-16 07:09:10,2026-04-16 07:09:10
3103,captcha_3103.png,M3XB5D,SUCCESS,PMJAY,2026-04-16 07:09:24,2026-04-16 07:09:25
3104,captcha_3104.png,8GKGGA,SUCCESS,PMJAY,2026-04-16 07:09:29,2026-04-16 07:09:29
3105,captcha_3105.png,M3XB5D,SUCCESS,PMJAY,2026-04-16 07:09:35,2026-04-16 07:09:35
3106,captcha_3106.png,ECCMC6,SUCCESS,PMJAY,2026-04-16 07:09:40,2026-04-16 07:09:40
3107,captcha_3107.png,HGRR4X,SUCCESS,PMJAY,2026-04-16 07:10:46,2026-04-16 07:10:46
3108,captcha_3108.png,K6WPNB,SUCCESS,PMJAY,2026-04-16 07:10:55,2026-04-16 07:10:55
3109,captcha_3109.png,HGRR4X,SUCCESS,PMJAY,2026-04-16 07:11:30,2026-04-16 07:11:30
3110,captcha_3110.png,66F876,SUCCESS,PMJAY,2026-04-16 07:13:53,2026-04-16 07:13:53
3111,captcha_3111.png,BAC8AY,SUCCESS,PMJAY,2026-04-16 07:14:03,2026-04-16 07:14:03
3112,captcha_3112.png,K6WPNB,SUCCESS,PMJAY,2026-04-16 07:14:08,2026-04-16 07:14:08
3113,captcha_3113.png,HGRR4X,SUCCESS,PMJAY,2026-04-16 07:14:22,2026-04-16 07:14:22
3114,captcha_3114.png,BFP8HA,SUCCESS,PMJAY,2026-04-16 07:18:09,2026-04-16 07:18:09
3115,captcha_3115.png,YCHPHF,SUCCESS,PMJAY,2026-04-16 07:19:21,2026-04-16 07:19:21
3116,captcha_3116.png,HGRR4X,SUCCESS,PMJAY,2026-04-16 07:21:57,2026-04-16 07:21:57
3117,captcha_3117.png,HCRR4X,SUCCESS,PMJAY,2026-04-16 07:22:10,2026-04-16 07:22:10
3118,captcha_3118.png,FE45D2,SUCCESS,PMJAY,2026-04-16 07:49:00,2026-04-16 07:49:00
3119,captcha_3119.png,EBAXYY,SUCCESS,PMJAY,2026-04-16 08:17:56,2026-04-16 08:17:57
3120,captcha_3120.png,GNCRRX,SUCCESS,PMJAY,2026-04-16 08:18:06,2026-04-16 08:18:06
3121,captcha_3121.png,4N3P6X,SUCCESS,PMJAY,2026-04-16 08:19:10,2026-04-16 08:19:10
3122,captcha_3122.png,X825MG,SUCCESS,PMJAY,2026-04-16 08:19:31,2026-04-16 08:19:32
3123,captcha_3123.png,N5M3C7,SUCCESS,PMJAY,2026-04-16 08:19:40,2026-04-16 08:19:40
3124,captcha_3124.png,RG476Y,SUCCESS,PMJAY,2026-04-16 08:21:15,2026-04-16 08:21:15
3125,captcha_3125.png,63D36W,SUCCESS,PMJAY,2026-04-16 08:21:24,2026-04-16 08:21:24
3126,captcha_3126.png,RG476Y,SUCCESS,PMJAY,2026-04-16 08:21:36,2026-04-16 08:21:36
3127,captcha_3127.png,4N3P6X,SUCCESS,PMJAY,2026-04-16 08:22:05,2026-04-16 08:22:05
3128,captcha_3128.png,NNNXCX,SUCCESS,PMJAY,2026-04-16 08:22:26,2026-04-16 08:22:26
3129,captcha_3129.png,63D36W,SUCCESS,PMJAY,2026-04-16 08:22:33,2026-04-16 08:22:33
3130,captcha_3130.png,K5ABP8,SUCCESS,PMJAY,2026-04-16 08:22:37,2026-04-16 08:22:37
3131,captcha_3131.png,RG476Y,SUCCESS,PMJAY,2026-04-16 08:22:46,2026-04-16 08:22:46
3132,captcha_3132.png,X6C8XC,SUCCESS,PMJAY,2026-04-16 08:25:12,2026-04-16 08:25:12
3133,captcha_3133.png,BRR754,SUCCESS,PMJAY,2026-04-16 08:25:24,2026-04-16 08:25:24
3134,captcha_3134.png,48GKH7,SUCCESS,PMJAY,2026-04-16 08:25:28,2026-04-16 08:25:28
3135,captcha_3135.png,X6C8XC,SUCCESS,PMJAY,2026-04-16 08:25:36,2026-04-16 08:25:36
3136,captcha_3136.png,2MYN87,SUCCESS,PMJAY,2026-04-16 08:25:40,2026-04-16 08:25:40
3137,captcha_3137.png,RG476Y,SUCCESS,PMJAY,2026-04-16 08:26:12,2026-04-16 08:26:12
3138,captcha_3138.png,CRW4YY,SUCCESS,PMJAY,2026-04-16 08:27:03,2026-04-16 08:27:03
3139,captcha_3139.png,E65NFG,SUCCESS,PMJAY,2026-04-16 08:27:07,2026-04-16 08:27:07
3140,captcha_3140.png,Y4KK3A,SUCCESS,PMJAY,2026-04-16 08:27:11,2026-04-16 08:27:11
3141,captcha_3141.png,8NGM7A,SUCCESS,PMJAY,2026-04-16 08:27:16,2026-04-16 08:27:16
3142,captcha_3142.png,E65NFG,SUCCESS,PMJAY,2026-04-16 08:27:28,2026-04-16 08:27:28
3143,captcha_3143.png,DXCGXC,SUCCESS,PMJAY,2026-04-16 08:28:27,2026-04-16 08:28:27
3144,captcha_3144.png,FK3W5K,SUCCESS,PMJAY,2026-04-16 08:28:37,2026-04-16 08:28:37
3145,captcha_3145.png,242YPF,SUCCESS,PMJAY,2026-04-16 08:28:41,2026-04-16 08:28:41
3146,captcha_3146.png,8NGM7A,SUCCESS,PMJAY,2026-04-16 08:28:46,2026-04-16 08:28:46
3147,captcha_3147.png,R8C5DW,SUCCESS,PMJAY,2026-04-16 08:28:50,2026-04-16 08:28:50
3148,captcha_3148.png,E65NFG,SUCCESS,PMJAY,2026-04-16 08:29:27,2026-04-16 08:29:27
3149,captcha_3149.png,4XMGN2,SUCCESS,PMJAY,2026-04-16 08:30:43,2026-04-16 08:30:43
3150,captcha_3150.png,P3H4XE,SUCCESS,PMJAY,2026-04-16 08:30:52,2026-04-16 08:30:52
3151,captcha_3151.png,425K8B,SUCCESS,PMJAY,2026-04-16 08:30:58,2026-04-16 08:30:58
3152,captcha_3152.png,4XMGN2,SUCCESS,PMJAY,2026-04-16 08:31:10,2026-04-16 08:31:10
3153,captcha_3153.png,FNGDA8,SUCCESS,PMJAY,2026-04-16 08:31:25,2026-04-16 08:31:25
3154,captcha_3154.png,N5HW87,SUCCESS,PMJAY,2026-04-16 08:31:43,2026-04-16 08:31:43
3155,captcha_3155.png,CK3YMG,SUCCESS,PMJAY,2026-04-16 08:31:48,2026-04-16 08:31:48
3156,captcha_3156.png,B25GHM,SUCCESS,PMJAY,2026-04-16 08:31:52,2026-04-16 08:31:52
3157,captcha_3157.png,HM77DE,SUCCESS,PMJAY,2026-04-16 08:31:56,2026-04-16 08:31:56
3158,captcha_3158.png,PNN8F2,SUCCESS,PMJAY,2026-04-16 08:32:01,2026-04-16 08:32:01
3159,captcha_3159.png,B25GHM,SUCCESS,PMJAY,2026-04-16 08:32:43,2026-04-16 08:32:44
3160,captcha_3160.png,A3D4KH,SUCCESS,PMJAY,2026-04-16 08:33:50,2026-04-16 08:33:50
3161,captcha_3161.png,2N63RA,SUCCESS,PMJAY,2026-04-16 08:34:40,2026-04-16 08:34:40
3162,captcha_3162.png,5HNF67,SUCCESS,PMJAY,2026-04-16 08:34:44,2026-04-16 08:34:44
3163,captcha_3163.png,M7D3KK,SUCCESS,PMJAY,2026-04-16 08:34:49,2026-04-16 08:34:49
3164,captcha_3164.png,FFNFKX,SUCCESS,PMJAY,2026-04-16 08:34:54,2026-04-16 08:34:54
3165,captcha_3165.png,BHCKHP,SUCCESS,PMJAY,2026-04-16 08:34:58,2026-04-16 08:34:58
3166,captcha_3166.png,A3D4KH,SUCCESS,PMJAY,2026-04-16 08:35:02,2026-04-16 08:35:02
3167,captcha_3167.png,45HR33,SUCCESS,PMJAY,2026-04-16 08:36:10,2026-04-16 08:36:10
3168,captcha_3168.png,648GPX,SUCCESS,PMJAY,2026-04-16 08:36:20,2026-04-16 08:36:20
3169,captcha_3169.png,45HR33,SUCCESS,PMJAY,2026-04-16 08:36:31,2026-04-16 08:36:31
3170,captcha_3170.png,PD3C37,SUCCESS,PMJAY,2026-04-16 08:37:37,2026-04-16 08:37:37
3171,captcha_3171.png,7MXCX2,SUCCESS,PMJAY,2026-04-16 08:37:41,2026-04-16 08:37:41
3172,captcha_3172.png,648GPX,SUCCESS,PMJAY,2026-04-16 08:37:45,2026-04-16 08:37:45
3173,captcha_3173.png,NKWXBC,SUCCESS,PMJAY,2026-04-16 08:37:50,2026-04-16 08:37:50
3174,captcha_3174.png,26H63R,SUCCESS,PMJAY,2026-04-16 08:37:54,2026-04-16 08:37:54
3175,captcha_3175.png,45HR33,SUCCESS,PMJAY,2026-04-16 08:38:37,2026-04-16 08:38:37
3176,captcha_3176.png,AA7CDC,SUCCESS,PMJAY,2026-04-16 08:40:36,2026-04-16 08:40:36
3177,captcha_3177.png,PGFG4R,SUCCESS,PMJAY,2026-04-16 08:40:40,2026-04-16 08:40:40
3178,captcha_3178.png,F54KHK,SUCCESS,PMJAY,2026-04-16 08:40:45,2026-04-16 08:40:45
3179,captcha_3179.png,5YEPD4,SUCCESS,PMJAY,2026-04-16 08:40:50,2026-04-16 08:40:50
3180,captcha_3180.png,8H2DW5,SUCCESS,PMJAY,2026-04-16 08:40:54,2026-04-16 08:40:54
3181,captcha_3181.png,45HR33,SUCCESS,PMJAY,2026-04-16 08:41:36,2026-04-16 08:41:37
3182,captcha_3182.png,PGN3R8,SUCCESS,PMJAY,2026-04-16 08:41:43,2026-04-16 08:41:43
3183,captcha_3183.png,KGNK7Y,SUCCESS,PMJAY,2026-04-16 08:41:52,2026-04-16 08:41:52
3184,captcha_3184.png,PGN3R8,SUCCESS,PMJAY,2026-04-16 08:42:03,2026-04-16 08:42:03
3185,captcha_3185.png,REM6YB,SUCCESS,PMJAY,2026-04-16 08:43:26,2026-04-16 08:43:26
3186,captcha_3186.png,6BEPKE,SUCCESS,PMJAY,2026-04-16 08:43:32,2026-04-16 08:43:33
3187,captcha_3187.png,6XWWAP,SUCCESS,PMJAY,2026-04-16 08:43:41,2026-04-16 08:43:41
3188,captcha_3188.png,G4FFNE,SUCCESS,PMJAY,2026-04-16 08:43:46,2026-04-16 08:43:46
3189,captcha_3189.png,KGNK7Y,SUCCESS,PMJAY,2026-04-16 08:43:50,2026-04-16 08:43:50
3190,captcha_3190.png,MM8P8G,SUCCESS,PMJAY,2026-04-16 08:44:27,2026-04-16 08:44:27
3191,captcha_3191.png,PGN3R8,SUCCESS,PMJAY,2026-04-16 08:44:31,2026-04-16 08:44:31
3192,captcha_3192.png,6553H5,SUCCESS,PMJAY,2026-04-16 08:46:26,2026-04-16 08:46:26
3193,captcha_3193.png,KBNHX7,SUCCESS,PMJAY,2026-04-16 08:46:31,2026-04-16 08:46:31
3194,captcha_3194.png,4AN885,SUCCESS,PMJAY,2026-04-16 08:46:35,2026-04-16 08:46:35
3195,captcha_3195.png,6553H5,SUCCESS,PMJAY,2026-04-16 08:46:45,2026-04-16 08:46:45
3196,captcha_3196.png,5363H4,SUCCESS,PMJAY,2026-04-16 08:46:49,2026-04-16 08:46:49
3197,captcha_3197.png,2FKWE3,SUCCESS,PMJAY,2026-04-16 08:47:34,2026-04-16 08:47:34
3198,captcha_3198.png,38GRBE,SUCCESS,PMJAY,2026-04-16 08:47:43,2026-04-16 08:47:43
3199,captcha_3199.png,4AN885,SUCCESS,PMJAY,2026-04-16 08:47:48,2026-04-16 08:47:48
3200,captcha_3200.png,6553H5,SUCCESS,PMJAY,2026-04-16 08:48:00,2026-04-16 08:48:00
3201,captcha_3201.png,ECPC64,SUCCESS,PMJAY,2026-04-16 08:48:22,2026-04-16 08:48:22
3202,captcha_3202.png,MK7A6K,SUCCESS,PMJAY,2026-04-16 08:48:35,2026-04-16 08:48:35
3203,captcha_3203.png,ECPC64,SUCCESS,PMJAY,2026-04-16 08:48:46,2026-04-16 08:48:46
3204,captcha_3204.png,3M3D2H,SUCCESS,PMJAY,2026-04-16 08:49:01,2026-04-16 08:49:01
3205,captcha_3205.png,C7WM6G,SUCCESS,PMJAY,2026-04-16 08:49:10,2026-04-16 08:49:10
3206,captcha_3206.png,3M3D2H,SUCCESS,PMJAY,2026-04-16 08:49:22,2026-04-16 08:49:22
3207,captcha_3207.png,DCAKNN,SUCCESS,PMJAY,2026-04-16 08:49:35,2026-04-16 08:49:35
3208,captcha_3208.png,GNWE5B,SUCCESS,PMJAY,2026-04-16 08:49:50,2026-04-16 08:49:51
3209,captcha_3209.png,PNXK5N,SUCCESS,PMJAY,2026-04-16 08:50:00,2026-04-16 08:50:00
3210,captcha_3210.png,RWXD7X,SUCCESS,PMJAY,2026-04-16 08:50:09,2026-04-16 08:50:09
3211,captcha_3211.png,ECXD87,SUCCESS,PMJAY,2026-04-16 08:50:18,2026-04-16 08:50:18
3212,captcha_3212.png,RWXD7X,SUCCESS,PMJAY,2026-04-16 08:50:36,2026-04-16 08:50:36
3213,captcha_3213.png,5AC7PM,SUCCESS,PMJAY,2026-04-16 08:50:45,2026-04-16 08:50:45
3214,captcha_3214.png,NKYP6H,SUCCESS,PMJAY,2026-04-16 08:50:55,2026-04-16 08:50:55
3215,captcha_3215.png,ECXD87,SUCCESS,PMJAY,2026-04-16 08:50:59,2026-04-16 08:50:59
3216,captcha_3216.png,RWXD7X,SUCCESS,PMJAY,2026-04-16 08:51:09,2026-04-16 08:51:09
3217,captcha_3217.png,XAA8YB,SUCCESS,PMJAY,2026-04-16 08:52:57,2026-04-16 08:52:57
3218,captcha_3218.png,H4XBR5,SUCCESS,PMJAY,2026-04-16 08:53:05,2026-04-16 08:53:06
3219,captcha_3219.png,DNP7CC,SUCCESS,PMJAY,2026-04-16 08:53:56,2026-04-16 08:53:56
3220,captcha_3220.png,RWXD7X,SUCCESS,PMJAY,2026-04-16 08:54:04,2026-04-16 08:54:04
3221,captcha_3221.png,A43NH8,SUCCESS,PMJAY,2026-04-16 08:54:13,2026-04-16 08:54:13
3222,captcha_3222.png,X7Y73X,SUCCESS,PMJAY,2026-04-16 08:55:26,2026-04-16 08:55:26
3223,captcha_3223.png,CRHGAF,SUCCESS,PMJAY,2026-04-16 08:55:32,2026-04-16 08:55:32
3224,captcha_3224.png,YFD6YD,SUCCESS,PMJAY,2026-04-16 08:55:37,2026-04-16 08:55:37
3225,captcha_3225.png,DNP7CC,SUCCESS,PMJAY,2026-04-16 08:55:46,2026-04-16 08:55:46
3226,captcha_3226.png,7478GE,SUCCESS,PMJAY,2026-04-16 08:56:04,2026-04-16 08:56:04
3227,captcha_3227.png,87M3C8,SUCCESS,PMJAY,2026-04-16 08:56:26,2026-04-16 08:56:26
3228,captcha_3228.png,NBPP6B,SUCCESS,PMJAY,2026-04-16 08:57:06,2026-04-16 08:57:06
3229,captcha_3229.png,NNG8P8,SUCCESS,PMJAY,2026-04-16 08:57:18,2026-04-16 08:57:18
3230,captcha_3230.png,B8FWD3,SUCCESS,PMJAY,2026-04-16 08:58:01,2026-04-16 08:58:01
3231,captcha_3231.png,4AMC3A,SUCCESS,PMJAY,2026-04-16 08:58:07,2026-04-16 08:58:07
3232,captcha_3232.png,YMCWGN,SUCCESS,PMJAY,2026-04-16 08:58:16,2026-04-16 08:58:16
3233,captcha_3233.png,4AMC3A,SUCCESS,PMJAY,2026-04-16 08:58:26,2026-04-16 08:58:26
3234,captcha_3234.png,5CMGWF,SUCCESS,PMJAY,2026-04-16 08:58:41,2026-04-16 08:58:42
3235,captcha_3235.png,RBEMHH,SUCCESS,PMJAY,2026-04-16 08:59:00,2026-04-16 08:59:01
3236,captcha_3236.png,YMCWGN,SUCCESS,PMJAY,2026-04-16 08:59:05,2026-04-16 08:59:05
3237,captcha_3237.png,4AMC3A,SUCCESS,PMJAY,2026-04-16 08:59:15,2026-04-16 08:59:15
3238,captcha_3238.png,6CRFXG,SUCCESS,PMJAY,2026-04-16 08:59:30,2026-04-16 08:59:30
3239,captcha_3239.png,RGK5BG,SUCCESS,PMJAY,2026-04-16 08:59:39,2026-04-16 08:59:39
3240,captcha_3240.png,4AMC3A,SUCCESS,PMJAY,2026-04-16 09:02:11,2026-04-16 09:02:11
3241,captcha_3241.png,527FBK,SUCCESS,PMJAY,2026-04-16 09:02:15,2026-04-16 09:02:15
3242,captcha_3242.png,5HBFDX,SUCCESS,PMJAY,2026-04-16 09:02:24,2026-04-16 09:02:24
3243,captcha_3243.png,DCMHPP,SUCCESS,PMJAY,2026-04-16 09:02:28,2026-04-16 09:02:28
3244,captcha_3244.png,D386PC,SUCCESS,PMJAY,2026-04-16 09:02:35,2026-04-16 09:02:35
3245,captcha_3245.png,4AMC3A,SUCCESS,PMJAY,2026-04-16 09:03:11,2026-04-16 09:03:11
3246,captcha_3246.png,3WDH6H,SUCCESS,PMJAY,2026-04-16 09:03:16,2026-04-16 09:03:16
3247,captcha_3247.png,PYDP7G,SUCCESS,PMJAY,2026-04-16 09:05:17,2026-04-16 09:05:17
3248,captcha_3248.png,28Y23W,SUCCESS,PMJAY,2026-04-16 09:05:26,2026-04-16 09:05:26
3249,captcha_3249.png,PYDP7G,SUCCESS,PMJAY,2026-04-16 09:05:37,2026-04-16 09:05:37
3250,captcha_3250.png,YWNXD2,SUCCESS,PMJAY,2026-04-16 09:05:49,2026-04-16 09:05:49
3251,captcha_3251.png,28Y23W,SUCCESS,PMJAY,2026-04-16 09:05:56,2026-04-16 09:05:56
3252,captcha_3252.png,E8747N,SUCCESS,PMJAY,2026-04-16 09:06:18,2026-04-16 09:06:18
3253,captcha_3253.png,PYDP7G,SUCCESS,PMJAY,2026-04-16 09:06:23,2026-04-16 09:06:23
3254,captcha_3254.png,R86DAG,SUCCESS,PMJAY,2026-04-16 09:06:27,2026-04-16 09:06:27
3255,captcha_3255.png,7X3NN4,SUCCESS,PMJAY,2026-04-16 09:06:36,2026-04-16 09:06:36
3256,captcha_3256.png,M58WFR,SUCCESS,PMJAY,2026-04-16 09:07:09,2026-04-16 09:07:09
3257,captcha_3257.png,N885BE,SUCCESS,PMJAY,2026-04-16 09:07:24,2026-04-16 09:07:24
3258,captcha_3258.png,M58WFR,SUCCESS,PMJAY,2026-04-16 09:07:47,2026-04-16 09:07:47
3259,captcha_3259.png,53NWHC,SUCCESS,PMJAY,2026-04-16 09:08:33,2026-04-16 09:08:33
3260,captcha_3260.png,KBK85C,SUCCESS,PMJAY,2026-04-16 09:08:40,2026-04-16 09:08:41
3261,captcha_3261.png,53NWHC,SUCCESS,PMJAY,2026-04-16 09:08:54,2026-04-16 09:08:54
3262,captcha_3262.png,CN2YKK,SUCCESS,PMJAY,2026-04-16 09:09:17,2026-04-16 09:09:17
3263,captcha_3263.png,RE5P4F,SUCCESS,PMJAY,2026-04-16 09:09:22,2026-04-16 09:09:22
3264,captcha_3264.png,RA43DH,SUCCESS,PMJAY,2026-04-16 09:09:33,2026-04-16 09:09:33
3265,captcha_3265.png,C2K24N,SUCCESS,PMJAY,2026-04-16 09:09:37,2026-04-16 09:09:37
3266,captcha_3266.png,B84EEY,SUCCESS,PMJAY,2026-04-16 09:09:42,2026-04-16 09:09:42
3267,captcha_3267.png,KBK85C,SUCCESS,PMJAY,2026-04-16 09:09:47,2026-04-16 09:09:47
3268,captcha_3268.png,HR8H4X,SUCCESS,PMJAY,2026-04-16 09:09:51,2026-04-16 09:09:51
3269,captcha_3269.png,53NWHC,SUCCESS,PMJAY,2026-04-16 09:10:34,2026-04-16 09:10:34
3270,captcha_3270.png,6DPNWM,SUCCESS,PMJAY,2026-04-16 09:12:14,2026-04-16 09:12:14
3271,captcha_3271.png,X3ABBH,SUCCESS,PMJAY,2026-04-16 09:13:06,2026-04-16 09:13:06
3272,captcha_3272.png,PEBAB4,SUCCESS,PMJAY,2026-04-16 09:13:18,2026-04-16 09:13:18
3273,captcha_3273.png,GRB6D5,SUCCESS,PMJAY,2026-04-16 09:13:30,2026-04-16 09:13:30
3274,captcha_3274.png,HW882N,SUCCESS,PMJAY,2026-04-16 09:13:38,2026-04-16 09:13:38
3275,captcha_3275.png,GRB6D5,SUCCESS,PMJAY,2026-04-16 09:13:55,2026-04-16 09:13:55
3276,captcha_3276.png,6DPNWM,SUCCESS,PMJAY,2026-04-16 09:15:10,2026-04-16 09:15:10
3277,captcha_3277.png,YHB3BG,SUCCESS,PMJAY,2026-04-16 09:15:22,2026-04-16 09:15:22
3278,captcha_3278.png,257DHD,SUCCESS,PMJAY,2026-04-16 09:15:31,2026-04-16 09:15:31
3279,captcha_3279.png,YHB3BG,SUCCESS,PMJAY,2026-04-16 09:15:42,2026-04-16 09:15:42
3280,captcha_3280.png,YHB3BG,SUCCESS,PMJAY,2026-04-16 09:16:24,2026-04-16 09:16:24
3281,captcha_3281.png,GBFEGG,SUCCESS,PMJAY,2026-04-16 09:16:36,2026-04-16 09:16:36
3282,captcha_3282.png,HHHKKX,SUCCESS,PMJAY,2026-04-16 09:16:44,2026-04-16 09:16:44
3283,captcha_3283.png,257DHD,SUCCESS,PMJAY,2026-04-16 09:16:50,2026-04-16 09:16:50
3284,captcha_3284.png,WPAKHX,SUCCESS,PMJAY,2026-04-16 09:17:08,2026-04-16 09:17:08
3285,captcha_3285.png,6DPNWM,SUCCESS,PMJAY,2026-04-16 09:18:05,2026-04-16 09:18:05
3286,captcha_3286.png,WPAKHX,SUCCESS,PMJAY,2026-04-16 09:20:03,2026-04-16 09:20:03
3287,captcha_3287.png,HGH57C,SUCCESS,PMJAY,2026-04-16 09:20:18,2026-04-16 09:20:18
3288,captcha_3288.png,WPAKHX,SUCCESS,PMJAY,2026-04-16 09:22:59,2026-04-16 09:22:59
3289,captcha_3289.png,D774MB,SUCCESS,PMJAY,2026-04-16 09:25:03,2026-04-16 09:25:03
3290,captcha_3290.png,N8NWK4,SUCCESS,PMJAY,2026-04-16 09:28:49,2026-04-16 09:28:49
3291,captcha_3291.png,N8NWK4,SUCCESS,PMJAY,2026-04-16 09:29:06,2026-04-16 09:29:06
3292,captcha_3292.png,N8NWK4,SUCCESS,PMJAY,2026-04-16 09:32:01,2026-04-16 09:32:01
3293,captcha_3293.png,MYFE58,SUCCESS,PMJAY,2026-04-16 09:33:17,2026-04-16 09:33:17
3294,captcha_3294.png,X76BAK,SUCCESS,PMJAY,2026-04-16 09:33:27,2026-04-16 09:33:27
3295,captcha_3295.png,5RG5F4,SUCCESS,PMJAY,2026-04-16 09:33:32,2026-04-16 09:33:32
3296,captcha_3296.png,MYFE58,SUCCESS,PMJAY,2026-04-16 09:33:36,2026-04-16 09:33:36
3297,captcha_3297.png,N8NWK4,SUCCESS,PMJAY,2026-04-16 09:33:40,2026-04-16 09:33:40
3298,captcha_3298.png,MDAAYP,SUCCESS,PMJAY,2026-04-16 09:36:20,2026-04-16 09:36:20
3299,captcha_3299.png,PP8AA7,SUCCESS,PMJAY,2026-04-16 09:36:28,2026-04-16 09:36:28
3300,captcha_3300.png,5354CN,SUCCESS,PMJAY,2026-04-16 09:36:33,2026-04-16 09:36:33
3301,captcha_3301.png,R7CEMA,SUCCESS,PMJAY,2026-04-16 09:36:42,2026-04-16 09:36:42
3302,captcha_3302.png,H2M87R,SUCCESS,PMJAY,2026-04-16 09:36:54,2026-04-16 09:36:54
3303,captcha_3303.png,R7CEMA,SUCCESS,PMJAY,2026-04-16 09:37:20,2026-04-16 09:37:21
3304,captcha_3304.png,37GNKK,SUCCESS,PMJAY,2026-04-16 09:39:17,2026-04-16 09:39:17
3305,captcha_3305.png,3DAPWF,SUCCESS,PMJAY,2026-04-16 09:39:26,2026-04-16 09:39:26
3306,captcha_3306.png,H2M87R,SUCCESS,PMJAY,2026-04-16 09:39:30,2026-04-16 09:39:30
3307,captcha_3307.png,R7CEMA,SUCCESS,PMJAY,2026-04-16 09:39:41,2026-04-16 09:39:41
3308,captcha_3308.png,R7CEMA,SUCCESS,PMJAY,2026-04-16 09:41:01,2026-04-16 09:41:01
3309,captcha_3309.png,WNG8E,SUCCESS,PMJAY,2026-04-16 09:41:47,2026-04-16 09:41:48
3310,captcha_3310.png,56DYBE,SUCCESS,PMJAY,2026-04-16 09:42:12,2026-04-16 09:42:12
3311,captcha_3311.png,EKA4K7,SUCCESS,PMJAY,2026-04-16 09:42:17,2026-04-16 09:42:17
3312,captcha_3312.png,HB82N4,SUCCESS,PMJAY,2026-04-16 09:42:22,2026-04-16 09:42:22
3313,captcha_3313.png,5H54K4,SUCCESS,PMJAY,2026-04-16 09:42:28,2026-04-16 09:42:28
3314,captcha_3314.png,WGRAF2,SUCCESS,PMJAY,2026-04-16 09:45:14,2026-04-16 09:45:14
3315,captcha_3315.png,84EGFM,SUCCESS,PMJAY,2026-04-16 09:45:29,2026-04-16 09:45:29
3316,captcha_3316.png,77WKG,SUCCESS,PMJAY,2026-04-16 09:45:38,2026-04-16 09:45:38
3317,captcha_3317.png,84EGFM,SUCCESS,PMJAY,2026-04-16 09:45:59,2026-04-16 09:45:59
3318,captcha_3318.png,84EGFM,SUCCESS,PMJAY,2026-04-16 09:46:41,2026-04-16 09:46:41
3319,captcha_3319.png,APE7BC,SUCCESS,PMJAY,2026-04-16 09:47:06,2026-04-16 09:47:06
3320,captcha_3320.png,DRG65H,SUCCESS,PMJAY,2026-04-16 09:47:11,2026-04-16 09:47:11
3321,captcha_3321.png,3B4PXR,SUCCESS,PMJAY,2026-04-16 09:47:19,2026-04-16 09:47:19
3322,captcha_3322.png,WGRAF2,SUCCESS,PMJAY,2026-04-16 09:48:09,2026-04-16 09:48:09
3323,captcha_3323.png,WGRAF2,SUCCESS,PMJAY,2026-04-16 09:48:13,2026-04-16 09:48:13
3324,captcha_3324.png,WGRAF2,SUCCESS,PMJAY,2026-04-16 09:48:18,2026-04-16 09:48:18
3325,captcha_3325.png,4ED558,SUCCESS,PMJAY,2026-04-16 09:50:17,2026-04-16 09:50:18
3326,captcha_3326.png,R7G2PD,SUCCESS,PMJAY,2026-04-16 09:50:26,2026-04-16 09:50:26
3327,captcha_3327.png,WGRAF2,SUCCESS,PMJAY,2026-04-16 09:51:05,2026-04-16 09:51:05
3328,captcha_3328.png,FAFXEW,SUCCESS,PMJAY,2026-04-16 09:53:09,2026-04-16 09:53:09
3329,captcha_3329.png,8HDN8B,SUCCESS,PMJAY,2026-04-16 09:53:14,2026-04-16 09:53:14
3330,captcha_3330.png,2M8N5B,SUCCESS,PMJAY,2026-04-16 09:53:23,2026-04-16 09:53:23
3331,captcha_3331.png,XP58Y3,SUCCESS,PMJAY,2026-04-16 09:53:27,2026-04-16 09:53:27
3332,captcha_3332.png,5ED5K2,SUCCESS,PMJAY,2026-04-16 09:53:38,2026-04-16 09:53:38
3333,captcha_3333.png,FAXEW,SUCCESS,PMJAY,2026-04-16 09:56:04,2026-04-16 09:56:04
3334,captcha_3334.png,K5454H,SUCCESS,PMJAY,2026-04-16 09:56:25,2026-04-16 09:56:25
3335,captcha_3335.png,B28FCG,SUCCESS,PMJAY,2026-04-16 09:56:34,2026-04-16 09:56:34
3336,captcha_3336.png,YMMHKY,SUCCESS,PMJAY,2026-04-16 09:56:39,2026-04-16 09:56:39
3337,captcha_3337.png,3WA6KF,SUCCESS,PMJAY,2026-04-16 09:56:49,2026-04-16 09:56:49
3338,captcha_3338.png,YMMHKY,SUCCESS,PMJAY,2026-04-16 09:57:04,2026-04-16 09:57:04
3339,captcha_3339.png,FAFXEW,SUCCESS,PMJAY,2026-04-16 09:58:58,2026-04-16 09:58:58
3340,captcha_3340.png,7CHM3F,SUCCESS,PMJAY,2026-04-16 09:59:34,2026-04-16 09:59:34
3341,captcha_3341.png,K2AAC3,SUCCESS,PMJAY,2026-04-16 09:59:40,2026-04-16 09:59:40
3342,captcha_3342.png,XKD7B7,SUCCESS,PMJAY,2026-04-16 09:59:50,2026-04-16 09:59:50
3343,captcha_3343.png,YMMHKY,SUCCESS,PMJAY,2026-04-16 09:59:55,2026-04-16 09:59:55
3344,captcha_3344.png,KBNM26,SUCCESS,PMJAY,2026-04-16 10:01:01,2026-04-16 10:01:01
3345,captcha_3345.png,6AXERY,SUCCESS,PMJAY,2026-04-16 10:01:55,2026-04-16 10:01:55
3346,captcha_3346.png,FA3C6D,SUCCESS,PMJAY,2026-04-16 10:02:04,2026-04-16 10:02:04
3347,captcha_3347.png,YCG83K,SUCCESS,PMJAY,2026-04-16 10:02:53,2026-04-16 10:02:53
3348,captcha_3348.png,BP7MY7,SUCCESS,PMJAY,2026-04-16 10:03:02,2026-04-16 10:03:02
3349,captcha_3349.png,KBNM26,SUCCESS,PMJAY,2026-04-16 10:03:55,2026-04-16 10:03:55
3350,captcha_3350.png,FNX2F2,SUCCESS,PMJAY,2026-04-16 10:04:59,2026-04-16 10:04:59
3351,captcha_3351.png,2Y6B56,SUCCESS,PMJAY,2026-04-16 10:05:08,2026-04-16 10:05:08
3352,captcha_3352.png,C83GFN,SUCCESS,PMJAY,2026-04-16 10:06:06,2026-04-16 10:06:06
3353,captcha_3353.png,WHAY6N,SUCCESS,PMJAY,2026-04-16 10:06:15,2026-04-16 10:06:15
3354,captcha_3354.png,KBNM26,SUCCESS,PMJAY,2026-04-16 10:06:50,2026-04-16 10:06:50
3355,captcha_3355.png,APWFFW,SUCCESS,PMJAY,2026-04-16 10:08:00,2026-04-16 10:08:00
3356,captcha_3356.png,3N8BD6,SUCCESS,PMJAY,2026-04-16 10:08:09,2026-04-16 10:08:09
3357,captcha_3357.png,6ADC6G,SUCCESS,PMJAY,2026-04-16 10:08:53,2026-04-16 10:08:53
3358,captcha_3358.png,DRGYMF,SUCCESS,PMJAY,2026-04-16 10:09:02,2026-04-16 10:09:02
3359,captcha_3359.png,6ADC6G,SUCCESS,PMJAY,2026-04-16 10:09:12,2026-04-16 10:09:12
3360,captcha_3360.png,MRAD2C,SUCCESS,PMJAY,2026-04-16 10:09:19,2026-04-16 10:09:19
3361,captcha_3361.png,NE52XE,SUCCESS,PMJAY,2026-04-16 10:09:28,2026-04-16 10:09:28
3362,captcha_3362.png,W4B778,SUCCESS,PMJAY,2026-04-16 10:10:50,2026-04-16 10:10:50
3363,captcha_3363.png,ENC2Y6,SUCCESS,PMJAY,2026-04-16 10:10:59,2026-04-16 10:10:59
3364,captcha_3364.png,6ADC6G,SUCCESS,PMJAY,2026-04-16 10:12:02,2026-04-16 10:12:02
3365,captcha_3365.png,KNK467,SUCCESS,PMJAY,2026-04-16 10:12:30,2026-04-16 10:12:30
3366,captcha_3366.png,W8EAFY,SUCCESS,PMJAY,2026-04-16 10:12:39,2026-04-16 10:12:39
3367,captcha_3367.png,GC7KBN,SUCCESS,PMJAY,2026-04-16 10:13:41,2026-04-16 10:13:41
3368,captcha_3368.png,7FHFGA,SUCCESS,PMJAY,2026-04-16 10:13:50,2026-04-16 10:13:50
3369,captcha_3369.png,6ADC6G,SUCCESS,PMJAY,2026-04-16 10:14:57,2026-04-16 10:14:57
3370,captcha_3370.png,5RBCAA,SUCCESS,PMJAY,2026-04-16 10:15:41,2026-04-16 10:15:41
3371,captcha_3371.png,GKA355,SUCCESS,PMJAY,2026-04-16 10:15:50,2026-04-16 10:15:50
3372,captcha_3372.png,B65547,SUCCESS,PMJAY,2026-04-16 10:16:34,2026-04-16 10:16:34
3373,captcha_3373.png,WMBD2G,SUCCESS,PMJAY,2026-04-16 10:16:42,2026-04-16 10:16:42
3374,captcha_3374.png,P7X8DK,SUCCESS,PMJAY,2026-04-16 10:17:05,2026-04-16 10:17:05
3375,captcha_3375.png,XCAHN3,SUCCESS,PMJAY,2026-04-16 10:17:13,2026-04-16 10:17:13
3376,captcha_3376.png,72YYDH,SUCCESS,PMJAY,2026-04-16 10:18:49,2026-04-16 10:18:49
3377,captcha_3377.png,R78E27,SUCCESS,PMJAY,2026-04-16 10:18:58,2026-04-16 10:18:58
3378,captcha_3378.png,PWWWYMK,SUCCESS,PMJAY,2026-04-16 10:19:27,2026-04-16 10:19:27
3379,captcha_3379.png,B8G6EK,SUCCESS,PMJAY,2026-04-16 10:19:52,2026-04-16 10:19:52
3380,captcha_3380.png,X3RMYD,SUCCESS,PMJAY,2026-04-16 10:20:00,2026-04-16 10:20:00
3381,captcha_3381.png,2M67PK,SUCCESS,PMJAY,2026-04-16 10:21:58,2026-04-16 10:21:58
3382,captcha_3382.png,YKY6NR,SUCCESS,PMJAY,2026-04-16 10:22:07,2026-04-16 10:22:07
3383,captcha_3383.png,PWWWYMK,SUCCESS,PMJAY,2026-04-16 10:22:22,2026-04-16 10:22:22
3384,captcha_3384.png,F6BNA2,SUCCESS,PMJAY,2026-04-16 10:22:42,2026-04-16 10:22:42
3385,captcha_3385.png,3RRK8D,SUCCESS,PMJAY,2026-04-16 10:22:51,2026-04-16 10:22:51
3386,captcha_3386.png,E4H777,SUCCESS,PMJAY,2026-04-16 10:25:10,2026-04-16 10:25:10
3387,captcha_3387.png,PWWWYMK,SUCCESS,PMJAY,2026-04-16 10:25:17,2026-04-16 10:25:17
3388,captcha_3388.png,DXX6N3,SUCCESS,PMJAY,2026-04-16 10:25:22,2026-04-16 10:25:22
3389,captcha_3389.png,CGBMB2,SUCCESS,PMJAY,2026-04-16 10:25:34,2026-04-16 10:25:34
3390,captcha_3390.png,DR43X3,SUCCESS,PMJAY,2026-04-16 10:25:42,2026-04-16 10:25:42
3391,captcha_3391.png,5E4MEE,SUCCESS,PMJAY,2026-04-16 10:27:21,2026-04-16 10:27:21
3392,captcha_3392.png,AFNEH5,SUCCESS,PMJAY,2026-04-16 10:27:25,2026-04-16 10:27:25
3393,captcha_3393.png,HNKM2G,SUCCESS,PMJAY,2026-04-16 10:27:33,2026-04-16 10:27:33
3394,captcha_3394.png,RED4CN,SUCCESS,PMJAY,2026-04-16 10:27:36,2026-04-16 10:27:36
3395,captcha_3395.png,H8REWM,SUCCESS,PMJAY,2026-04-16 10:27:40,2026-04-16 10:27:40
3396,captcha_3396.png,MFP523,SUCCESS,PMJAY,2026-04-16 10:28:21,2026-04-16 10:28:21
3397,captcha_3397.png,GMXDKB,SUCCESS,PMJAY,2026-04-16 10:28:26,2026-04-16 10:28:26
3398,captcha_3398.png,6DX4DC,SUCCESS,PMJAY,2026-04-16 10:28:31,2026-04-16 10:28:31
3399,captcha_3399.png,FNGECD,SUCCESS,PMJAY,2026-04-16 10:28:35,2026-04-16 10:28:35
3400,captcha_3400.png,8NPKW7,SUCCESS,PMJAY,2026-04-16 10:28:40,2026-04-16 10:28:40
3401,captcha_3401.png,4YK4P,SUCCESS,PMJAY,2026-04-16 10:29:22,2026-04-16 10:29:22
3402,captcha_3402.png,6DX4DC,SUCCESS,PMJAY,2026-04-16 10:29:45,2026-04-16 10:29:45
3403,captcha_3403.png,RXRFP2,SUCCESS,PMJAY,2026-04-16 10:30:13,2026-04-16 10:30:13
3404,captcha_3404.png,MB36B2,SUCCESS,PMJAY,2026-04-16 10:30:22,2026-04-16 10:30:22
3405,captcha_3405.png,83258G,SUCCESS,PMJAY,2026-04-16 10:31:42,2026-04-16 10:31:42
3406,captcha_3406.png,WX22NE,SUCCESS,PMJAY,2026-04-16 10:31:51,2026-04-16 10:31:51
3407,captcha_3407.png,6DX4DC,SUCCESS,PMJAY,2026-04-16 10:32:38,2026-04-16 10:32:38
3408,captcha_3408.png,W88GMY,SUCCESS,PMJAY,2026-04-16 10:33:05,2026-04-16 10:33:05
3409,captcha_3409.png,2YW28X,SUCCESS,PMJAY,2026-04-16 10:33:13,2026-04-16 10:33:13
3410,captcha_3410.png,R6DAEA,SUCCESS,PMJAY,2026-04-16 10:34:54,2026-04-16 10:34:54
3411,captcha_3411.png,K2KXD3,SUCCESS,PMJAY,2026-04-16 10:35:02,2026-04-16 10:35:02
3412,captcha_3412.png,6DX4DC,SUCCESS,PMJAY,2026-04-16 10:35:34,2026-04-16 10:35:34
3413,captcha_3413.png,6835,SUCCESS,PMJAY,2026-04-16 10:35:56,2026-04-16 10:35:56
3414,captcha_3414.png,RE4CDA,SUCCESS,PMJAY,2026-04-16 10:35:59,2026-04-16 10:35:59
3415,captcha_3415.png,MPBFWY,SUCCESS,PMJAY,2026-04-16 10:36:07,2026-04-16 10:36:07
3416,captcha_3416.png,8582R7,SUCCESS,PMJAY,2026-04-16 10:36:26,2026-04-16 10:36:26
3417,captcha_3417.png,58H228,SUCCESS,PMJAY,2026-04-16 10:37:39,2026-04-16 10:37:39
3418,captcha_3418.png,KRC8PB,SUCCESS,PMJAY,2026-04-16 10:37:47,2026-04-16 10:37:47
3419,captcha_3419.png,NKW7AD,SUCCESS,PMJAY,2026-04-16 10:38:00,2026-04-16 10:38:00
3420,captcha_3420.png,BP3R8P,SUCCESS,PMJAY,2026-04-16 10:38:08,2026-04-16 10:38:08
3421,captcha_3421.png,XPMDDY,SUCCESS,PMJAY,2026-04-16 10:38:50,2026-04-16 10:38:50
3422,captcha_3422.png,BCE3CR,SUCCESS,PMJAY,2026-04-16 10:38:59,2026-04-16 10:38:59
3423,captcha_3423.png,4B8WEH,SUCCESS,PMJAY,2026-04-16 10:40:31,2026-04-16 10:40:31
3424,captcha_3424.png,CK87K7,SUCCESS,PMJAY,2026-04-16 10:41:08,2026-04-16 10:41:08
3425,captcha_3425.png,YHCPXW,SUCCESS,PMJAY,2026-04-16 10:41:17,2026-04-16 10:41:17
3426,captcha_3426.png,BG855P,SUCCESS,PMJAY,2026-04-16 10:41:42,2026-04-16 10:41:42
3427,captcha_3427.png,XG3M3N,SUCCESS,PMJAY,2026-04-16 10:41:50,2026-04-16 10:41:50
3428,captcha_3428.png,4B8WEH,SUCCESS,PMJAY,2026-04-16 10:43:22,2026-04-16 10:43:22
3429,captcha_3429.png,N62NXP,SUCCESS,PMJAY,2026-04-16 10:44:17,2026-04-16 10:44:17
3430,captcha_3430.png,PFYCYM,SUCCESS,PMJAY,2026-04-16 10:44:25,2026-04-16 10:44:25
3431,captcha_3431.png,MRACAH,SUCCESS,PMJAY,2026-04-16 10:44:37,2026-04-16 10:44:37
3432,captcha_3432.png,XYP6HY,SUCCESS,PMJAY,2026-04-16 10:44:45,2026-04-16 10:44:45
3433,captcha_3433.png,GY8PPF,SUCCESS,PMJAY,2026-04-16 10:44:50,2026-04-16 10:44:50
3434,captcha_3434.png,MRACAH,SUCCESS,PMJAY,2026-04-16 10:45:02,2026-04-16 10:45:02
3435,captcha_3435.png,4B8WEH,SUCCESS,PMJAY,2026-04-16 10:46:17,2026-04-16 10:46:17
3436,captcha_3436.png,MC6GHG,SUCCESS,PMJAY,2026-04-16 10:47:21,2026-04-16 10:47:21
3437,captcha_3437.png,R3N6N6,SUCCESS,PMJAY,2026-04-16 10:47:30,2026-04-16 10:47:30
3438,captcha_3438.png,MRACAH,SUCCESS,PMJAY,2026-04-16 10:47:57,2026-04-16 10:47:57
3439,captcha_3439.png,5X8K7R,SUCCESS,PMJAY,2026-04-16 10:48:23,2026-04-16 10:48:23
3440,captcha_3440.png,DWBB8H,SUCCESS,PMJAY,2026-04-16 10:50:29,2026-04-16 10:50:29
3441,captcha_3441.png,2D7A45,SUCCESS,PMJAY,2026-04-16 10:50:37,2026-04-16 10:50:37
3442,captcha_3442.png,MRACAH,SUCCESS,PMJAY,2026-04-16 10:50:57,2026-04-16 10:50:57
3443,captcha_3443.png,5X8K7R,SUCCESS,PMJAY,2026-04-16 10:51:23,2026-04-16 10:51:23
3444,captcha_3444.png,3DPKG3,SUCCESS,PMJAY,2026-04-16 10:52:54,2026-04-16 10:52:55
3445,captcha_3445.png,3DP5PC,SUCCESS,PMJAY,2026-04-16 10:53:41,2026-04-16 10:53:41
3446,captcha_3446.png,NWYAK2,SUCCESS,PMJAY,2026-04-16 10:53:49,2026-04-16 10:53:49
3447,captcha_3447.png,5X8K7R,SUCCESS,PMJAY,2026-04-16 10:54:17,2026-04-16 10:54:17
3448,captcha_3448.png,5X8K7R,SUCCESS,PMJAY,2026-04-16 10:54:53,2026-04-16 10:54:53
3449,captcha_3449.png,FKM5FG,SUCCESS,PMJAY,2026-04-16 10:56:50,2026-04-16 10:56:50
3450,captcha_3450.png,H8686K,SUCCESS,PMJAY,2026-04-16 10:56:58,2026-04-16 10:56:58
3451,captcha_3451.png,58E6K4,SUCCESS,PMJAY,2026-04-16 11:00:00,2026-04-16 11:00:00
3452,captcha_3452.png,GKKMN6,SUCCESS,PMJAY,2026-04-16 11:00:08,2026-04-16 11:00:08
3453,captcha_3453.png,44FWDD,SUCCESS,PMJAY,2026-04-16 11:03:12,2026-04-16 11:03:12
3454,captcha_3454.png,7WMANH,SUCCESS,PMJAY,2026-04-16 11:03:21,2026-04-16 11:03:21
3455,captcha_3455.png,D52HNM,SUCCESS,PMJAY,2026-04-16 11:04:09,2026-04-16 11:04:09
3456,captcha_3456.png,D52HNM,SUCCESS,PMJAY,2026-04-16 11:04:13,2026-04-16 11:04:13
3457,captcha_3457.png,NBHWKR,SUCCESS,PMJAY,2026-04-16 11:04:18,2026-04-16 11:04:18
3458,captcha_3458.png,8E48MF,SUCCESS,PMJAY,2026-04-16 11:05:59,2026-04-16 11:05:59
3459,captcha_3459.png,XAAHXM,SUCCESS,PMJAY,2026-04-16 11:06:07,2026-04-16 11:06:07
3460,captcha_3460.png,8E48MF,SUCCESS,PMJAY,2026-04-16 11:06:21,2026-04-16 11:06:21
3461,captcha_3461.png,RF3R24,SUCCESS,PMJAY,2026-04-16 11:06:26,2026-04-16 11:06:26
3462,captcha_3462.png,BXNFGY,SUCCESS,PMJAY,2026-04-16 11:06:31,2026-04-16 11:06:31
3463,captcha_3463.png,BXNFGY,SUCCESS,PMJAY,2026-04-16 11:07:00,2026-04-16 11:07:00
3464,captcha_3464.png,BXNFGY,SUCCESS,PMJAY,2026-04-16 11:07:03,2026-04-16 11:07:04
3465,captcha_3465.png,BXNFGY,SUCCESS,PMJAY,2026-04-16 11:07:07,2026-04-16 11:07:07
3466,captcha_3466.png,WH24D6,SUCCESS,PMJAY,2026-04-16 11:07:11,2026-04-16 11:07:11
3467,captcha_3467.png,F27E7C,SUCCESS,PMJAY,2026-04-16 11:07:19,2026-04-16 11:07:19
3468,captcha_3468.png,8E48MF,SUCCESS,PMJAY,2026-04-16 11:09:16,2026-04-16 11:09:16
3469,captcha_3469.png,BXNFGY,SUCCESS,PMJAY,2026-04-16 11:09:43,2026-04-16 11:09:43
3470,captcha_3470.png,38H5BH,SUCCESS,PMJAY,2026-04-16 11:10:02,2026-04-16 11:10:02
3471,captcha_3471.png,M4K3KP,SUCCESS,PMJAY,2026-04-16 11:10:10,2026-04-16 11:10:10
3472,captcha_3472.png,8E48MF,SUCCESS,PMJAY,2026-04-16 11:12:11,2026-04-16 11:12:11
3473,captcha_3473.png,BXNFGY,SUCCESS,PMJAY,2026-04-16 11:12:38,2026-04-16 11:12:38
3474,captcha_3474.png,2BWEB3,SUCCESS,PMJAY,2026-04-16 11:12:55,2026-04-16 11:12:55
3475,captcha_3475.png,RCAWBA,SUCCESS,PMJAY,2026-04-16 11:13:02,2026-04-16 11:13:02
3476,captcha_3476.png,4EDWNR,SUCCESS,PMJAY,2026-04-16 11:14:14,2026-04-16 11:14:14
3477,captcha_3477.png,XPK24Y,SUCCESS,PMJAY,2026-04-16 11:14:21,2026-04-16 11:14:21
3478,captcha_3478.png,AXM7NC,SUCCESS,PMJAY,2026-04-16 11:14:26,2026-04-16 11:14:26
3479,captcha_3479.png,A8FE5C,SUCCESS,PMJAY,2026-04-16 11:15:47,2026-04-16 11:15:47
3480,captcha_3480.png,E4C78M,SUCCESS,PMJAY,2026-04-16 11:15:59,2026-04-16 11:15:59
3481,captcha_3481.png,C8AF3A,SUCCESS,PMJAY,2026-04-16 11:17:05,2026-04-16 11:17:05
3482,captcha_3482.png,7C5NCX,SUCCESS,PMJAY,2026-04-16 11:17:16,2026-04-16 11:17:16
3483,captcha_3483.png,AXM7NC,SUCCESS,PMJAY,2026-04-16 11:17:21,2026-04-16 11:17:21
3484,captcha_3484.png,PB2PD3,SUCCESS,PMJAY,2026-04-16 11:18:42,2026-04-16 11:18:42
3485,captcha_3485.png,X6WW48,SUCCESS,PMJAY,2026-04-16 11:18:50,2026-04-16 11:18:50
3486,captcha_3486.png,A7A4R5,SUCCESS,PMJAY,2026-04-16 11:19:59,2026-04-16 11:19:59
3487,captcha_3487.png,5AH555,SUCCESS,PMJAY,2026-04-16 11:20:07,2026-04-16 11:20:07
3488,captcha_3488.png,AXM7NC,SUCCESS,PMJAY,2026-04-16 11:20:13,2026-04-16 11:20:13
3489,captcha_3489.png,Y4MWXP,SUCCESS,PMJAY,2026-04-16 11:21:34,2026-04-16 11:21:34
3490,captcha_3490.png,CC7A6B,SUCCESS,PMJAY,2026-04-16 11:21:43,2026-04-16 11:21:43
3491,captcha_3491.png,7R2MKA,SUCCESS,PMJAY,2026-04-16 11:22:20,2026-04-16 11:22:20
3492,captcha_3492.png,6KM4WX,SUCCESS,PMJAY,2026-04-16 11:22:53,2026-04-16 11:22:53
3493,captcha_3493.png,8AN2NN,SUCCESS,PMJAY,2026-04-16 11:23:04,2026-04-16 11:23:04
3494,captcha_3494.png,EH23KA,SUCCESS,PMJAY,2026-04-16 11:24:25,2026-04-16 11:24:25
3495,captcha_3495.png,288RW4,SUCCESS,PMJAY,2026-04-16 11:24:33,2026-04-16 11:24:33
3496,captcha_3496.png,7R2MKA,SUCCESS,PMJAY,2026-04-16 11:25:14,2026-04-16 11:25:14
3497,captcha_3497.png,R82PH3,SUCCESS,PMJAY,2026-04-16 11:25:49,2026-04-16 11:25:49
3498,captcha_3498.png,45HM5F,SUCCESS,PMJAY,2026-04-16 11:26:08,2026-04-16 11:26:08
3499,captcha_3499.png,84BXYH,SUCCESS,PMJAY,2026-04-16 11:27:15,2026-04-16 11:27:15
3500,captcha_3500.png,HDD2XD,SUCCESS,PMJAY,2026-04-16 11:27:23,2026-04-16 11:27:23
3501,captcha_3501.png,7R2MKA,SUCCESS,PMJAY,2026-04-16 11:28:09,2026-04-16 11:28:09
3502,captcha_3502.png,ENX64A,SUCCESS,PMJAY,2026-04-16 11:28:50,2026-04-16 11:28:50
3503,captcha_3503.png,R33KH5,SUCCESS,PMJAY,2026-04-16 11:29:05,2026-04-16 11:29:05
3504,captcha_3504.png,NKFAWB,SUCCESS,PMJAY,2026-04-16 11:30:08,2026-04-16 11:30:08
3505,captcha_3505.png,N8B2M5,SUCCESS,PMJAY,2026-04-16 11:30:14,2026-04-16 11:30:14
3506,captcha_3506.png,B28NP4,SUCCESS,PMJAY,2026-04-16 11:30:18,2026-04-16 11:30:18
3507,captcha_3507.png,ER3XE8,SUCCESS,PMJAY,2026-04-16 11:31:50,2026-04-16 11:31:50
3508,captcha_3508.png,Y55DMW,SUCCESS,PMJAY,2026-04-16 11:31:58,2026-04-16 11:31:58
3509,captcha_3509.png,6WCY6C,SUCCESS,PMJAY,2026-04-16 11:33:03,2026-04-16 11:33:03
3510,captcha_3510.png,67WFEP,SUCCESS,PMJAY,2026-04-16 11:33:12,2026-04-16 11:33:12
3511,captcha_3511.png,N8B2M5,SUCCESS,PMJAY,2026-04-16 11:33:16,2026-04-16 11:33:16
3512,captcha_3512.png,NMH5XP,SUCCESS,PMJAY,2026-04-16 11:33:20,2026-04-16 11:33:21
3513,captcha_3513.png,6WCY6C,SUCCESS,PMJAY,2026-04-16 11:33:33,2026-04-16 11:33:33
3514,captcha_3514.png,5DXY8P,SUCCESS,PMJAY,2026-04-16 11:34:41,2026-04-16 11:34:41
3515,captcha_3515.png,5R2AKR,SUCCESS,PMJAY,2026-04-16 11:34:50,2026-04-16 11:34:50
3516,captcha_3516.png,A36RAD,SUCCESS,PMJAY,2026-04-16 12:23:08,2026-04-16 12:23:09
3517,captcha_3517.png,G252BY,SUCCESS,PMJAY,2026-04-16 12:23:20,2026-04-16 12:23:20
3518,captcha_3518.png,6F5EC7,SUCCESS,PMJAY,2026-04-17 04:33:33,2026-04-17 04:33:34
3519,captcha_3519.png,6F5EC7,SUCCESS,PMJAY,2026-04-17 04:33:47,2026-04-17 04:33:47
3520,captcha_3520.png,GKNKAY,SUCCESS,PMJAY,2026-04-17 04:35:00,2026-04-17 04:35:00
3521,captcha_3521.png,GKNKAY,SUCCESS,PMJAY,2026-04-17 04:35:11,2026-04-17 04:35:11
3522,captcha_3522.png,3X6GN2,SUCCESS,PMJAY,2026-04-17 04:35:14,2026-04-17 04:35:14
3523,captcha_3523.png,6F5EC7,SUCCESS,PMJAY,2026-04-17 04:36:42,2026-04-17 04:36:42
3524,captcha_3524.png,N4628G,SUCCESS,PMJAY,2026-04-17 04:37:51,2026-04-17 04:37:51
3525,captcha_3525.png,N4628G,SUCCESS,PMJAY,2026-04-17 04:38:02,2026-04-17 04:38:02
3526,captcha_3526.png,6F5EC7,SUCCESS,PMJAY,2026-04-17 04:39:37,2026-04-17 04:39:37
3527,captcha_3527.png,6F5EC7,SUCCESS,PMJAY,2026-04-17 04:40:19,2026-04-17 04:40:19
3528,captcha_3528.png,N4628G,SUCCESS,PMJAY,2026-04-17 04:40:56,2026-04-17 04:40:57
3529,captcha_3529.png,DG6MCG,SUCCESS,PMJAY,2026-04-17 04:41:29,2026-04-17 04:41:29
3530,captcha_3530.png,DG6MCG,SUCCESS,PMJAY,2026-04-17 04:43:06,2026-04-17 04:43:06
3531,captcha_3531.png,N4628G,SUCCESS,PMJAY,2026-04-17 04:43:47,2026-04-17 04:43:47
3532,captcha_3532.png,N4628G,SUCCESS,PMJAY,2026-04-17 04:44:06,2026-04-17 04:44:06
3533,captcha_3533.png,7KMMY8,SUCCESS,PMJAY,2026-04-17 04:49:40,2026-04-17 04:49:40
3534,captcha_3534.png,7KMMY8,SUCCESS,PMJAY,2026-04-17 04:49:50,2026-04-17 04:49:50
3535,captcha_3535.png,N3WY2H,SUCCESS,PMJAY,2026-04-17 04:51:38,2026-04-17 04:51:38
3536,captcha_3536.png,27XD7,SUCCESS,PMJAY,2026-04-17 04:51:53,2026-04-17 04:51:53
3537,captcha_3537.png,27EXD7,SUCCESS,PMJAY,2026-04-17 04:52:04,2026-04-17 04:52:04
3538,captcha_3538.png,DG6W25,SUCCESS,PMJAY,2026-04-17 04:52:39,2026-04-17 04:52:39
3539,captcha_3539.png,7KMMY8,SUCCESS,PMJAY,2026-04-17 04:52:45,2026-04-17 04:52:45
3540,captcha_3540.png,DG6W25,SUCCESS,PMJAY,2026-04-17 04:52:48,2026-04-17 04:52:48
3541,captcha_3541.png,XXEP3C,SUCCESS,PMJAY,2026-04-17 04:52:52,2026-04-17 04:52:52
3542,captcha_3542.png,XXEP3C,SUCCESS,PMJAY,2026-04-17 04:52:55,2026-04-17 04:52:55
3543,captcha_3543.png,DG6W25,SUCCESS,PMJAY,2026-04-17 04:53:39,2026-04-17 04:53:39
3544,captcha_3544.png,7KMMY8,SUCCESS,PMJAY,2026-04-17 04:53:43,2026-04-17 04:53:43
3545,captcha_3545.png,R83RRX,SUCCESS,PMJAY,2026-04-17 04:53:46,2026-04-17 04:53:46
3546,captcha_3546.png,R83RRX,SUCCESS,PMJAY,2026-04-17 04:53:49,2026-04-17 04:53:49
3547,captcha_3547.png,WXE8K6,SUCCESS,PMJAY,2026-04-17 04:53:53,2026-04-17 04:53:53
3548,captcha_3548.png,27X4B3,SUCCESS,PMJAY,2026-04-17 04:56:37,2026-04-17 04:56:37
3549,captcha_3549.png,27X4B3,SUCCESS,PMJAY,2026-04-17 04:56:40,2026-04-17 04:56:40
3550,captcha_3550.png,7X5DYM,SUCCESS,PMJAY,2026-04-17 04:56:49,2026-04-17 04:56:49
3551,captcha_3551.png,7X5DYM,SUCCESS,PMJAY,2026-04-17 04:56:52,2026-04-17 04:56:52
3552,captcha_3552.png,78NCWR,SUCCESS,PMJAY,2026-04-17 04:59:03,2026-04-17 04:59:03
3553,captcha_3553.png,D3XB4H,SUCCESS,PMJAY,2026-04-17 04:59:12,2026-04-17 04:59:12
3554,captcha_3554.png,84EN8E,SUCCESS,PMJAY,2026-04-17 05:14:06,2026-04-17 05:14:06
3555,captcha_3555.png,K4WF85,SUCCESS,PMJAY,2026-04-17 05:14:14,2026-04-17 05:14:14
3556,captcha_3556.png,YDPFCF,SUCCESS,PMJAY,2026-04-17 05:21:18,2026-04-17 05:21:18
3557,captcha_3557.png,YDPFCF,SUCCESS,PMJAY,2026-04-17 05:21:33,2026-04-17 05:21:33
3558,captcha_3558.png,CABBBM,SUCCESS,PMJAY,2026-04-17 05:21:37,2026-04-17 05:21:37
3559,captcha_3559.png,CABBBM,SUCCESS,PMJAY,2026-04-17 05:21:41,2026-04-17 05:21:41
3560,captcha_3560.png,RYNMC4,SUCCESS,PMJAY,2026-04-17 05:42:18,2026-04-17 05:42:18
3561,captcha_3561.png,2PYEYD,SUCCESS,PMJAY,2026-04-17 05:42:25,2026-04-17 05:42:25
3562,captcha_3562.png,NKDM4P,SUCCESS,PMJAY,2026-04-17 05:46:07,2026-04-17 05:46:07
3563,captcha_3563.png,W2W2DK,SUCCESS,PMJAY,2026-04-17 05:46:32,2026-04-17 05:46:32
3564,captcha_3564.png,8M6XYE,SUCCESS,PMJAY,2026-04-17 05:50:25,2026-04-17 05:50:25
3565,captcha_3565.png,GDBC2K,SUCCESS,PMJAY,2026-04-17 05:50:43,2026-04-17 05:50:43
3566,captcha_3566.png,WMN5MP,SUCCESS,PMJAY,2026-04-17 06:07:40,2026-04-17 06:07:40
3567,captcha_3567.png,FFC4DF,SUCCESS,PMJAY,2026-04-17 06:07:48,2026-04-17 06:07:48
3568,captcha_3568.png,6MECN3,SUCCESS,PMJAY,2026-04-17 06:09:31,2026-04-17 06:09:31
3569,captcha_3569.png,8EPKRG,SUCCESS,PMJAY,2026-04-17 06:09:36,2026-04-17 06:09:36
3570,captcha_3570.png,8EPKRG,SUCCESS,PMJAY,2026-04-17 06:09:40,2026-04-17 06:09:40
3571,captcha_3571.png,M5B63P,SUCCESS,PMJAY,2026-04-17 06:09:45,2026-04-17 06:09:45
3572,captcha_3572.png,M5B63P,SUCCESS,PMJAY,2026-04-17 06:09:49,2026-04-17 06:09:49
3573,captcha_3573.png,FN7WPG,SUCCESS,PMJAY,2026-04-17 06:10:54,2026-04-17 06:10:54
3574,captcha_3574.png,CE6DKB,SUCCESS,PMJAY,2026-04-17 06:11:05,2026-04-17 06:11:05
3575,captcha_3575.png,R5NCWC,SUCCESS,PMJAY,2026-04-17 06:12:27,2026-04-17 06:12:27
3576,captcha_3576.png,XAKP5B,SUCCESS,PMJAY,2026-04-17 06:12:35,2026-04-17 06:12:35
3577,captcha_3577.png,DRDKMW,SUCCESS,PMJAY,2026-04-17 06:14:02,2026-04-17 06:14:02
3578,captcha_3578.png,WBR45P,SUCCESS,PMJAY,2026-04-17 06:14:10,2026-04-17 06:14:10
3579,captcha_3579.png,X7CD42,SUCCESS,PMJAY,2026-04-17 06:15:17,2026-04-17 06:15:17
3580,captcha_3580.png,D77PX8,SUCCESS,PMJAY,2026-04-17 06:16:01,2026-04-17 06:16:01
3581,captcha_3581.png,G84WRH,SUCCESS,PMJAY,2026-04-17 06:17:48,2026-04-17 06:17:48
3582,captcha_3582.png,2KKXEC,SUCCESS,PMJAY,2026-04-17 06:17:55,2026-04-17 06:17:55
3583,captcha_3583.png,N8EH4E,SUCCESS,PMJAY,2026-04-17 06:18:52,2026-04-17 06:18:52
3584,captcha_3584.png,HHBG24,SUCCESS,PMJAY,2026-04-17 06:19:00,2026-04-17 06:19:00
3585,captcha_3585.png,KEFA8N,SUCCESS,PMJAY,2026-04-17 06:20:57,2026-04-17 06:20:57
3586,captcha_3586.png,EARYAW,SUCCESS,PMJAY,2026-04-17 06:21:02,2026-04-17 06:21:02
3587,captcha_3587.png,FH6YDA,SUCCESS,PMJAY,2026-04-17 06:21:10,2026-04-17 06:21:10
3588,captcha_3588.png,DR26YR,SUCCESS,PMJAY,2026-04-17 06:21:45,2026-04-17 06:21:45
3589,captcha_3589.png,M8G4BM,SUCCESS,PMJAY,2026-04-17 06:21:53,2026-04-17 06:21:53
3590,captcha_3590.png,H6P5E4,SUCCESS,PMJAY,2026-04-17 06:24:12,2026-04-17 06:24:12
3591,captcha_3591.png,48N2K2,SUCCESS,PMJAY,2026-04-17 06:24:20,2026-04-17 06:24:20
3592,captcha_3592.png,3A8RB3,SUCCESS,PMJAY,2026-04-17 06:24:34,2026-04-17 06:24:34
3593,captcha_3593.png,5B5B55,SUCCESS,PMJAY,2026-04-17 06:24:42,2026-04-17 06:24:42
3594,captcha_3594.png,NP577E,SUCCESS,PMJAY,2026-04-17 06:57:14,2026-04-17 06:57:14
3595,captcha_3595.png,NP577E,SUCCESS,PMJAY,2026-04-17 06:57:17,2026-04-17 06:57:17
3596,captcha_3596.png,6CCC75,SUCCESS,PMJAY,2026-04-17 06:57:21,2026-04-17 06:57:21
3597,captcha_3597.png,6GCC75,SUCCESS,PMJAY,2026-04-17 06:57:26,2026-04-17 06:57:26
3598,captcha_3598.png,XFA6WB,SUCCESS,PMJAY,2026-04-17 06:57:30,2026-04-17 06:57:30
3599,captcha_3599.png,XFA6WB,SUCCESS,PMJAY,2026-04-17 06:58:14,2026-04-17 06:58:14
3600,captcha_3600.png,YXGMDP,SUCCESS,PMJAY,2026-04-17 06:58:19,2026-04-17 06:58:19
3601,captcha_3601.png,XB63KH,SUCCESS,PMJAY,2026-04-17 06:58:22,2026-04-17 06:58:22
3602,captcha_3602.png,PE62BC,SUCCESS,PMJAY,2026-04-17 06:58:26,2026-04-17 06:58:26
3603,captcha_3603.png,32Y86W,SUCCESS,PMJAY,2026-04-17 06:58:29,2026-04-17 06:58:29
3604,captcha_3604.png,DM6BK8,SUCCESS,PMJAY,2026-04-17 06:59:14,2026-04-17 06:59:14
3605,captcha_3605.png,ABXPFM,SUCCESS,PMJAY,2026-04-17 06:59:17,2026-04-17 06:59:17
3606,captcha_3606.png,2YKMHA,SUCCESS,PMJAY,2026-04-17 07:36:07,2026-04-17 07:36:07
3607,captcha_3607.png,A62KCE,SUCCESS,PMJAY,2026-04-17 07:36:12,2026-04-17 07:36:12
3608,captcha_3608.png,XH4WBF,SUCCESS,PMJAY,2026-04-17 07:36:52,2026-04-17 07:36:52
3609,captcha_3609.png,X8MX7E,SUCCESS,PMJAY,2026-04-17 07:37:21,2026-04-17 07:37:21
3610,captcha_3610.png,X8MX7E,SUCCESS,PMJAY,2026-04-17 07:41:08,2026-04-17 07:41:08
3611,captcha_3611.png,X8MX7E,SUCCESS,PMJAY,2026-04-17 07:44:03,2026-04-17 07:44:03
3612,captcha_3612.png,XPXE4Y,SUCCESS,PMJAY,2026-04-17 07:45:18,2026-04-17 07:45:18
3613,captcha_3613.png,XPXE4Y,SUCCESS,PMJAY,2026-04-17 07:48:14,2026-04-17 07:48:14
3614,captcha_3614.png,XPXE4Y,SUCCESS,PMJAY,2026-04-17 07:51:18,2026-04-17 07:51:18
3615,captcha_3615.png,M3GK6E,SUCCESS,PMJAY,2026-04-17 07:53:14,2026-04-17 07:53:14
3616,captcha_3616.png,M3GK6E,SUCCESS,PMJAY,2026-04-17 07:56:08,2026-04-17 07:56:09
3617,captcha_3617.png,M3GK6E,SUCCESS,PMJAY,2026-04-17 07:59:08,2026-04-17 07:59:08
3618,captcha_3618.png,FRN48M,SUCCESS,PMJAY,2026-04-17 08:01:09,2026-04-17 08:01:10
3619,captcha_3619.png,FRN48M,SUCCESS,PMJAY,2026-04-17 08:04:09,2026-04-17 08:04:09
3620,captcha_3620.png,FRN48M,SUCCESS,PMJAY,2026-04-17 08:07:04,2026-04-17 08:07:05
3621,captcha_3621.png,XA573C,SUCCESS,PMJAY,2026-04-17 08:09:07,2026-04-17 08:09:07
3622,captcha_3622.png,XA573C,SUCCESS,PMJAY,2026-04-17 08:12:03,2026-04-17 08:12:03
3623,captcha_3623.png,XA573C,SUCCESS,PMJAY,2026-04-17 08:14:57,2026-04-17 08:14:57
3624,captcha_3624.png,FPEDH2,SUCCESS,PMJAY,2026-04-17 08:17:03,2026-04-17 08:17:03
3625,captcha_3625.png,FPEDH2,SUCCESS,PMJAY,2026-04-17 08:20:03,2026-04-17 08:20:03
3626,captcha_3626.png,FPEDH2,SUCCESS,PMJAY,2026-04-17 08:23:03,2026-04-17 08:23:03
3627,captcha_3627.png,EM4WPK,SUCCESS,PMJAY,2026-04-17 08:25:00,2026-04-17 08:25:00
3628,captcha_3628.png,DRRPAX,SUCCESS,PMJAY,2026-04-17 08:25:47,2026-04-17 08:25:47
3629,captcha_3629.png,DRRPAX,SUCCESS,PMJAY,2026-04-17 08:25:55,2026-04-17 08:25:55
3630,captcha_3630.png,RA5KM7,SUCCESS,PMJAY,2026-04-17 08:27:30,2026-04-17 08:27:30
3631,captcha_3631.png,G84F66,SUCCESS,PMJAY,2026-04-17 08:27:35,2026-04-17 08:27:35
3632,captcha_3632.png,G84F66,SUCCESS,PMJAY,2026-04-17 08:27:39,2026-04-17 08:27:39
3633,captcha_3633.png,PEBHK2,SUCCESS,PMJAY,2026-04-17 08:28:19,2026-04-17 08:28:19
3634,captcha_3634.png,PEBHK2,SUCCESS,PMJAY,2026-04-17 08:28:29,2026-04-17 08:28:29
3635,captcha_3635.png,DRRPAX,SUCCESS,PMJAY,2026-04-17 08:28:50,2026-04-17 08:28:50
3636,captcha_3636.png,DRRPAX,SUCCESS,PMJAY,2026-04-17 08:29:14,2026-04-17 08:29:14
3637,captcha_3637.png,YYP74A,SUCCESS,PMJAY,2026-04-17 08:29:25,2026-04-17 08:29:25
3638,captcha_3638.png,PEBHK2,SUCCESS,PMJAY,2026-04-17 08:31:24,2026-04-17 08:31:24
3639,captcha_3639.png,YYP74A,SUCCESS,PMJAY,2026-04-17 08:32:21,2026-04-17 08:32:21
3640,captcha_3640.png,PEBHK2,SUCCESS,PMJAY,2026-04-17 08:34:19,2026-04-17 08:34:19
3641,captcha_3641.png,YYP74A,SUCCESS,PMJAY,2026-04-17 08:35:19,2026-04-17 08:35:19
3642,captcha_3642.png,K8P4K8,SUCCESS,PMJAY,2026-04-17 08:36:13,2026-04-17 08:36:13
3643,captcha_3643.png,EWF8EM,SUCCESS,PMJAY,2026-04-17 08:36:21,2026-04-17 08:36:21
3644,captcha_3644.png,RMKMB6,SUCCESS,PMJAY,2026-04-17 08:37:20,2026-04-17 08:37:20
3645,captcha_3645.png,AMNFXR,SUCCESS,PMJAY,2026-04-17 08:37:25,2026-04-17 08:37:25
3646,captcha_3646.png,RMXNRG,SUCCESS,PMJAY,2026-04-17 08:37:33,2026-04-17 08:37:33
3647,captcha_3647.png,572GGX,SUCCESS,PMJAY,2026-04-17 08:40:29,2026-04-17 08:40:29
3648,captcha_3648.png,H8KEYB,SUCCESS,PMJAY,2026-04-17 08:40:38,2026-04-17 08:40:38
3649,captcha_3649.png,48REK4,SUCCESS,PMJAY,2026-04-17 08:43:32,2026-04-17 08:43:33
3650,captcha_3650.png,BPYKXP,SUCCESS,PMJAY,2026-04-17 08:43:41,2026-04-17 08:43:41
3651,captcha_3651.png,FCYXAY,SUCCESS,PMJAY,2026-04-17 08:46:36,2026-04-17 08:46:36
3652,captcha_3652.png,8XPPWN,SUCCESS,PMJAY,2026-04-17 08:46:44,2026-04-17 08:46:44
3653,captcha_3653.png,MFM4G4,SUCCESS,PMJAY,2026-04-17 08:49:10,2026-04-17 08:49:10
3654,captcha_3654.png,KP6DYY,SUCCESS,PMJAY,2026-04-17 08:51:26,2026-04-17 08:51:26
3655,captcha_3655.png,G4C5AG,SUCCESS,PMJAY,2026-04-17 08:51:35,2026-04-17 08:51:35
3656,captcha_3656.png,5R66P7,SUCCESS,PMJAY,2026-04-17 08:51:40,2026-04-17 08:51:40
3657,captcha_3657.png,KP6DYY,SUCCESS,PMJAY,2026-04-17 08:51:49,2026-04-17 08:51:49
3658,captcha_3658.png,MFM4G4,SUCCESS,PMJAY,2026-04-17 08:52:05,2026-04-17 08:52:06
3659,captcha_3659.png,KP6DYY,SUCCESS,PMJAY,2026-04-17 08:54:45,2026-04-17 08:54:45
3660,captcha_3660.png,MFM4G4,SUCCESS,PMJAY,2026-04-17 08:55:01,2026-04-17 08:55:01
3661,captcha_3661.png,DHFDBF,SUCCESS,PMJAY,2026-04-17 08:57:05,2026-04-17 08:57:05
3662,captcha_3662.png,W3W5BY,SUCCESS,PMJAY,2026-04-17 08:57:14,2026-04-17 08:57:14
3663,captcha_3663.png,KP6DYY,SUCCESS,PMJAY,2026-04-17 08:57:40,2026-04-17 08:57:40
3664,captcha_3664.png,5RDWGC,SUCCESS,PMJAY,2026-04-17 08:59:43,2026-04-17 08:59:43
3665,captcha_3665.png,EBKGX4,SUCCESS,PMJAY,2026-04-17 08:59:47,2026-04-17 08:59:47
3666,captcha_3666.png,M52PEG,SUCCESS,PMJAY,2026-04-17 09:00:15,2026-04-17 09:00:15
3667,captcha_3667.png,DAR4X5,SUCCESS,PMJAY,2026-04-17 09:02:53,2026-04-17 09:02:53
3668,captcha_3668.png,EXBCXY,SUCCESS,PMJAY,2026-04-17 09:03:05,2026-04-17 09:03:05
3669,captcha_3669.png,M52PEG,SUCCESS,PMJAY,2026-04-17 09:03:21,2026-04-17 09:03:21
3670,captcha_3670.png,M52PEG,SUCCESS,PMJAY,2026-04-17 09:06:16,2026-04-17 09:06:16
3671,captcha_3671.png,KECY6M,SUCCESS,PMJAY,2026-04-17 09:08:19,2026-04-17 09:08:19
3672,captcha_3672.png,GNDDY4,SUCCESS,PMJAY,2026-04-17 09:08:22,2026-04-17 09:08:22
3673,captcha_3673.png,M67DYW,SUCCESS,PMJAY,2026-04-17 09:08:31,2026-04-17 09:08:31
3674,captcha_3674.png,KECY6M,SUCCESS,PMJAY,2026-04-17 09:11:14,2026-04-17 09:11:14
3675,captcha_3675.png,Y2R36Y,SUCCESS,PMJAY,2026-04-17 09:11:18,2026-04-17 09:11:18
3676,captcha_3676.png,5FD8YM,SUCCESS,PMJAY,2026-04-17 09:11:26,2026-04-17 09:11:26
3677,captcha_3677.png,KECY6M,SUCCESS,PMJAY,2026-04-17 09:14:08,2026-04-17 09:14:08
3678,captcha_3678.png,H28PF6,SUCCESS,PMJAY,2026-04-17 09:14:12,2026-04-17 09:14:12
3679,captcha_3679.png,F8D5A2,SUCCESS,PMJAY,2026-04-17 09:14:25,2026-04-17 09:14:25
3680,captcha_3680.png,WBH3RR,SUCCESS,PMJAY,2026-04-17 09:16:12,2026-04-17 09:16:12
3681,captcha_3681.png,57D24H,SUCCESS,PMJAY,2026-04-17 09:17:09,2026-04-17 09:17:09
3682,captcha_3682.png,8MKBPW,SUCCESS,PMJAY,2026-04-17 09:17:19,2026-04-17 09:17:19
3683,captcha_3683.png,WBH3RR,SUCCESS,PMJAY,2026-04-17 09:19:16,2026-04-17 09:19:16
3684,captcha_3684.png,3M73FP,SUCCESS,PMJAY,2026-04-17 09:20:04,2026-04-17 09:20:04
3685,captcha_3685.png,MWYEG4,SUCCESS,PMJAY,2026-04-17 09:20:16,2026-04-17 09:20:16
3686,captcha_3686.png,WBH3RR,SUCCESS,PMJAY,2026-04-17 09:22:11,2026-04-17 09:22:12
3687,captcha_3687.png,YW5MF6,SUCCESS,PMJAY,2026-04-17 09:23:03,2026-04-17 09:23:03
3688,captcha_3688.png,4MRWDY,SUCCESS,PMJAY,2026-04-17 09:23:12,2026-04-17 09:23:12
3689,captcha_3689.png,NFREM6,SUCCESS,PMJAY,2026-04-17 09:24:16,2026-04-17 09:24:16
3690,captcha_3690.png,B72FG2,SUCCESS,PMJAY,2026-04-17 09:25:55,2026-04-17 09:25:55
3691,captcha_3691.png,N3PPCA,SUCCESS,PMJAY,2026-04-17 09:26:03,2026-04-17 09:26:03
3692,captcha_3692.png,NFREM6,SUCCESS,PMJAY,2026-04-17 09:27:09,2026-04-17 09:27:09
3693,captcha_3693.png,D7MW8W,SUCCESS,PMJAY,2026-04-17 09:28:45,2026-04-17 09:28:45
3694,captcha_3694.png,WG355Y,SUCCESS,PMJAY,2026-04-17 09:28:54,2026-04-17 09:28:54
3695,captcha_3695.png,NFREM6,SUCCESS,PMJAY,2026-04-17 09:30:09,2026-04-17 09:30:09
3696,captcha_3696.png,78H546,SUCCESS,PMJAY,2026-04-17 09:31:40,2026-04-17 09:31:40
3697,captcha_3697.png,6DAHPC,SUCCESS,PMJAY,2026-04-17 09:32:09,2026-04-17 09:32:09
3698,captcha_3698.png,78H546,SUCCESS,PMJAY,2026-04-17 09:34:41,2026-04-17 09:34:41
3699,captcha_3699.png,6DAHPC,SUCCESS,PMJAY,2026-04-17 09:35:14,2026-04-17 09:35:14
3700,captcha_3700.png,78H546,SUCCESS,PMJAY,2026-04-17 09:37:49,2026-04-17 09:37:49
3701,captcha_3701.png,6DAHPC,SUCCESS,PMJAY,2026-04-17 09:38:23,2026-04-17 09:38:23
3702,captcha_3702.png,CNDPHN,SUCCESS,PMJAY,2026-04-17 09:39:42,2026-04-17 09:39:42
3703,captcha_3703.png,M32YHW,SUCCESS,PMJAY,2026-04-17 09:39:50,2026-04-17 09:39:50
3704,captcha_3704.png,E35558,SUCCESS,PMJAY,2026-04-17 09:40:10,2026-04-17 09:40:10
3705,captcha_3705.png,W3WMRW,SUCCESS,PMJAY,2026-04-17 09:42:35,2026-04-17 09:42:35
3706,captcha_3706.png,HW4CKM,SUCCESS,PMJAY,2026-04-17 09:42:43,2026-04-17 09:42:43
3707,captcha_3707.png,E35558,SUCCESS,PMJAY,2026-04-17 09:43:05,2026-04-17 09:43:05
3708,captcha_3708.png,WERERH,SUCCESS,PMJAY,2026-04-17 09:45:28,2026-04-17 09:45:28
3709,captcha_3709.png,CKM66N,SUCCESS,PMJAY,2026-04-17 09:45:36,2026-04-17 09:45:36
3710,captcha_3710.png,E35558,SUCCESS,PMJAY,2026-04-17 09:45:59,2026-04-17 09:45:59
3711,captcha_3711.png,DR6CE4,SUCCESS,PMJAY,2026-04-17 09:48:06,2026-04-17 09:48:06
3712,captcha_3712.png,4F4D6G,SUCCESS,PMJAY,2026-04-17 09:48:20,2026-04-17 09:48:20
3713,captcha_3713.png,78YCPX,SUCCESS,PMJAY,2026-04-17 09:48:29,2026-04-17 09:48:29
3714,captcha_3714.png,DR6CE4,SUCCESS,PMJAY,2026-04-17 09:51:01,2026-04-17 09:51:01
3715,captcha_3715.png,HDABMY,SUCCESS,PMJAY,2026-04-17 09:51:14,2026-04-17 09:51:14
3716,captcha_3716.png,R6GP2K,SUCCESS,PMJAY,2026-04-17 09:51:23,2026-04-17 09:51:23
3717,captcha_3717.png,DR6CE4,SUCCESS,PMJAY,2026-04-17 09:53:56,2026-04-17 09:53:56
3718,captcha_3718.png,WE3DB5,SUCCESS,PMJAY,2026-04-17 09:54:09,2026-04-17 09:54:09
3719,captcha_3719.png,87GY8N,SUCCESS,PMJAY,2026-04-17 09:54:20,2026-04-17 09:54:20
3720,captcha_3720.png,WE3DB5,SUCCESS,PMJAY,2026-04-17 09:54:29,2026-04-17 09:54:29
3721,captcha_3721.png,WF3KGF,SUCCESS,PMJAY,2026-04-17 09:56:01,2026-04-17 09:56:01
3722,captcha_3722.png,WE3DB5,SUCCESS,PMJAY,2026-04-17 09:57:29,2026-04-17 09:57:29
3723,captcha_3723.png,WF3KGF,SUCCESS,PMJAY,2026-04-17 09:59:00,2026-04-17 09:59:00
3724,captcha_3724.png,WE3DB5,SUCCESS,PMJAY,2026-04-17 10:00:24,2026-04-17 10:00:24
3725,captcha_3725.png,WF3KGF,SUCCESS,PMJAY,2026-04-17 10:01:55,2026-04-17 10:01:55
3726,captcha_3726.png,RMEDE7,SUCCESS,PMJAY,2026-04-17 10:02:29,2026-04-17 10:02:29
3727,captcha_3727.png,H863G7,SUCCESS,PMJAY,2026-04-17 10:02:41,2026-04-17 10:02:41
3728,captcha_3728.png,RMEDE7,SUCCESS,PMJAY,2026-04-17 10:02:55,2026-04-17 10:02:55
3729,captcha_3729.png,558WYH,SUCCESS,PMJAY,2026-04-17 10:03:58,2026-04-17 10:03:58
3730,captcha_3730.png,RMEDE7,SUCCESS,PMJAY,2026-04-17 10:05:54,2026-04-17 10:05:54
3731,captcha_3731.png,558WYH,SUCCESS,PMJAY,2026-04-17 10:06:52,2026-04-17 10:06:52
3732,captcha_3732.png,RMEDEZ,SUCCESS,PMJAY,2026-04-17 10:08:49,2026-04-17 10:08:49
3733,captcha_3733.png,558WYH,SUCCESS,PMJAY,2026-04-17 10:09:47,2026-04-17 10:09:47
3734,captcha_3734.png,K6KF2F,SUCCESS,PMJAY,2026-04-17 10:10:55,2026-04-17 10:10:55
3735,captcha_3735.png,7EHB82,SUCCESS,PMJAY,2026-04-17 10:11:03,2026-04-17 10:11:03
3736,captcha_3736.png,X5GMRY,SUCCESS,PMJAY,2026-04-17 10:11:54,2026-04-17 10:11:54
3737,captcha_3737.png,3WA44C,SUCCESS,PMJAY,2026-04-17 10:13:42,2026-04-17 10:13:42
3738,captcha_3738.png,PXGRNM,SUCCESS,PMJAY,2026-04-17 10:14:00,2026-04-17 10:14:00
3739,captcha_3739.png,X5GMRY,SUCCESS,PMJAY,2026-04-17 10:14:52,2026-04-17 10:14:52
3740,captcha_3740.png,W7GGEB,SUCCESS,PMJAY,2026-04-17 10:16:45,2026-04-17 10:16:45
3741,captcha_3741.png,AMWMFK,SUCCESS,PMJAY,2026-04-17 10:16:53,2026-04-17 10:16:53
3742,captcha_3742.png,X5GMRY,SUCCESS,PMJAY,2026-04-17 10:17:47,2026-04-17 10:17:47
3743,captcha_3743.png,ANBMXW,SUCCESS,PMJAY,2026-04-17 10:19:36,2026-04-17 10:19:36
3744,captcha_3744.png,76E868,SUCCESS,PMJAY,2026-04-17 10:19:44,2026-04-17 10:19:44
3745,captcha_3745.png,5CYMHN,SUCCESS,PMJAY,2026-04-17 10:19:52,2026-04-17 10:19:52
3746,captcha_3746.png,5CYMHN,SUCCESS,PMJAY,2026-04-17 10:22:40,2026-04-17 10:22:40
3747,captcha_3747.png,D23EX5,SUCCESS,PMJAY,2026-04-17 10:22:50,2026-04-17 10:22:50
3748,captcha_3748.png,WX7H6H,SUCCESS,PMJAY,2026-04-17 10:22:58,2026-04-17 10:22:58
3749,captcha_3749.png,5CYMHN,SUCCESS,PMJAY,2026-04-17 10:23:33,2026-04-17 10:23:33
3750,captcha_3750.png,5CYMHN,SUCCESS,PMJAY,2026-04-17 10:23:46,2026-04-17 10:23:46
3751,captcha_3751.png,G27D2H,SUCCESS,PMJAY,2026-04-17 10:23:54,2026-04-17 10:23:54
3752,captcha_3752.png,G27D2H,SUCCESS,PMJAY,2026-04-17 10:24:00,2026-04-17 10:24:00
3753,captcha_3753.png,8AK6FA,SUCCESS,PMJAY,2026-04-17 10:24:05,2026-04-17 10:24:05
3754,captcha_3754.png,8AK6FA,SUCCESS,PMJAY,2026-04-17 10:24:09,2026-04-17 10:24:09
3755,captcha_3755.png,74DGNW,SUCCESS,PMJAY,2026-04-17 10:25:59,2026-04-17 10:25:59
3756,captcha_3756.png,8RFBWY,SUCCESS,PMJAY,2026-04-17 10:26:07,2026-04-17 10:26:07
3757,captcha_3757.png,GACKCG,SUCCESS,PMJAY,2026-04-17 10:27:17,2026-04-17 10:27:17
3758,captcha_3758.png,4XR23P,SUCCESS,PMJAY,2026-04-17 10:27:25,2026-04-17 10:27:25
3759,captcha_3759.png,X6MBXM,SUCCESS,PMJAY,2026-04-17 10:29:06,2026-04-17 10:29:06
3760,captcha_3760.png,NRXKE6,SUCCESS,PMJAY,2026-04-17 10:29:18,2026-04-17 10:29:18
3761,captcha_3761.png,W8RY4R,SUCCESS,PMJAY,2026-04-17 10:30:14,2026-04-17 10:30:14
3762,captcha_3762.png,7FYEY8,SUCCESS,PMJAY,2026-04-17 10:30:25,2026-04-17 10:30:25
3763,captcha_3763.png,FKG582,SUCCESS,PMJAY,2026-04-17 10:32:15,2026-04-17 10:32:15
3764,captcha_3764.png,BERG3X,SUCCESS,PMJAY,2026-04-17 10:32:24,2026-04-17 10:32:24
3765,captcha_3765.png,C6BHRG,SUCCESS,PMJAY,2026-04-17 10:33:10,2026-04-17 10:33:10
3766,captcha_3766.png,3PEMCB,SUCCESS,PMJAY,2026-04-17 10:33:18,2026-04-17 10:33:18
3767,captcha_3767.png,NHD55Y,SUCCESS,PMJAY,2026-04-17 10:35:26,2026-04-17 10:35:26
3768,captcha_3768.png,FKYEB8,SUCCESS,PMJAY,2026-04-17 10:35:34,2026-04-17 10:35:34
3769,captcha_3769.png,CMHR24,SUCCESS,PMJAY,2026-04-17 10:36:03,2026-04-17 10:36:03
3770,captcha_3770.png,A6DNXR,SUCCESS,PMJAY,2026-04-17 10:36:15,2026-04-17 10:36:15
3771,captcha_3771.png,7EBNW5,SUCCESS,PMJAY,2026-04-17 10:38:35,2026-04-17 10:38:35
3772,captcha_3772.png,DX2F6E,SUCCESS,PMJAY,2026-04-17 10:38:44,2026-04-17 10:38:44
3773,captcha_3773.png,3YHGP7,SUCCESS,PMJAY,2026-04-17 10:39:00,2026-04-17 10:39:00
3774,captcha_3774.png,G2WX56,SUCCESS,PMJAY,2026-04-17 10:39:08,2026-04-17 10:39:08
3775,captcha_3775.png,YDX43P,SUCCESS,PMJAY,2026-04-17 10:41:46,2026-04-17 10:41:46
3776,captcha_3776.png,W5NMM3,SUCCESS,PMJAY,2026-04-17 10:41:53,2026-04-17 10:41:53
3777,captcha_3777.png,N5MBDM,SUCCESS,PMJAY,2026-04-17 10:41:58,2026-04-17 10:41:58
3778,captcha_3778.png,2B8YYG,SUCCESS,PMJAY,2026-04-17 10:42:08,2026-04-17 10:42:08
3779,captcha_3779.png,A5WRC6,SUCCESS,PMJAY,2026-04-17 10:45:00,2026-04-17 10:45:00
3780,captcha_3780.png,H2NWDF,SUCCESS,PMJAY,2026-04-17 10:45:03,2026-04-17 10:45:03
3781,captcha_3781.png,XKPMEB,SUCCESS,PMJAY,2026-04-17 10:45:11,2026-04-17 10:45:11
3782,captcha_3782.png,A5WRC6,SUCCESS,PMJAY,2026-04-17 10:47:54,2026-04-17 10:47:55
3783,captcha_3783.png,FFA2GM,SUCCESS,PMJAY,2026-04-17 10:48:08,2026-04-17 10:48:08
3784,captcha_3784.png,XDDC7H,SUCCESS,PMJAY,2026-04-17 10:48:16,2026-04-17 10:48:16
3785,captcha_3785.png,A5WRC6,SUCCESS,PMJAY,2026-04-17 10:50:55,2026-04-17 10:50:55
3786,captcha_3786.png,8RNYG2,SUCCESS,PMJAY,2026-04-17 10:51:16,2026-04-17 10:51:16
3787,captcha_3787.png,YH7FNC,SUCCESS,PMJAY,2026-04-17 10:51:25,2026-04-17 10:51:25
3788,captcha_3788.png,4KGACA,SUCCESS,PMJAY,2026-04-17 10:52:55,2026-04-17 10:52:55
3789,captcha_3789.png,A28F6F,SUCCESS,PMJAY,2026-04-17 10:54:27,2026-04-17 10:54:27
3790,captcha_3790.png,KR7W5G,SUCCESS,PMJAY,2026-04-17 10:54:35,2026-04-17 10:54:35
3791,captcha_3791.png,4KGACA,SUCCESS,PMJAY,2026-04-17 10:55:48,2026-04-17 10:55:48
3792,captcha_3792.png,4ADKBN,SUCCESS,PMJAY,2026-04-17 10:57:37,2026-04-17 10:57:37
3793,captcha_3793.png,GRPRPN3,SUCCESS,PMJAY,2026-04-17 10:57:46,2026-04-17 10:57:46
3794,captcha_3794.png,4ADKBN,SUCCESS,PMJAY,2026-04-17 10:58:08,2026-04-17 10:58:08
3795,captcha_3795.png,4KGACA,SUCCESS,PMJAY,2026-04-17 10:58:43,2026-04-17 10:58:43
3796,captcha_3796.png,GDM6YG,SUCCESS,PMJAY,2026-04-17 11:00:49,2026-04-17 11:00:49
3797,captcha_3797.png,23RHFP,SUCCESS,PMJAY,2026-04-17 11:01:00,2026-04-17 11:01:01
3798,captcha_3798.png,4ADKBN,SUCCESS,PMJAY,2026-04-17 11:01:05,2026-04-17 11:01:05
3799,captcha_3799.png,GDM6YG,SUCCESS,PMJAY,2026-04-17 11:01:13,2026-04-17 11:01:13
3800,captcha_3800.png,4ADKBN,SUCCESS,PMJAY,2026-04-17 11:04:03,2026-04-17 11:04:04
3801,captcha_3801.png,GDM6YG,SUCCESS,PMJAY,2026-04-17 11:04:13,2026-04-17 11:04:13
3802,captcha_3802.png,RAGXYY,SUCCESS,PMJAY,2026-04-17 11:06:03,2026-04-17 11:06:03
3803,captcha_3803.png,PFM5A7,SUCCESS,PMJAY,2026-04-17 11:06:12,2026-04-17 11:06:12
3804,captcha_3804.png,BKAN2W,SUCCESS,PMJAY,2026-04-17 11:06:20,2026-04-17 11:06:20
3805,captcha_3805.png,G27R8G,SUCCESS,PMJAY,2026-04-17 11:09:02,2026-04-17 11:09:02
3806,captcha_3806.png,RAGXYY,SUCCESS,PMJAY,2026-04-17 11:09:06,2026-04-17 11:09:06
3807,captcha_3807.png,GYE8WB,SUCCESS,PMJAY,2026-04-17 11:09:17,2026-04-17 11:09:17
3808,captcha_3808.png,R5P6CK,SUCCESS,PMJAY,2026-04-17 11:12:03,2026-04-17 11:12:03
3809,captcha_3809.png,RAGXYY,SUCCESS,PMJAY,2026-04-17 11:12:07,2026-04-17 11:12:07
3810,captcha_3810.png,45474K,SUCCESS,PMJAY,2026-04-17 11:12:11,2026-04-17 11:12:11
3811,captcha_3811.png,G5C25H,SUCCESS,PMJAY,2026-04-17 11:14:00,2026-04-17 11:14:00
3812,captcha_3812.png,D4CRAM,SUCCESS,PMJAY,2026-04-17 11:14:08,2026-04-17 11:14:08
3813,captcha_3813.png,2CN42N,SUCCESS,PMJAY,2026-04-17 11:14:56,2026-04-17 11:14:56
3814,captcha_3814.png,P6M32A,SUCCESS,PMJAY,2026-04-17 11:15:04,2026-04-17 11:15:04
3815,captcha_3815.png,8PAYCD,SUCCESS,PMJAY,2026-04-17 11:17:08,2026-04-17 11:17:08
3816,captcha_3816.png,HYFE75,SUCCESS,PMJAY,2026-04-17 11:17:16,2026-04-17 11:17:16
3817,captcha_3817.png,KEAR7F,SUCCESS,PMJAY,2026-04-17 11:17:51,2026-04-17 11:17:51
3818,captcha_3818.png,PNMAYX,SUCCESS,PMJAY,2026-04-17 11:17:59,2026-04-17 11:17:59
3819,captcha_3819.png,MD5C5W,SUCCESS,PMJAY,2026-04-17 11:20:21,2026-04-17 11:20:21
3820,captcha_3820.png,XC744F,SUCCESS,PMJAY,2026-04-17 11:20:29,2026-04-17 11:20:29
3821,captcha_3821.png,ADAWYE,SUCCESS,PMJAY,2026-04-17 11:20:45,2026-04-17 11:20:45
3822,captcha_3822.png,RENNE4,SUCCESS,PMJAY,2026-04-17 11:20:54,2026-04-17 11:20:54
3823,captcha_3823.png,GE2RHG,SUCCESS,PMJAY,2026-04-17 11:23:38,2026-04-17 11:23:38
3824,captcha_3824.png,2257DN,SUCCESS,PMJAY,2026-04-17 11:23:42,2026-04-17 11:23:42
3825,captcha_3825.png,74GPK4,SUCCESS,PMJAY,2026-04-17 11:23:46,2026-04-17 11:23:46
3826,captcha_3826.png,3A28RD,SUCCESS,PMJAY,2026-04-17 11:23:52,2026-04-17 11:23:52
3827,captcha_3827.png,R43NXF,SUCCESS,PMJAY,2026-04-17 11:26:43,2026-04-17 11:26:43
3828,captcha_3828.png,Y4HNBP,SUCCESS,PMJAY,2026-04-17 11:26:53,2026-04-17 11:26:53
3829,captcha_3829.png,F3HC28,SUCCESS,PMJAY,2026-04-17 11:26:57,2026-04-17 11:26:57
3830,captcha_3830.png,MAFXGM,SUCCESS,PMJAY,2026-04-17 11:27:00,2026-04-17 11:27:01
3831,captcha_3831.png,5AEG4Y,SUCCESS,PMJAY,2026-04-17 11:29:48,2026-04-17 11:29:48
3832,captcha_3832.png,ADYB27,SUCCESS,PMJAY,2026-04-17 11:29:56,2026-04-17 11:29:56
3833,captcha_3833.png,7M4AW2,SUCCESS,PMJAY,2026-04-17 11:30:12,2026-04-17 11:30:13
3834,captcha_3834.png,7D2AWG,SUCCESS,PMJAY,2026-04-17 11:30:48,2026-04-17 11:30:48
3835,captcha_3835.png,HDHFA2,SUCCESS,PMJAY,2026-04-17 11:32:46,2026-04-17 11:32:46
3836,captcha_3836.png,Y725K7,SUCCESS,PMJAY,2026-04-17 11:32:54,2026-04-17 11:32:54
3837,captcha_3837.png,DPGRNA,SUCCESS,PMJAY,2026-04-17 11:33:50,2026-04-17 11:33:51
3838,captcha_3838.png,645YAA,SUCCESS,PMJAY,2026-04-17 11:33:59,2026-04-17 11:33:59
3839,captcha_3839.png,RGPMC5,SUCCESS,PMJAY,2026-04-17 11:35:42,2026-04-17 11:35:42
3840,captcha_3840.png,NPN7WY,SUCCESS,PMJAY,2026-04-17 11:35:50,2026-04-17 11:35:50
3841,captcha_3841.png,2WXFM4,SUCCESS,PMJAY,2026-04-17 11:37:03,2026-04-17 11:37:03
3842,captcha_3842.png,43ECMX,SUCCESS,PMJAY,2026-04-17 11:37:11,2026-04-17 11:37:11
3843,captcha_3843.png,WYCWMF,SUCCESS,PMJAY,2026-04-17 11:38:37,2026-04-17 11:38:37
3844,captcha_3844.png,32XCN5,SUCCESS,PMJAY,2026-04-17 11:38:47,2026-04-17 11:38:47
3845,captcha_3845.png,NND536,SUCCESS,PMJAY,2026-04-17 11:40:13,2026-04-17 11:40:13
3846,captcha_3846.png,WWAR8N,SUCCESS,PMJAY,2026-04-17 11:40:21,2026-04-17 11:40:21
3847,captcha_3847.png,2H4HPD,SUCCESS,PMJAY,2026-04-17 11:41:31,2026-04-17 11:41:31
3848,captcha_3848.png,GEWMMD,SUCCESS,PMJAY,2026-04-17 11:41:40,2026-04-17 11:41:40
3849,captcha_3849.png,6CAKEB,SUCCESS,PMJAY,2026-04-17 11:43:26,2026-04-17 11:43:26
3850,captcha_3850.png,7RK6H6,SUCCESS,PMJAY,2026-04-17 11:43:35,2026-04-17 11:43:35
3851,captcha_3851.png,6A8XDC,SUCCESS,PMJAY,2026-04-17 11:44:30,2026-04-17 11:44:30
3852,captcha_3852.png,6F6DRY,SUCCESS,PMJAY,2026-04-17 11:44:38,2026-04-17 11:44:39
3853,captcha_3853.png,MG8KRE,SUCCESS,PMJAY,2026-04-17 11:46:39,2026-04-17 11:46:39
3854,captcha_3854.png,A3GM5D,SUCCESS,PMJAY,2026-04-17 11:46:47,2026-04-17 11:46:47
3855,captcha_3855.png,MCM6KA,SUCCESS,PMJAY,2026-04-17 11:47:29,2026-04-17 11:47:29
3856,captcha_3856.png,F5ECPF,SUCCESS,PMJAY,2026-04-17 11:47:54,2026-04-17 11:47:54
3857,captcha_3857.png,HR8XDF,SUCCESS,PMJAY,2026-04-17 11:49:52,2026-04-17 11:49:52
3858,captcha_3858.png,KNDEWP,SUCCESS,PMJAY,2026-04-17 11:50:00,2026-04-17 11:50:00
3859,captcha_3859.png,CX2M67,SUCCESS,PMJAY,2026-04-17 11:50:45,2026-04-17 11:50:45
3860,captcha_3860.png,D85GAC,SUCCESS,PMJAY,2026-04-17 11:50:56,2026-04-17 11:50:56
3861,captcha_3861.png,XMMWRE,SUCCESS,PMJAY,2026-04-17 11:53:06,2026-04-17 11:53:06
3862,captcha_3862.png,FN8YH4,SUCCESS,PMJAY,2026-04-17 11:53:11,2026-04-17 11:53:11
3863,captcha_3863.png,CE8B4G,SUCCESS,PMJAY,2026-04-17 11:53:19,2026-04-17 11:53:19
3864,captcha_3864.png,Y2BW2F,SUCCESS,PMJAY,2026-04-17 11:53:48,2026-04-17 11:53:48
3865,captcha_3865.png,56HDX5,SUCCESS,PMJAY,2026-04-17 11:53:56,2026-04-17 11:53:56
3866,captcha_3866.png,MKHFM2,SUCCESS,PMJAY,2026-04-17 11:56:25,2026-04-17 11:56:25
3867,captcha_3867.png,7AHPK6,SUCCESS,PMJAY,2026-04-17 11:56:33,2026-04-17 11:56:33
3868,captcha_3868.png,4FYRPD,SUCCESS,PMJAY,2026-04-17 11:56:39,2026-04-17 11:56:39
3869,captcha_3869.png,C73356,SUCCESS,PMJAY,2026-04-17 11:56:48,2026-04-17 11:56:48
3870,captcha_3870.png,MKHFM2,SUCCESS,PMJAY,2026-04-17 11:56:53,2026-04-17 11:56:53
3871,captcha_3871.png,HMC2W2,SUCCESS,PMJAY,2026-04-17 11:57:25,2026-04-17 11:57:25
3872,captcha_3872.png,MKHFM2,SUCCESS,PMJAY,2026-04-17 11:59:57,2026-04-17 11:59:57
3873,captcha_3873.png,BADG6R,SUCCESS,PMJAY,2026-04-17 12:00:15,2026-04-17 12:00:15
3874,captcha_3874.png,HRR5X2,SUCCESS,PMJAY,2026-04-17 12:00:23,2026-04-17 12:00:23
3875,captcha_3875.png,MKHFM2,SUCCESS,PMJAY,2026-04-17 12:02:55,2026-04-17 12:02:55
3876,captcha_3876.png,EPWFEH,SUCCESS,PMJAY,2026-04-17 12:03:10,2026-04-17 12:03:10
3877,captcha_3877.png,HWBPGD,SUCCESS,PMJAY,2026-04-17 12:03:18,2026-04-17 12:03:18
3878,captcha_3878.png,2C77MR,SUCCESS,PMJAY,2026-04-17 12:04:51,2026-04-17 12:04:51
3879,captcha_3879.png,4D7E2C,SUCCESS,PMJAY,2026-04-17 12:06:03,2026-04-17 12:06:03
3880,captcha_3880.png,EXE3HG,SUCCESS,PMJAY,2026-04-17 12:06:11,2026-04-17 12:06:11
3881,captcha_3881.png,6DW46H,SUCCESS,PMJAY,2026-04-17 12:07:45,2026-04-17 12:07:45
3882,captcha_3882.png,8DEF5C,SUCCESS,PMJAY,2026-04-17 12:08:58,2026-04-17 12:08:58
3883,captcha_3883.png,64W7GH,SUCCESS,PMJAY,2026-04-17 12:09:06,2026-04-17 12:09:06
3884,captcha_3884.png,EMYHCY,SUCCESS,PMJAY,2026-04-17 12:10:40,2026-04-17 12:10:40
3885,captcha_3885.png,D77K4R,SUCCESS,PMJAY,2026-04-17 12:10:48,2026-04-17 12:10:48
3886,captcha_3886.png,HGFY7N,SUCCESS,PMJAY,2026-04-17 12:11:53,2026-04-17 12:11:53
3887,captcha_3887.png,4F6M6H,SUCCESS,PMJAY,2026-04-17 12:12:01,2026-04-17 12:12:01
3888,captcha_3888.png,MDECDR,SUCCESS,PMJAY,2026-04-17 12:13:59,2026-04-17 12:13:59
3889,captcha_3889.png,XP5PEG,SUCCESS,PMJAY,2026-04-17 12:14:07,2026-04-17 12:14:07
3890,captcha_3890.png,ED6E8F,SUCCESS,PMJAY,2026-04-17 12:14:55,2026-04-17 12:14:55
3891,captcha_3891.png,7A8WFR,SUCCESS,PMJAY,2026-04-17 12:15:03,2026-04-17 12:15:03
3892,captcha_3892.png,GC3HDE,SUCCESS,PMJAY,2026-04-17 12:17:17,2026-04-17 12:17:17
3893,captcha_3893.png,XD6YMW,SUCCESS,PMJAY,2026-04-17 12:17:26,2026-04-17 12:17:26
3894,captcha_3894.png,6APYD6,SUCCESS,PMJAY,2026-04-17 12:17:56,2026-04-17 12:17:56
3895,captcha_3895.png,X4526G,SUCCESS,PMJAY,2026-04-17 12:18:04,2026-04-17 12:18:04
3896,captcha_3896.png,B2CYNX,SUCCESS,PMJAY,2026-04-17 12:20:32,2026-04-17 12:20:32
3897,captcha_3897.png,2K7E67,SUCCESS,PMJAY,2026-04-17 12:20:38,2026-04-17 12:20:38
3898,captcha_3898.png,CBW2WP,SUCCESS,PMJAY,2026-04-17 12:20:46,2026-04-17 12:20:46
3899,captcha_3899.png,XKGCN2,SUCCESS,PMJAY,2026-04-17 12:20:59,2026-04-17 12:20:59
3900,captcha_3900.png,WWC7G7,SUCCESS,PMJAY,2026-04-17 12:21:07,2026-04-17 12:21:07
3901,captcha_3901.png,5A53K3,SUCCESS,PMJAY,2026-04-17 12:24:03,2026-04-17 12:24:04
3902,captcha_3902.png,Y5DCDK,SUCCESS,PMJAY,2026-04-17 12:24:07,2026-04-17 12:24:07
3903,captcha_3903.png,DENKNR,SUCCESS,PMJAY,2026-04-17 12:24:15,2026-04-17 12:24:15
3904,captcha_3904.png,28K4WH,SUCCESS,PMJAY,2026-04-17 12:24:19,2026-04-17 12:24:19
3905,captcha_3905.png,4BR55Y,SUCCESS,PMJAY,2026-04-17 12:27:12,2026-04-17 12:27:12
3906,captcha_3906.png,R7EDAE,SUCCESS,PMJAY,2026-04-17 12:27:21,2026-04-17 12:27:21
3907,captcha_3907.png,DX662D,SUCCESS,PMJAY,2026-04-17 12:27:27,2026-04-17 12:27:27
3908,captcha_3908.png,2FDE24,SUCCESS,PMJAY,2026-04-17 12:27:36,2026-04-17 12:27:36
3909,captcha_3909.png,3AADRb,SUCCESS,PMJAY,2026-04-17 12:30:16,2026-04-17 12:30:16
3910,captcha_3910.png,Y757YX,SUCCESS,PMJAY,2026-04-17 12:30:21,2026-04-17 12:30:21
3911,captcha_3911.png,XW2G26,SUCCESS,PMJAY,2026-04-17 12:30:29,2026-04-17 12:30:29
3912,captcha_3912.png,G72C7D,SUCCESS,PMJAY,2026-04-17 12:30:45,2026-04-17 12:30:45
3913,captcha_3913.png,KBH3Y5,SUCCESS,PMJAY,2026-04-17 12:33:20,2026-04-17 12:33:20
3914,captcha_3914.png,H77DRE,SUCCESS,PMJAY,2026-04-17 12:33:28,2026-04-17 12:33:28
3915,captcha_3915.png,G72C7D,SUCCESS,PMJAY,2026-04-17 12:33:40,2026-04-17 12:33:40
3916,captcha_3916.png,8PDD6B,SUCCESS,PMJAY,2026-04-17 12:36:20,2026-04-17 12:36:20
3917,captcha_3917.png,G72C7D,SUCCESS,PMJAY,2026-04-17 12:36:42,2026-04-17 12:36:42
3918,captcha_3918.png,FHMDYA,SUCCESS,PMJAY,2026-04-17 12:38:41,2026-04-17 12:38:41
3919,captcha_3919.png,8PDD6B,SUCCESS,PMJAY,2026-04-17 12:39:19,2026-04-17 12:39:19
3920,captcha_3920.png,FHMDYA,SUCCESS,PMJAY,2026-04-17 12:41:40,2026-04-17 12:41:40
3921,captcha_3921.png,8PDD6B,SUCCESS,PMJAY,2026-04-17 12:42:14,2026-04-17 12:42:14
3922,captcha_3922.png,4F8RK3,SUCCESS,PMJAY,2026-04-17 12:44:17,2026-04-17 12:44:17
3923,captcha_3923.png,3AWDXE,SUCCESS,PMJAY,2026-04-17 12:44:27,2026-04-17 12:44:27
3924,captcha_3924.png,FHMDYA,SUCCESS,PMJAY,2026-04-17 12:44:34,2026-04-17 12:44:34
3925,captcha_3925.png,4K6WR7,SUCCESS,PMJAY,2026-04-17 12:46:39,2026-04-17 12:46:39
3926,captcha_3926.png,33KPP3,SUCCESS,PMJAY,2026-04-17 12:47:12,2026-04-17 12:47:12
3927,captcha_3927.png,R57BKD,SUCCESS,PMJAY,2026-04-17 12:47:21,2026-04-17 12:47:21
3928,captcha_3928.png,4K6WR7,SUCCESS,PMJAY,2026-04-17 12:49:38,2026-04-17 12:49:38
3929,captcha_3929.png,FEP4YA,SUCCESS,PMJAY,2026-04-17 12:50:09,2026-04-17 12:50:09
3930,captcha_3930.png,GFNE5P,SUCCESS,PMJAY,2026-04-17 12:50:31,2026-04-17 12:50:31
3931,captcha_3931.png,4K6WR7,SUCCESS,PMJAY,2026-04-17 12:52:32,2026-04-17 12:52:32
3932,captcha_3932.png,ED8FW4,SUCCESS,PMJAY,2026-04-17 12:53:23,2026-04-17 12:53:23
3933,captcha_3933.png,PPH3HA,SUCCESS,PMJAY,2026-04-17 12:53:31,2026-04-17 12:53:31
3934,captcha_3934.png,76WB43,SUCCESS,PMJAY,2026-04-17 12:54:36,2026-04-17 12:54:36
3935,captcha_3935.png,EMGPMD,SUCCESS,PMJAY,2026-04-17 12:56:20,2026-04-17 12:56:20
3936,captcha_3936.png,PR85CW,SUCCESS,PMJAY,2026-04-17 12:56:28,2026-04-17 12:56:28
3937,captcha_3937.png,76WB43,SUCCESS,PMJAY,2026-04-17 12:57:35,2026-04-17 12:57:36
3938,captcha_3938.png,B6N6X2,SUCCESS,PMJAY,2026-04-17 12:59:23,2026-04-17 12:59:23
3939,captcha_3939.png,FN2E7E,SUCCESS,PMJAY,2026-04-17 12:59:31,2026-04-17 12:59:31
3940,captcha_3940.png,76WB43,SUCCESS,PMJAY,2026-04-17 13:00:36,2026-04-17 13:00:36
3941,captcha_3941.png,A5GW5F,SUCCESS,PMJAY,2026-04-17 13:02:23,2026-04-17 13:02:23
3942,captcha_3942.png,NP3FRP,SUCCESS,PMJAY,2026-04-17 13:02:31,2026-04-17 13:02:31
3943,captcha_3943.png,CNPWWC,SUCCESS,PMJAY,2026-04-17 13:02:35,2026-04-17 13:02:35
3944,captcha_3944.png,WH2CYK,SUCCESS,PMJAY,2026-04-17 13:02:44,2026-04-17 13:02:44
3945,captcha_3945.png,H8NARN,SUCCESS,PMJAY,2026-04-17 13:05:35,2026-04-17 13:05:35
3946,captcha_3946.png,YG5445,SUCCESS,PMJAY,2026-04-17 13:05:43,2026-04-17 13:05:43
3947,captcha_3947.png,8NRRDG,SUCCESS,PMJAY,2026-04-17 13:06:39,2026-04-17 13:06:39
3948,captcha_3948.png,6CW4XX,SUCCESS,PMJAY,2026-04-17 13:06:48,2026-04-17 13:06:48
3949,captcha_3949.png,76A86E,SUCCESS,PMJAY,2026-04-17 13:08:56,2026-04-17 13:08:56
3950,captcha_3950.png,WH7YMM,SUCCESS,PMJAY,2026-04-17 13:09:05,2026-04-17 13:09:05
3951,captcha_3951.png,8BMP3F,SUCCESS,PMJAY,2026-04-17 13:10:14,2026-04-17 13:10:14
3952,captcha_3952.png,E3ME6N,SUCCESS,PMJAY,2026-04-17 13:10:19,2026-04-17 13:10:20
3953,captcha_3953.png,DXYH84,SUCCESS,PMJAY,2026-04-17 13:10:28,2026-04-17 13:10:29
3954,captcha_3954.png,4KWXK4,SUCCESS,PMJAY,2026-04-20 03:26:50,2026-04-20 03:26:50
3955,captcha_3955.png,M38A7B,SUCCESS,PMJAY,2026-04-20 03:27:36,2026-04-20 03:27:36
3956,captcha_3956.png,M38A7B,SUCCESS,PMJAY,2026-04-20 03:27:39,2026-04-20 03:27:39
3957,captcha_3957.png,AM22HB,SUCCESS,PMJAY,2026-04-20 03:29:04,2026-04-20 03:29:04
3958,captcha_3958.png,AM22HB,SUCCESS,PMJAY,2026-04-20 03:29:14,2026-04-20 03:29:14
3959,captcha_3959.png,3EFEBP,SUCCESS,PMJAY,2026-04-20 03:29:37,2026-04-20 03:29:37
3960,captcha_3960.png,3EFEBP,SUCCESS,PMJAY,2026-04-20 03:29:42,2026-04-20 03:29:42
3961,captcha_3961.png,H8PGHP,SUCCESS,PMJAY,2026-04-20 03:30:13,2026-04-20 03:30:13
3962,captcha_3962.png,H8PGHP,SUCCESS,PMJAY,2026-04-20 03:30:19,2026-04-20 03:30:19
3963,captcha_3963.png,M38A7B,SUCCESS,PMJAY,2026-04-20 03:30:32,2026-04-20 03:30:32
3964,captcha_3964.png,D5BKX8,SUCCESS,PMJAY,2026-04-20 03:30:45,2026-04-20 03:30:45
3965,captcha_3965.png,D5BKX8,SUCCESS,PMJAY,2026-04-20 03:31:06,2026-04-20 03:31:06
3966,captcha_3966.png,H8PGHP,SUCCESS,PMJAY,2026-04-20 03:31:29,2026-04-20 03:31:29
3967,captcha_3967.png,MFNXK2,SUCCESS,PMJAY,2026-04-20 03:31:46,2026-04-20 03:31:46
3968,captcha_3968.png,D5BKX8,SUCCESS,PMJAY,2026-04-20 03:32:51,2026-04-20 03:32:51
3969,captcha_3969.png,D5BKX8,SUCCESS,PMJAY,2026-04-20 03:34:10,2026-04-20 03:34:10
3970,captcha_3970.png,MFNXK2,SUCCESS,PMJAY,2026-04-20 03:34:46,2026-04-20 03:34:46
3971,captcha_3971.png,D5BKX8,SUCCESS,PMJAY,2026-04-20 03:37:12,2026-04-20 03:37:12
3972,captcha_3972.png,MFNXK2,SUCCESS,PMJAY,2026-04-20 03:37:41,2026-04-20 03:37:41
3973,captcha_3973.png,28RPGF,SUCCESS,PMJAY,2026-04-20 03:38:45,2026-04-20 03:38:45
3974,captcha_3974.png,433FBN,SUCCESS,PMJAY,2026-04-20 03:39:45,2026-04-20 03:39:45
3975,captcha_3975.png,28RPGF,SUCCESS,PMJAY,2026-04-20 03:41:43,2026-04-20 03:41:43
3976,captcha_3976.png,433FBN,SUCCESS,PMJAY,2026-04-20 03:42:43,2026-04-20 03:42:43
3977,captcha_3977.png,28RPGF,SUCCESS,PMJAY,2026-04-20 03:44:43,2026-04-20 03:44:43
3978,captcha_3978.png,433FBN,SUCCESS,PMJAY,2026-04-20 03:45:43,2026-04-20 03:45:43
3979,captcha_3979.png,R6D83R,SUCCESS,PMJAY,2026-04-20 03:46:41,2026-04-20 03:46:41
3980,captcha_3980.png,YHK8FH,SUCCESS,PMJAY,2026-04-20 03:47:39,2026-04-20 03:47:39
3981,captcha_3981.png,KAEYN4,SUCCESS,PMJAY,2026-04-20 03:47:44,2026-04-20 03:47:44
3982,captcha_3982.png,R6D83R,SUCCESS,PMJAY,2026-04-20 03:49:40,2026-04-20 03:49:40
3983,captcha_3983.png,KAEYN4,SUCCESS,PMJAY,2026-04-20 03:50:43,2026-04-20 03:50:43
3984,captcha_3984.png,R6D83R,SUCCESS,PMJAY,2026-04-20 03:52:41,2026-04-20 03:52:41
3985,captcha_3985.png,KAEYN4,SUCCESS,PMJAY,2026-04-20 03:53:38,2026-04-20 03:53:38
3986,captcha_3986.png,6GP3NA,SUCCESS,PMJAY,2026-04-20 03:54:41,2026-04-20 03:54:41
3987,captcha_3987.png,6FGN3H,SUCCESS,PMJAY,2026-04-20 03:55:44,2026-04-20 03:55:44
3988,captcha_3988.png,6GP3NA,SUCCESS,PMJAY,2026-04-20 03:57:40,2026-04-20 03:57:40
3989,captcha_3989.png,6FGN3H,SUCCESS,PMJAY,2026-04-20 03:58:42,2026-04-20 03:58:42
3990,captcha_3990.png,6GP3NA,SUCCESS,PMJAY,2026-04-20 04:00:40,2026-04-20 04:00:40
3991,captcha_3991.png,6GP3NA,SUCCESS,PMJAY,2026-04-20 04:00:47,2026-04-20 04:00:47
3992,captcha_3992.png,6GP3NA,SUCCESS,PMJAY,2026-04-20 04:00:51,2026-04-20 04:00:51
3993,captcha_3993.png,437KW2,SUCCESS,PMJAY,2026-04-20 04:01:07,2026-04-20 04:01:07
3994,captcha_3994.png,XNG5KY,SUCCESS,PMJAY,2026-04-20 04:01:18,2026-04-20 04:01:18
3995,captcha_3995.png,6FGN3H,SUCCESS,PMJAY,2026-04-20 04:01:37,2026-04-20 04:01:37
3996,captcha_3996.png,6FGN3H,SUCCESS,PMJAY,2026-04-20 04:02:00,2026-04-20 04:02:01
3997,captcha_3997.png,WFMGMK,SUCCESS,PMJAY,2026-04-20 04:02:07,2026-04-20 04:02:07
3998,captcha_3998.png,A8WA8G,SUCCESS,PMJAY,2026-04-20 04:02:26,2026-04-20 04:02:26
3999,captcha_3999.png,A8WA8G,SUCCESS,PMJAY,2026-04-20 04:02:30,2026-04-20 04:02:30
4000,captcha_4000.png,RDH8G8,SUCCESS,PMJAY,2026-04-20 04:03:52,2026-04-20 04:03:52
4001,captcha_4001.png,A63NNM,SUCCESS,PMJAY,2026-04-20 04:03:56,2026-04-20 04:03:56
4002,captcha_4002.png,A63NNM,SUCCESS,PMJAY,2026-04-20 04:04:00,2026-04-20 04:04:00
4003,captcha_4003.png,A8WA8G,SUCCESS,PMJAY,2026-04-20 04:05:25,2026-04-20 04:05:25
4004,captcha_4004.png,A63NNM,SUCCESS,PMJAY,2026-04-20 04:07:00,2026-04-20 04:07:00
4005,captcha_4005.png,A8WA8G,SUCCESS,PMJAY,2026-04-20 04:08:25,2026-04-20 04:08:26
4006,captcha_4006.png,A63NNM,SUCCESS,PMJAY,2026-04-20 04:10:20,2026-04-20 04:10:20
4007,captcha_4007.png,2BEBK5,SUCCESS,PMJAY,2026-04-20 04:10:38,2026-04-20 04:10:38
4008,captcha_4008.png,66XBY5,SUCCESS,PMJAY,2026-04-20 04:11:55,2026-04-20 04:11:55
4009,captcha_4009.png,2BEBK5,SUCCESS,PMJAY,2026-04-20 04:14:38,2026-04-20 04:14:38
4010,captcha_4010.png,66XBY5,SUCCESS,PMJAY,2026-04-20 04:15:20,2026-04-20 04:15:20
4011,captcha_4011.png,8GGEWW,SUCCESS,PMJAY,2026-04-20 04:15:30,2026-04-20 04:15:30
4012,captcha_4012.png,M4WRNA,SUCCESS,PMJAY,2026-04-20 04:15:42,2026-04-20 04:15:42
4013,captcha_4013.png,66XBY5,SUCCESS,PMJAY,2026-04-20 04:18:14,2026-04-20 04:18:14
4014,captcha_4014.png,EDC4FD,SUCCESS,PMJAY,2026-04-20 04:20:18,2026-04-20 04:20:18
4015,captcha_4015.png,EDC4FD,SUCCESS,PMJAY,2026-04-20 04:23:12,2026-04-20 04:23:12
4016,captcha_4016.png,EDC4FD,SUCCESS,PMJAY,2026-04-20 04:26:07,2026-04-20 04:26:07
4017,captcha_4017.png,6GEG2D,SUCCESS,PMJAY,2026-04-20 04:28:13,2026-04-20 04:28:13
4018,captcha_4018.png,6GEG2D,SUCCESS,PMJAY,2026-04-20 04:31:08,2026-04-20 04:31:08
4019,captcha_4019.png,6GEG2D,SUCCESS,PMJAY,2026-04-20 04:34:04,2026-04-20 04:34:04
4020,captcha_4020.png,7M5W45,SUCCESS,PMJAY,2026-04-20 04:36:10,2026-04-20 04:36:10
4021,captcha_4021.png,62NKRX,SUCCESS,PMJAY,2026-04-20 04:38:01,2026-04-20 04:38:01
4022,captcha_4022.png,CNM3RM,SUCCESS,PMJAY,2026-04-20 04:38:10,2026-04-20 04:38:10
4023,captcha_4023.png,7M5W45,SUCCESS,PMJAY,2026-04-20 04:39:04,2026-04-20 04:39:04
4024,captcha_4024.png,C5BXPX,SUCCESS,PMJAY,2026-04-20 04:40:59,2026-04-20 04:40:59
4025,captcha_4025.png,HAC6YR,SUCCESS,PMJAY,2026-04-20 04:41:07,2026-04-20 04:41:07
4026,captcha_4026.png,7M5W45,SUCCESS,PMJAY,2026-04-20 04:41:54,2026-04-20 04:41:54
4027,captcha_4027.png,YK5PHF,SUCCESS,PMJAY,2026-04-20 04:43:50,2026-04-20 04:43:50
4028,captcha_4028.png,RG3KW6,SUCCESS,PMJAY,2026-04-20 04:43:58,2026-04-20 04:43:58
4029,captcha_4029.png,FBY7RD,SUCCESS,PMJAY,2026-04-20 04:44:03,2026-04-20 04:44:03
4030,captcha_4030.png,P86YW5,SUCCESS,PMJAY,2026-04-20 04:44:06,2026-04-20 04:44:06
4031,captcha_4031.png,YK5PHF,SUCCESS,PMJAY,2026-04-20 04:44:16,2026-04-20 04:44:16
4032,captcha_4032.png,P86YW5,SUCCESS,PMJAY,2026-04-20 04:46:57,2026-04-20 04:46:57
4033,captcha_4033.png,YK5PHF,SUCCESS,PMJAY,2026-04-20 04:47:11,2026-04-20 04:47:11
4034,captcha_4034.png,P86YW5,SUCCESS,PMJAY,2026-04-20 04:49:52,2026-04-20 04:49:52
4035,captcha_4035.png,YK5PHF,SUCCESS,PMJAY,2026-04-20 04:50:07,2026-04-20 04:50:07
4036,captcha_4036.png,AFNKRN,SUCCESS,PMJAY,2026-04-20 04:50:43,2026-04-20 04:50:44
4037,captcha_4037.png,GW666N,SUCCESS,PMJAY,2026-04-20 04:52:00,2026-04-20 04:52:00
4038,captcha_4038.png,KAE7RA,SUCCESS,PMJAY,2026-04-20 04:52:09,2026-04-20 04:52:09
4039,captcha_4039.png,AFNKRN,SUCCESS,PMJAY,2026-04-20 04:53:39,2026-04-20 04:53:39
4040,captcha_4040.png,M28B78,SUCCESS,PMJAY,2026-04-20 04:54:12,2026-04-20 04:54:12
4041,captcha_4041.png,AFNKRN,SUCCESS,PMJAY,2026-04-20 04:54:23,2026-04-20 04:54:23
4042,captcha_4042.png,GW666N,SUCCESS,PMJAY,2026-04-20 04:54:55,2026-04-20 04:54:55
4043,captcha_4043.png,47G5YG,SUCCESS,PMJAY,2026-04-20 04:55:03,2026-04-20 04:55:03
4044,captcha_4044.png,AFNKRN,SUCCESS,PMJAY,2026-04-20 04:57:19,2026-04-20 04:57:19
4045,captcha_4045.png,GW666N,SUCCESS,PMJAY,2026-04-20 04:57:49,2026-04-20 04:57:49
4046,captcha_4046.png,WNF D6X,SUCCESS,PMJAY,2026-04-20 04:57:58,2026-04-20 04:57:58
4047,captcha_4047.png,MYNFR4,SUCCESS,PMJAY,2026-04-20 04:58:37,2026-04-20 04:58:37
4048,captcha_4048.png,NN58EG,SUCCESS,PMJAY,2026-04-20 04:59:53,2026-04-20 04:59:53
4049,captcha_4049.png,D7X2F6,SUCCESS,PMJAY,2026-04-20 05:00:02,2026-04-20 05:00:02
4050,captcha_4050.png,MYNFR4,SUCCESS,PMJAY,2026-04-20 05:01:31,2026-04-20 05:01:31
4051,captcha_4051.png,NN58EG,SUCCESS,PMJAY,2026-04-20 05:02:47,2026-04-20 05:02:47
4052,captcha_4052.png,6K4EGX,SUCCESS,PMJAY,2026-04-20 05:03:01,2026-04-20 05:03:01
4053,captcha_4053.png,D2FYGY,SUCCESS,PMJAY,2026-04-20 05:03:12,2026-04-20 05:03:12
4054,captcha_4054.png,MYNFR4,SUCCESS,PMJAY,2026-04-20 05:04:26,2026-04-20 05:04:26
4055,captcha_4055.png,NN58EG,SUCCESS,PMJAY,2026-04-20 05:05:42,2026-04-20 05:05:42
4056,captcha_4056.png,3FF3RX,SUCCESS,PMJAY,2026-04-20 05:05:58,2026-04-20 05:05:58
4057,captcha_4057.png,FB4M32,SUCCESS,PMJAY,2026-04-20 05:06:06,2026-04-20 05:06:06
4058,captcha_4058.png,RG6DPH,SUCCESS,PMJAY,2026-04-20 05:06:30,2026-04-20 05:06:30
4059,captcha_4059.png,4BRPFN,SUCCESS,PMJAY,2026-04-20 05:06:38,2026-04-20 05:06:38
4060,captcha_4060.png,W8FW8M,SUCCESS,PMJAY,2026-04-20 05:07:46,2026-04-20 05:07:46
4061,captcha_4061.png,5AX8W4,SUCCESS,PMJAY,2026-04-20 05:07:54,2026-04-20 05:07:54
4062,captcha_4062.png,WD3P8Y,SUCCESS,PMJAY,2026-04-20 05:09:05,2026-04-20 05:09:05
4063,captcha_4063.png,M6D5CA,SUCCESS,PMJAY,2026-04-20 05:09:17,2026-04-20 05:09:17
4064,captcha_4064.png,YYMRRK,SUCCESS,PMJAY,2026-04-20 05:13:06,2026-04-20 05:13:06
4065,captcha_4065.png,GK2N4W,SUCCESS,PMJAY,2026-04-20 05:13:14,2026-04-20 05:13:14
4066,captcha_4066.png,RGFE76,SUCCESS,PMJAY,2026-04-20 05:15:19,2026-04-20 05:15:19
4067,captcha_4067.png,D8853B,SUCCESS,PMJAY,2026-04-20 05:15:27,2026-04-20 05:15:27
4068,captcha_4068.png,GKBK3M,SUCCESS,PMJAY,2026-04-20 05:16:02,2026-04-20 05:16:02
4069,captcha_4069.png,72N47A,SUCCESS,PMJAY,2026-04-20 05:16:10,2026-04-20 05:16:10
4070,captcha_4070.png,WD664K,SUCCESS,PMJAY,2026-04-20 05:18:20,2026-04-20 05:18:21
4071,captcha_4071.png,E4M5CD,SUCCESS,PMJAY,2026-04-20 05:18:35,2026-04-20 05:18:35
4072,captcha_4072.png,2W6XD6,SUCCESS,PMJAY,2026-04-20 05:20:34,2026-04-20 05:20:34
4073,captcha_4073.png,ENR2PY,SUCCESS,PMJAY,2026-04-20 05:21:30,2026-04-20 05:21:30
4074,captcha_4074.png,2W6XD6,SUCCESS,PMJAY,2026-04-20 05:21:34,2026-04-20 05:21:34
4075,captcha_4075.png,5DAGHA,SUCCESS,PMJAY,2026-04-20 05:21:38,2026-04-20 05:21:38
4076,captcha_4076.png,53XPEE,SUCCESS,PMJAY,2026-04-20 05:23:02,2026-04-20 05:23:02
4077,captcha_4077.png,53XPEE,SUCCESS,PMJAY,2026-04-20 05:23:10,2026-04-20 05:23:10
4078,captcha_4078.png,2W6XD6,SUCCESS,PMJAY,2026-04-20 05:24:00,2026-04-20 05:24:00
4079,captcha_4079.png,2W6XD6,SUCCESS,PMJAY,2026-04-20 05:24:10,2026-04-20 05:24:10
4080,captcha_4080.png,53XPEE,SUCCESS,PMJAY,2026-04-20 05:26:05,2026-04-20 05:26:05
4081,captcha_4081.png,2W6XD6,SUCCESS,PMJAY,2026-04-20 05:27:04,2026-04-20 05:27:04
4082,captcha_4082.png,XF26Y8,SUCCESS,PMJAY,2026-04-20 05:28:29,2026-04-20 05:28:29
4083,captcha_4083.png,YPNBN7,SUCCESS,PMJAY,2026-04-20 05:28:37,2026-04-20 05:28:37
4084,captcha_4084.png,53XPEE,SUCCESS,PMJAY,2026-04-20 05:29:01,2026-04-20 05:29:01
4085,captcha_4085.png,34G6WY,SUCCESS,PMJAY,2026-04-20 05:30:55,2026-04-20 05:30:55
4086,captcha_4086.png,PYN67B,SUCCESS,PMJAY,2026-04-20 05:31:03,2026-04-20 05:31:04
4087,captcha_4087.png,7FEHGR,SUCCESS,PMJAY,2026-04-20 06:06:19,2026-04-20 06:06:19
4088,captcha_4088.png,5YCACY,SUCCESS,PMJAY,2026-04-20 06:06:30,2026-04-20 06:06:31
4089,captcha_4089.png,YXDW8D,SUCCESS,PMJAY,2026-04-20 06:19:09,2026-04-20 06:19:09
4090,captcha_4090.png,WAAGRX,SUCCESS,PMJAY,2026-04-20 06:19:20,2026-04-20 06:19:20
4091,captcha_4091.png,7GAK4D,SUCCESS,PMJAY,2026-04-20 06:26:42,2026-04-20 06:26:42
4092,captcha_4092.png,XMXKD8,SUCCESS,PMJAY,2026-04-20 06:26:50,2026-04-20 06:26:50
4093,captcha_4093.png,GGDM2K,SUCCESS,PMJAY,2026-04-20 06:35:34,2026-04-20 06:35:34
4094,captcha_4094.png,GGDM2K,SUCCESS,PMJAY,2026-04-20 06:35:38,2026-04-20 06:35:38
4095,captcha_4095.png,GGDM2K,SUCCESS,PMJAY,2026-04-20 06:35:41,2026-04-20 06:35:41
4096,captcha_4096.png,FGRMH2,SUCCESS,PMJAY,2026-04-20 06:35:45,2026-04-20 06:35:45
4097,captcha_4097.png,GGDM2K,SUCCESS,PMJAY,2026-04-20 06:35:48,2026-04-20 06:35:48
4098,captcha_4098.png,WA5PFK,SUCCESS,PMJAY,2026-04-20 07:43:49,2026-04-20 07:43:49
4099,captcha_4099.png,CRXYPW,SUCCESS,PMJAY,2026-04-20 07:44:06,2026-04-20 07:44:06
4100,captcha_4100.png,CRXYPW,SUCCESS,PMJAY,2026-04-20 07:47:10,2026-04-20 07:47:11
4101,captcha_4101.png,CRXYPW,SUCCESS,PMJAY,2026-04-20 07:50:16,2026-04-20 07:50:16
4102,captcha_4102.png,MPEMD7,SUCCESS,PMJAY,2026-04-20 07:52:09,2026-04-20 07:52:09
4103,captcha_4103.png,4MBHYA,SUCCESS,PMJAY,2026-04-20 07:52:21,2026-04-20 07:52:21
4104,captcha_4104.png,M6KP7P,SUCCESS,PMJAY,2026-04-20 07:54:40,2026-04-20 07:54:40
4105,captcha_4105.png,56C7DH,SUCCESS,PMJAY,2026-04-20 07:54:49,2026-04-20 07:54:49
4106,captcha_4106.png,P66AXM,SUCCESS,PMJAY,2026-04-20 08:22:13,2026-04-20 08:22:13
4107,captcha_4107.png,78RAW5,SUCCESS,PMJAY,2026-04-20 08:24:20,2026-04-20 08:24:20
4108,captcha_4108.png,263W4G,SUCCESS,PMJAY,2026-04-20 08:26:37,2026-04-20 08:26:37
4109,captcha_4109.png,6ARHWN,SUCCESS,PMJAY,2026-04-20 08:29:56,2026-04-20 08:29:56
4110,captcha_4110.png,8F8GN5,SUCCESS,PMJAY,2026-04-20 08:30:08,2026-04-20 08:30:08
4111,captcha_4111.png,6ARHWN,SUCCESS,PMJAY,2026-04-20 08:30:19,2026-04-20 08:30:19
4112,captcha_4112.png,6ARHWN,SUCCESS,PMJAY,2026-04-20 08:33:24,2026-04-20 08:33:24
4113,captcha_4113.png,6ARHWN,SUCCESS,PMJAY,2026-04-20 08:36:28,2026-04-20 08:36:28
4114,captcha_4114.png,GP42YY,SUCCESS,PMJAY,2026-04-20 08:38:32,2026-04-20 08:38:32
4115,captcha_4115.png,BCR35K,SUCCESS,PMJAY,2026-04-20 08:38:40,2026-04-20 08:38:40
4116,captcha_4116.png,KYDFH5,SUCCESS,PMJAY,2026-04-20 08:44:12,2026-04-20 08:44:14
4117,captcha_4117.png,NPNNDK,SUCCESS,PMJAY,2026-04-20 08:44:26,2026-04-20 08:44:27
4118,captcha_4118.png,MMP7MW,SUCCESS,PMJAY,2026-04-20 08:44:44,2026-04-20 08:44:44
4119,captcha_4119.png,MMP7MW,SUCCESS,PMJAY,2026-04-20 08:47:44,2026-04-20 08:47:44
4120,captcha_4120.png,GD6PGK,SUCCESS,PMJAY,2026-04-20 08:48:11,2026-04-20 08:48:11
4121,captcha_4121.png,2WFWRF,SUCCESS,PMJAY,2026-04-20 08:48:19,2026-04-20 08:48:20
4122,captcha_4122.png,MMP7MW,SUCCESS,PMJAY,2026-04-20 08:50:46,2026-04-20 08:50:46
4123,captcha_4123.png,3AEF8X,SUCCESS,PMJAY,2026-04-20 08:51:23,2026-04-20 08:51:23
4124,captcha_4124.png,YHX7BW,SUCCESS,PMJAY,2026-04-20 08:51:31,2026-04-20 08:51:32
4125,captcha_4125.png,N58X3B,SUCCESS,PMJAY,2026-04-20 08:52:49,2026-04-20 08:52:49
4126,captcha_4126.png,D7NGCE,SUCCESS,PMJAY,2026-04-20 08:54:56,2026-04-20 08:54:56
4127,captcha_4127.png,HHGYH2,SUCCESS,PMJAY,2026-04-20 08:55:08,2026-04-20 08:55:09
4128,captcha_4128.png,N58X3B,SUCCESS,PMJAY,2026-04-20 08:55:51,2026-04-20 08:55:51
4129,captcha_4129.png,PB864G,SUCCESS,PMJAY,2026-04-20 08:58:25,2026-04-20 08:58:25
4130,captcha_4130.png,H2DD7D,SUCCESS,PMJAY,2026-04-20 08:58:35,2026-04-20 08:58:35
4131,captcha_4131.png,N58X3B,SUCCESS,PMJAY,2026-04-20 08:58:46,2026-04-20 08:58:47
4132,captcha_4132.png,RWGNDP,SUCCESS,PMJAY,2026-04-20 09:00:52,2026-04-20 09:00:52
4133,captcha_4133.png,RWGNDP,SUCCESS,PMJAY,2026-04-20 09:03:56,2026-04-20 09:03:57
4134,captcha_4134.png,GR8RAB,SUCCESS,PMJAY,2026-04-20 09:04:19,2026-04-20 09:04:19
4135,captcha_4135.png,R28PHH,SUCCESS,PMJAY,2026-04-20 09:04:28,2026-04-20 09:04:28
4136,captcha_4136.png,BEF4CD,SUCCESS,PMJAY,2026-04-20 09:04:33,2026-04-20 09:04:33
4137,captcha_4137.png,GR8RAB,SUCCESS,PMJAY,2026-04-20 09:04:45,2026-04-20 09:04:45
4138,captcha_4138.png,RWGNDP,SUCCESS,PMJAY,2026-04-20 09:06:56,2026-04-20 09:06:56
4139,captcha_4139.png,GR8RAB,SUCCESS,PMJAY,2026-04-20 09:07:50,2026-04-20 09:07:50
4140,captcha_4140.png,6AWY8P,SUCCESS,PMJAY,2026-04-20 09:08:57,2026-04-20 09:08:57
4141,captcha_4141.png,GR8RAB,SUCCESS,PMJAY,2026-04-20 09:10:50,2026-04-20 09:10:50
4142,captcha_4142.png,6AWY8P,SUCCESS,PMJAY,2026-04-20 09:12:01,2026-04-20 09:12:01
4143,captcha_4143.png,4CX3XW,SUCCESS,PMJAY,2026-04-20 09:12:52,2026-04-20 09:12:52
4144,captcha_4144.png,6AWY8P,SUCCESS,PMJAY,2026-04-20 09:15:01,2026-04-20 09:15:01
4145,captcha_4145.png,HKHBBH,SUCCESS,PMJAY,2026-04-20 09:16:03,2026-04-20 09:16:03
4146,captcha_4146.png,6AWY8P,SUCCESS,PMJAY,2026-04-20 09:16:22,2026-04-20 09:16:22
4147,captcha_4147.png,6AWY8P,SUCCESS,PMJAY,2026-04-20 09:16:29,2026-04-20 09:16:29
4148,captcha_4148.png,35YHFY,SUCCESS,PMJAY,2026-04-20 09:17:00,2026-04-20 09:17:00
4149,captcha_4149.png,D7GBPX,SUCCESS,PMJAY,2026-04-20 09:21:03,2026-04-20 09:21:03
4150,captcha_4150.png,DGGC3W,SUCCESS,PMJAY,2026-04-20 09:21:14,2026-04-20 09:21:15
4151,captcha_4151.png,35YHFY,SUCCESS,PMJAY,2026-04-20 09:22:12,2026-04-20 09:22:12
4152,captcha_4152.png,5BAR3G,SUCCESS,PMJAY,2026-04-20 09:24:47,2026-04-20 09:24:47
4153,captcha_4153.png,5BAR3G,SUCCESS,PMJAY,2026-04-20 09:24:53,2026-04-20 09:24:53
4154,captcha_4154.png,NGYN5X,SUCCESS,PMJAY,2026-04-20 09:25:47,2026-04-20 09:25:47
4155,captcha_4155.png,3X8GHE,SUCCESS,PMJAY,2026-04-20 09:52:21,2026-04-20 09:52:21
4156,captcha_4156.png,M2N3CP,SUCCESS,PMJAY,2026-04-20 09:55:33,2026-04-20 09:55:33
4157,captcha_4157.png,NH22H8,SUCCESS,PMJAY,2026-04-20 09:58:53,2026-04-20 09:58:53
4158,captcha_4158.png,3C83XC,SUCCESS,PMJAY,2026-04-20 09:59:02,2026-04-20 09:59:02
4159,captcha_4159.png,NH22H8,SUCCESS,PMJAY,2026-04-20 09:59:13,2026-04-20 09:59:13
4160,captcha_4160.png,NH22H8,SUCCESS,PMJAY,2026-04-20 10:02:16,2026-04-20 10:02:16
4161,captcha_4161.png,NH22H8,SUCCESS,PMJAY,2026-04-20 10:02:21,2026-04-20 10:02:21
4162,captcha_4162.png,DNBGAX,SUCCESS,PMJAY,2026-04-20 10:02:32,2026-04-20 10:02:32
4163,captcha_4163.png,DNBGAX,SUCCESS,PMJAY,2026-04-20 10:02:36,2026-04-20 10:02:36
4164,captcha_4164.png,DNBGAX,SUCCESS,PMJAY,2026-04-20 10:02:40,2026-04-20 10:02:40
4165,captcha_4165.png,WFC8PK,SUCCESS,PMJAY,2026-04-20 10:03:17,2026-04-20 10:03:17
4166,captcha_4166.png,WAFR3,SUCCESS,PMJAY,2026-04-20 10:03:20,2026-04-20 10:03:20
4167,captcha_4167.png,WFC8PK,SUCCESS,PMJAY,2026-04-20 10:03:23,2026-04-20 10:03:23
4168,captcha_4168.png,WFC8PK,SUCCESS,PMJAY,2026-04-20 10:03:27,2026-04-20 10:03:27
4169,captcha_4169.png,WAFRE3,SUCCESS,PMJAY,2026-04-20 10:03:36,2026-04-20 10:03:36
4170,captcha_4170.png,D2F4RN,SUCCESS,PMJAY,2026-04-20 10:04:17,2026-04-20 10:04:17
4171,captcha_4171.png,NH22H8,SUCCESS,PMJAY,2026-04-20 10:04:42,2026-04-20 10:04:42
4172,captcha_4172.png,NH22H8,SUCCESS,PMJAY,2026-04-20 10:05:17,2026-04-20 10:05:17
4173,captcha_4173.png,RAAA5X,SUCCESS,PMJAY,2026-04-20 10:07:20,2026-04-20 10:07:20
4174,captcha_4174.png,GG756P,SUCCESS,PMJAY,2026-04-20 10:07:29,2026-04-20 10:07:29
4175,captcha_4175.png,WMPPN4,SUCCESS,PMJAY,2026-04-20 10:07:34,2026-04-20 10:07:34
4176,captcha_4176.png,RAAA5X,SUCCESS,PMJAY,2026-04-20 10:07:55,2026-04-20 10:07:55
4177,captcha_4177.png,RAAA5X,SUCCESS,PMJAY,2026-04-20 10:10:50,2026-04-20 10:10:50
4178,captcha_4178.png,RAAA5X,SUCCESS,PMJAY,2026-04-20 10:13:49,2026-04-20 10:13:49
4179,captcha_4179.png,5HXD8E,SUCCESS,PMJAY,2026-04-20 10:15:53,2026-04-20 10:15:53
4180,captcha_4180.png,KHFCKP,SUCCESS,PMJAY,2026-04-20 10:18:53,2026-04-20 10:18:53
4181,captcha_4181.png,XY3GMK,SUCCESS,PMJAY,2026-04-20 10:21:57,2026-04-20 10:21:57
4182,captcha_4182.png,GARY8R,SUCCESS,PMJAY,2026-04-20 10:22:06,2026-04-20 10:22:06
4183,captcha_4183.png,XWCFHE,SUCCESS,PMJAY,2026-04-20 10:27:06,2026-04-20 10:27:06
4184,captcha_4184.png,KXBPR6,SUCCESS,PMJAY,2026-04-20 10:27:33,2026-04-20 10:27:33
4185,captcha_4185.png,KXBPR6,SUCCESS,PMJAY,2026-04-20 10:30:32,2026-04-20 10:30:32
4186,captcha_4186.png,7ENWGM,SUCCESS,PMJAY,2026-04-21 05:04:40,2026-04-21 05:04:40
4187,captcha_4187.png,DPF72B,SUCCESS,PMJAY,2026-04-21 05:04:48,2026-04-21 05:04:48
4188,captcha_4188.png,HXA8BF,SUCCESS,PMJAY,2026-04-21 05:06:04,2026-04-21 05:06:04
4189,captcha_4189.png,ND4YPA,SUCCESS,PMJAY,2026-04-21 05:06:15,2026-04-21 05:06:15
4190,captcha_4190.png,GN784Y,SUCCESS,PMJAY,2026-04-21 05:07:34,2026-04-21 05:07:34
4191,captcha_4191.png,GN784Y,SUCCESS,PMJAY,2026-04-21 05:07:46,2026-04-21 05:07:46
4192,captcha_4192.png,R5PW8K,SUCCESS,PMJAY,2026-04-21 05:08:33,2026-04-21 05:08:33
4193,captcha_4193.png,R5PW8K,SUCCESS,PMJAY,2026-04-21 05:08:45,2026-04-21 05:08:46
4194,captcha_4194.png,GN784Y,SUCCESS,PMJAY,2026-04-21 05:10:35,2026-04-21 05:10:35
4195,captcha_4195.png,R5PW8K,SUCCESS,PMJAY,2026-04-21 05:11:35,2026-04-21 05:11:35
4196,captcha_4196.png,GN784Y,SUCCESS,PMJAY,2026-04-21 05:13:25,2026-04-21 05:13:25
4197,captcha_4197.png,R5PW8K,SUCCESS,PMJAY,2026-04-21 05:14:25,2026-04-21 05:14:25
4198,captcha_4198.png,D27BR5,SUCCESS,PMJAY,2026-04-21 05:15:25,2026-04-21 05:15:25
4199,captcha_4199.png,2XG728,SUCCESS,PMJAY,2026-04-21 05:15:33,2026-04-21 05:15:33
4200,captcha_4200.png,DDC2XP,SUCCESS,PMJAY,2026-04-21 05:16:24,2026-04-21 05:16:24
4201,captcha_4201.png,DDC2XP,SUCCESS,PMJAY,2026-04-21 05:16:31,2026-04-21 05:16:31
4202,captcha_4202.png,HND22M,SUCCESS,PMJAY,2026-04-21 05:16:42,2026-04-21 05:16:42
4203,captcha_4203.png,HND22M,SUCCESS,PMJAY,2026-04-21 05:16:46,2026-04-21 05:16:46
4204,captcha_4204.png,8B55M4,SUCCESS,PMJAY,2026-04-21 05:32:12,2026-04-21 05:32:12
4205,captcha_4205.png,7G2FB6,SUCCESS,PMJAY,2026-04-21 05:34:28,2026-04-21 05:34:28
4206,captcha_4206.png,AKCP2N,SUCCESS,PMJAY,2026-04-21 05:36:37,2026-04-21 05:36:37
4207,captcha_4207.png,32N53C,SUCCESS,PMJAY,2026-04-21 05:38:16,2026-04-21 05:38:16
4208,captcha_4208.png,WKPMWA,SUCCESS,PMJAY,2026-04-21 05:38:28,2026-04-21 05:38:28
4209,captcha_4209.png,77AN6X,SUCCESS,PMJAY,2026-04-21 05:46:53,2026-04-21 05:46:53
4210,captcha_4210.png,XHRHY7,SUCCESS,PMJAY,2026-04-21 05:59:57,2026-04-21 05:59:57
4211,captcha_4211.png,KPNB27,SUCCESS,PMJAY,2026-04-21 06:00:08,2026-04-21 06:00:08
4212,captcha_4212.png,5B24NG,SUCCESS,PMJAY,2026-04-21 06:00:13,2026-04-21 06:00:13
4213,captcha_4213.png,XHRHY7,SUCCESS,PMJAY,2026-04-21 06:00:26,2026-04-21 06:00:26
4214,captcha_4214.png,A6385R,SUCCESS,PMJAY,2026-04-21 06:01:25,2026-04-21 06:01:25
4215,captcha_4215.png,A6385R,SUCCESS,PMJAY,2026-04-21 06:01:30,2026-04-21 06:01:30
4216,captcha_4216.png,PXM2Y5,SUCCESS,PMJAY,2026-04-21 06:01:34,2026-04-21 06:01:34
4217,captcha_4217.png,5FERCH,SUCCESS,PMJAY,2026-04-21 06:02:24,2026-04-21 06:02:24
4218,captcha_4218.png,GYC84R,SUCCESS,PMJAY,2026-04-21 06:02:32,2026-04-21 06:02:32
4219,captcha_4219.png,D2G7DD,SUCCESS,PMJAY,2026-04-21 06:09:04,2026-04-21 06:09:04
4220,captcha_4220.png,NBRDPH,SUCCESS,PMJAY,2026-04-21 06:32:17,2026-04-21 06:32:18
4221,captcha_4221.png,X3XCGN,SUCCESS,PMJAY,2026-04-21 06:40:35,2026-04-21 06:40:35
4222,captcha_4222.png,EKDD68,SUCCESS,PMJAY,2026-04-21 06:42:06,2026-04-21 06:42:06
4223,captcha_4223.png,GPDYE8,SUCCESS,PMJAY,2026-04-21 07:11:41,2026-04-21 07:11:41
4224,captcha_4224.png,5AYKAC,SUCCESS,PMJAY,2026-04-21 07:42:06,2026-04-21 07:42:06
4225,captcha_4225.png,GG2X77,SUCCESS,PMJAY,2026-04-21 07:42:13,2026-04-21 07:42:13
4226,captcha_4226.png,6585EK,SUCCESS,PMJAY,2026-04-21 07:42:26,2026-04-21 07:42:26
4227,captcha_4227.png,27RXD7,SUCCESS,PMJAY,2026-04-21 07:52:51,2026-04-21 07:52:51
4228,captcha_4228.png,27RXD7,SUCCESS,PMJAY,2026-04-21 07:53:06,2026-04-21 07:53:06
4229,captcha_4229.png,CCYBEB,SUCCESS,PMJAY,2026-04-21 07:53:16,2026-04-21 07:53:16
4230,captcha_4230.png,CCYBEB,SUCCESS,PMJAY,2026-04-21 07:56:15,2026-04-21 07:56:15
4231,captcha_4231.png,CCYBEB,SUCCESS,PMJAY,2026-04-21 07:59:04,2026-04-21 07:59:04
4232,captcha_4232.png,KWXFM5,SUCCESS,PMJAY,2026-04-21 07:59:37,2026-04-21 07:59:37
4233,captcha_4233.png,FAG32P,SUCCESS,PMJAY,2026-04-21 08:01:17,2026-04-21 08:01:17
4234,captcha_4234.png,ACBGME,SUCCESS,PMJAY,2026-04-21 08:01:25,2026-04-21 08:01:25
4235,captcha_4235.png,EGX6XC,SUCCESS,PMJAY,2026-04-21 08:01:29,2026-04-21 08:01:29
4236,captcha_4236.png,FAG32P,SUCCESS,PMJAY,2026-04-21 08:01:40,2026-04-21 08:01:41
4237,captcha_4237.png,FAG32P,SUCCESS,PMJAY,2026-04-21 08:04:35,2026-04-21 08:04:36
4238,captcha_4238.png,6EAK2B,SUCCESS,PMJAY,2026-04-21 08:07:03,2026-04-21 08:07:03
4239,captcha_4239.png,FAG32P,SUCCESS,PMJAY,2026-04-21 08:07:30,2026-04-21 08:07:31
4240,captcha_4240.png,MEDHYN,SUCCESS,PMJAY,2026-04-21 08:08:17,2026-04-21 08:08:17
4241,captcha_4241.png,AKPPGW,SUCCESS,PMJAY,2026-04-21 08:09:45,2026-04-21 08:09:45
4242,captcha_4242.png,KFWB68,SUCCESS,PMJAY,2026-04-21 08:12:46,2026-04-21 08:12:46
4243,captcha_4243.png,X23B7F,SUCCESS,PMJAY,2026-04-21 08:12:52,2026-04-21 08:12:52
4244,captcha_4244.png,6EBY53,SUCCESS,PMJAY,2026-04-21 08:12:56,2026-04-21 08:12:56
4245,captcha_4245.png,5E6NB4,SUCCESS,PMJAY,2026-04-21 08:13:00,2026-04-21 08:13:00
4246,captcha_4246.png,NC4AG2,SUCCESS,PMJAY,2026-04-21 08:13:04,2026-04-21 08:13:04
4247,captcha_4247.png,DPNFHB,SUCCESS,PMJAY,2026-04-21 08:13:45,2026-04-21 08:13:45
4248,captcha_4248.png,GXKNC6,SUCCESS,PMJAY,2026-04-21 08:14:11,2026-04-21 08:14:11
4249,captcha_4249.png,CNGPPB,SUCCESS,PMJAY,2026-04-21 08:25:03,2026-04-21 08:25:03
4250,captcha_4250.png,4634AN,SUCCESS,PMJAY,2026-04-21 08:25:15,2026-04-21 08:25:15
4251,captcha_4251.png,G6AAMX,SUCCESS,PMJAY,2026-04-21 08:37:00,2026-04-21 08:37:00
4252,captcha_4252.png,K2XNCB,SUCCESS,PMJAY,2026-04-21 08:38:07,2026-04-21 08:38:07
4253,captcha_4253.png,CFNP25,SUCCESS,PMJAY,2026-04-21 08:38:16,2026-04-21 08:38:16
4254,captcha_4254.png,G6AAMX,SUCCESS,PMJAY,2026-04-21 08:39:54,2026-04-21 08:39:54
4255,captcha_4255.png,7NH5G3,SUCCESS,PMJAY,2026-04-21 08:41:39,2026-04-21 08:41:39
4256,captcha_4256.png,AX52XE,SUCCESS,PMJAY,2026-04-21 08:41:47,2026-04-21 08:41:47
4257,captcha_4257.png,G6AAMX,SUCCESS,PMJAY,2026-04-21 08:42:49,2026-04-21 08:42:49
4258,captcha_4258.png,E4DNAG,SUCCESS,PMJAY,2026-04-21 08:44:59,2026-04-21 08:45:00
4259,captcha_4259.png,CBDK2F,SUCCESS,PMJAY,2026-04-21 08:45:24,2026-04-21 08:45:24
4260,captcha_4260.png,46M5MN,SUCCESS,PMJAY,2026-04-21 08:45:32,2026-04-21 08:45:32
4261,captcha_4261.png,E4DNAG,SUCCESS,PMJAY,2026-04-21 08:48:22,2026-04-21 08:48:22
4262,captcha_4262.png,GK6EBB,SUCCESS,PMJAY,2026-04-21 08:48:59,2026-04-21 08:48:59
4263,captcha_4263.png,W4GYNF,SUCCESS,PMJAY,2026-04-21 08:49:12,2026-04-21 08:49:12
4264,captcha_4264.png,E4DNAG,SUCCESS,PMJAY,2026-04-21 08:51:21,2026-04-21 08:51:21
4265,captcha_4265.png,E4DNAG,SUCCESS,PMJAY,2026-04-21 08:51:56,2026-04-21 08:51:57
4266,captcha_4266.png,E4DNAG,SUCCESS,PMJAY,2026-04-21 08:52:01,2026-04-21 08:52:01
4267,captcha_4267.png,PHBFKG,SUCCESS,PMJAY,2026-04-21 08:52:51,2026-04-21 08:52:51
4268,captcha_4268.png,F6YM3E,SUCCESS,PMJAY,2026-04-21 08:52:59,2026-04-21 08:53:00
4269,captcha_4269.png,CAEH8M,SUCCESS,PMJAY,2026-04-21 08:53:26,2026-04-21 08:53:26
4270,captcha_4270.png,YX4AGG,SUCCESS,PMJAY,2026-04-21 08:56:05,2026-04-21 08:56:05
4271,captcha_4271.png,2G8KP3,SUCCESS,PMJAY,2026-04-21 08:56:13,2026-04-21 08:56:13
4272,captcha_4272.png,CAEH8M,SUCCESS,PMJAY,2026-04-21 08:56:21,2026-04-21 08:56:21
4273,captcha_4273.png,CAEH8M,SUCCESS,PMJAY,2026-04-21 08:57:59,2026-04-21 08:57:59
4274,captcha_4274.png,CAEH8M,SUCCESS,PMJAY,2026-04-21 08:58:04,2026-04-21 08:58:04
4275,captcha_4275.png,R5DPYP,SUCCESS,PMJAY,2026-04-21 08:59:03,2026-04-21 08:59:03
4276,captcha_4276.png,AHNEY8,SUCCESS,PMJAY,2026-04-21 08:59:14,2026-04-21 08:59:14
4277,captcha_4277.png,HHABPX,SUCCESS,PMJAY,2026-04-21 08:59:20,2026-04-21 08:59:20
4278,captcha_4278.png,7RNNYB,SUCCESS,PMJAY,2026-04-21 08:59:26,2026-04-21 08:59:26
4279,captcha_4279.png,FDW545,SUCCESS,PMJAY,2026-04-21 08:59:30,2026-04-21 08:59:30
4280,captcha_4280.png,P65XNP,SUCCESS,PMJAY,2026-04-21 09:01:28,2026-04-21 09:01:28
4281,captcha_4281.png,3W32A7,SUCCESS,PMJAY,2026-04-21 09:02:40,2026-04-21 09:02:41
4282,captcha_4282.png,3557YY,SUCCESS,PMJAY,2026-04-21 09:02:49,2026-04-21 09:02:49
4283,captcha_4283.png,3W32A7,SUCCESS,PMJAY,2026-04-21 09:03:01,2026-04-21 09:03:01
4284,captcha_4284.png,ACBW5B,SUCCESS,PMJAY,2026-04-21 09:03:05,2026-04-21 09:03:05
4285,captcha_4285.png,N3KB4W,SUCCESS,PMJAY,2026-04-21 09:03:14,2026-04-21 09:03:14
4286,captcha_4286.png,P65XNP,SUCCESS,PMJAY,2026-04-21 09:04:26,2026-04-21 09:04:27
4287,captcha_4287.png,3W32A7,SUCCESS,PMJAY,2026-04-21 09:05:56,2026-04-21 09:05:56
4288,captcha_4288.png,7B3FWY,SUCCESS,PMJAY,2026-04-21 09:06:49,2026-04-21 09:06:50
4289,captcha_4289.png,F653R6,SUCCESS,PMJAY,2026-04-21 09:06:57,2026-04-21 09:06:57
4290,captcha_4290.png,P65XNP,SUCCESS,PMJAY,2026-04-21 09:07:21,2026-04-21 09:07:21
4291,captcha_4291.png,3W32A7,SUCCESS,PMJAY,2026-04-21 09:08:46,2026-04-21 09:08:46
4292,captcha_4292.png,B225HA,SUCCESS,PMJAY,2026-04-21 09:09:30,2026-04-21 09:09:30
4293,captcha_4293.png,HW7AM7,SUCCESS,PMJAY,2026-04-21 09:10:00,2026-04-21 09:10:00
4294,captcha_4294.png,7FBWHX,SUCCESS,PMJAY,2026-04-21 09:10:08,2026-04-21 09:10:08
4295,captcha_4295.png,8KR25W,SUCCESS,PMJAY,2026-04-21 09:10:58,2026-04-21 09:10:59
4296,captcha_4296.png,5CGARD,SUCCESS,PMJAY,2026-04-21 09:11:07,2026-04-21 09:11:07
4297,captcha_4297.png,B225HA,SUCCESS,PMJAY,2026-04-21 09:12:29,2026-04-21 09:12:29
4298,captcha_4298.png,CMNWBK,SUCCESS,PMJAY,2026-04-21 09:13:25,2026-04-21 09:13:25
4299,captcha_4299.png,FGCHHG,SUCCESS,PMJAY,2026-04-21 09:13:34,2026-04-21 09:13:34
4300,captcha_4300.png,DK43DX,SUCCESS,PMJAY,2026-04-21 09:14:18,2026-04-21 09:14:18
4301,captcha_4301.png,B225HA,SUCCESS,PMJAY,2026-04-21 09:15:24,2026-04-21 09:15:24
4302,captcha_4302.png,8NGAKM,SUCCESS,PMJAY,2026-04-21 09:17:03,2026-04-21 09:17:03
4303,captcha_4303.png,RPX66H,SUCCESS,PMJAY,2026-04-21 09:17:12,2026-04-21 09:17:12
4304,captcha_4304.png,KH4WEB,SUCCESS,PMJAY,2026-04-21 09:17:28,2026-04-21 09:17:28
4305,captcha_4305.png,355G48,SUCCESS,PMJAY,2026-04-21 09:20:14,2026-04-21 09:20:14
4306,captcha_4306.png,KH4WEB,SUCCESS,PMJAY,2026-04-21 09:20:22,2026-04-21 09:20:22
4307,captcha_4307.png,CNW858,SUCCESS,PMJAY,2026-04-21 09:20:26,2026-04-21 09:20:26
4308,captcha_4308.png,KH4WEB,SUCCESS,PMJAY,2026-04-21 09:23:17,2026-04-21 09:23:18
4309,captcha_4309.png,XP5C7C,SUCCESS,PMJAY,2026-04-21 09:23:41,2026-04-21 09:23:41
4310,captcha_4310.png,YM24Y5,SUCCESS,PMJAY,2026-04-21 09:23:49,2026-04-21 09:23:49
4311,captcha_4311.png,ED4X6G,SUCCESS,PMJAY,2026-04-21 09:25:24,2026-04-21 09:25:24
4312,captcha_4312.png,Y3GHDN,SUCCESS,PMJAY,2026-04-21 09:26:58,2026-04-21 09:26:58
4313,captcha_4313.png,664G4M,SUCCESS,PMJAY,2026-04-21 09:27:06,2026-04-21 09:27:06
4314,captcha_4314.png,ED4X6G,SUCCESS,PMJAY,2026-04-21 09:28:23,2026-04-21 09:28:23
4315,captcha_4315.png,8E68NH,SUCCESS,PMJAY,2026-04-21 09:30:20,2026-04-21 09:30:20
4316,captcha_4316.png,HC22FH,SUCCESS,PMJAY,2026-04-21 09:30:28,2026-04-21 09:30:28
4317,captcha_4317.png,ED4X6G,SUCCESS,PMJAY,2026-04-21 09:31:18,2026-04-21 09:31:18
4318,captcha_4318.png,XGGHYW,SUCCESS,PMJAY,2026-04-21 09:33:25,2026-04-21 09:33:25
4319,captcha_4319.png,28274P,SUCCESS,PMJAY,2026-04-21 09:33:42,2026-04-21 09:33:42
4320,captcha_4320.png,6E2DC4,SUCCESS,PMJAY,2026-04-21 09:33:50,2026-04-21 09:33:50
4321,captcha_4321.png,XGGHYW,SUCCESS,PMJAY,2026-04-21 09:36:34,2026-04-21 09:36:34
4322,captcha_4322.png,WY5BF4,SUCCESS,PMJAY,2026-04-21 09:37:22,2026-04-21 09:37:22
4323,captcha_4323.png,RPHA23,SUCCESS,PMJAY,2026-04-21 09:37:30,2026-04-21 09:37:30
4324,captcha_4324.png,7PENNE,SUCCESS,PMJAY,2026-04-21 09:37:34,2026-04-21 09:37:34
4325,captcha_4325.png,WY5BF4,SUCCESS,PMJAY,2026-04-21 09:37:47,2026-04-21 09:37:47
4326,captcha_4326.png,XGGHYW,SUCCESS,PMJAY,2026-04-21 09:40:35,2026-04-21 09:40:35
4327,captcha_4327.png,64N47G,SUCCESS,PMJAY,2026-04-21 09:41:39,2026-04-21 09:41:39
4328,captcha_4328.png,WY5BF4,SUCCESS,PMJAY,2026-04-21 09:41:48,2026-04-21 09:41:48
4329,captcha_4329.png,DG4E52,SUCCESS,PMJAY,2026-04-21 09:41:52,2026-04-21 09:41:52
4330,captcha_4330.png,R8MHEN,SUCCESS,PMJAY,2026-04-21 09:42:07,2026-04-21 09:42:07
4331,captcha_4331.png,WY5BF4,SUCCESS,PMJAY,2026-04-21 09:44:06,2026-04-21 09:44:06
4332,captcha_4332.png,WY5BF4,SUCCESS,PMJAY,2026-04-21 09:44:52,2026-04-21 09:44:52
4333,captcha_4333.png,6MFB3R,SUCCESS,PMJAY,2026-04-21 09:45:29,2026-04-21 09:45:29
4334,captcha_4334.png,2GDNFH,SUCCESS,PMJAY,2026-04-21 09:45:37,2026-04-21 09:45:37
4335,captcha_4335.png,6MFB3R,SUCCESS,PMJAY,2026-04-21 09:45:49,2026-04-21 09:45:49
4336,captcha_4336.png,KDNCYP,SUCCESS,PMJAY,2026-04-21 09:46:51,2026-04-21 09:46:51
4337,captcha_4337.png,RGPH25,SUCCESS,PMJAY,2026-04-21 09:47:00,2026-04-21 09:47:00
4338,captcha_4338.png,6MFB3R,SUCCESS,PMJAY,2026-04-21 09:47:12,2026-04-21 09:47:12
4339,captcha_4339.png,KDNCYP,SUCCESS,PMJAY,2026-04-21 09:47:16,2026-04-21 09:47:16
4340,captcha_4340.png,KDNCYP,SUCCESS,PMJAY,2026-04-21 09:47:44,2026-04-21 09:47:44
4341,captcha_4341.png,KDNCYP,SUCCESS,PMJAY,2026-04-21 09:48:08,2026-04-21 09:48:08
4342,captcha_4342.png,7FAWMP,SUCCESS,PMJAY,2026-04-21 09:48:12,2026-04-21 09:48:13
4343,captcha_4343.png,D6PHA6,SUCCESS,PMJAY,2026-04-21 09:48:18,2026-04-21 09:48:18
4344,captcha_4344.png,RGPH25,SUCCESS,PMJAY,2026-04-21 09:48:23,2026-04-21 09:48:23
4345,captcha_4345.png,P3G8YF,SUCCESS,PMJAY,2026-04-21 09:48:27,2026-04-21 09:48:27
4346,captcha_4346.png,D6PHA6,SUCCESS,PMJAY,2026-04-21 09:49:09,2026-04-21 09:49:09
4347,captcha_4347.png,RPK84R,SUCCESS,PMJAY,2026-04-21 09:49:13,2026-04-21 09:49:13
4348,captcha_4348.png,RPK84R,SUCCESS,PMJAY,2026-04-21 09:49:16,2026-04-21 09:49:17
4349,captcha_4349.png,PH3H33,SUCCESS,PMJAY,2026-04-21 09:49:21,2026-04-21 09:49:21
4350,captcha_4350.png,PH3H33,SUCCESS,PMJAY,2026-04-21 09:49:24,2026-04-21 09:49:24
4351,captcha_4351.png,P3G8YF,SUCCESS,PMJAY,2026-04-21 09:50:10,2026-04-21 09:50:10
4352,captcha_4352.png,BEGFHP,SUCCESS,PMJAY,2026-04-21 09:50:14,2026-04-21 09:50:14
4353,captcha_4353.png,BEGFHP,SUCCESS,PMJAY,2026-04-21 09:50:18,2026-04-21 09:50:18
4354,captcha_4354.png,D6PHA6,SUCCESS,PMJAY,2026-04-21 09:50:22,2026-04-21 09:50:22
4355,captcha_4355.png,PH3H33,SUCCESS,PMJAY,2026-04-21 09:50:27,2026-04-21 09:50:27
4356,captcha_4356.png,PH3H33,SUCCESS,PMJAY,2026-04-21 09:51:15,2026-04-21 09:51:15
4357,captcha_4357.png,2R45AF,SUCCESS,PMJAY,2026-04-21 09:51:31,2026-04-21 09:51:32
4358,captcha_4358.png,5WFYCE,SUCCESS,PMJAY,2026-04-21 09:51:40,2026-04-21 09:51:40
4359,captcha_4359.png,2R45AF,SUCCESS,PMJAY,2026-04-21 09:51:52,2026-04-21 09:51:52
4360,captcha_4360.png,D6PHA6,SUCCESS,PMJAY,2026-04-21 09:53:20,2026-04-21 09:53:20
4361,captcha_4361.png,2R45AF,SUCCESS,PMJAY,2026-04-21 09:54:52,2026-04-21 09:54:52
4362,captcha_4362.png,PNGAB6,SUCCESS,PMJAY,2026-04-21 09:55:27,2026-04-21 09:55:27
4363,captcha_4363.png,D6PHA6,SUCCESS,PMJAY,2026-04-21 09:56:20,2026-04-21 09:56:20
4364,captcha_4364.png,2R45AF,SUCCESS,PMJAY,2026-04-21 09:57:51,2026-04-21 09:57:51
4365,captcha_4365.png,HC3W76,SUCCESS,PMJAY,2026-04-21 09:58:21,2026-04-21 09:58:21
4366,captcha_4366.png,PNGAB6,SUCCESS,PMJAY,2026-04-21 09:58:36,2026-04-21 09:58:36
4367,captcha_4367.png,NE6PP7,SUCCESS,PMJAY,2026-04-21 09:59:32,2026-04-21 09:59:32
4368,captcha_4368.png,NE6PP7,SUCCESS,PMJAY,2026-04-21 09:59:36,2026-04-21 09:59:36
4369,captcha_4369.png,B5RWMD,SUCCESS,PMJAY,2026-04-21 09:59:40,2026-04-21 09:59:40
4370,captcha_4370.png,MC64YX,SUCCESS,PMJAY,2026-04-21 09:59:44,2026-04-21 09:59:44
4371,captcha_4371.png,XA6YEW,SUCCESS,PMJAY,2026-04-21 09:59:49,2026-04-21 09:59:49
4372,captcha_4372.png,DA32D3,SUCCESS,PMJAY,2026-04-21 10:00:32,2026-04-21 10:00:32
4373,captcha_4373.png,DA32D3,SUCCESS,PMJAY,2026-04-21 10:00:36,2026-04-21 10:00:36
4374,captcha_4374.png,PNGAB6,SUCCESS,PMJAY,2026-04-21 10:00:39,2026-04-21 10:00:39
4375,captcha_4375.png,MGRD3M,SUCCESS,PMJAY,2026-04-21 10:00:44,2026-04-21 10:00:44
4376,captcha_4376.png,MGRD3M,SUCCESS,PMJAY,2026-04-21 10:00:49,2026-04-21 10:00:49
4377,captcha_4377.png,8RDMK5,SUCCESS,PMJAY,2026-04-21 10:01:32,2026-04-21 10:01:32
4378,captcha_4378.png,DA32D3,SUCCESS,PMJAY,2026-04-21 10:01:37,2026-04-21 10:01:37
4379,captcha_4379.png,AW45R6,SUCCESS,PMJAY,2026-04-21 10:01:40,2026-04-21 10:01:40
4380,captcha_4380.png,PNGAB6,SUCCESS,PMJAY,2026-04-21 10:01:44,2026-04-21 10:01:44
4381,captcha_4381.png,8MEN5A,SUCCESS,PMJAY,2026-04-21 10:01:48,2026-04-21 10:01:48
4382,captcha_4382.png,435HDK,SUCCESS,PMJAY,2026-04-21 10:02:56,2026-04-21 10:02:56
4383,captcha_4383.png,H4YBHK,SUCCESS,PMJAY,2026-04-21 10:03:37,2026-04-21 10:03:37
4384,captcha_4384.png,W67A54,SUCCESS,PMJAY,2026-04-21 10:06:02,2026-04-21 10:06:03
4385,captcha_4385.png,BK6RGG,SUCCESS,PMJAY,2026-04-21 10:06:36,2026-04-21 10:06:36
4386,captcha_4386.png,E4HK66,SUCCESS,PMJAY,2026-04-21 10:09:13,2026-04-21 10:09:13
4387,captcha_4387.png,K66DX7,SUCCESS,PMJAY,2026-04-21 10:09:55,2026-04-21 10:09:55
4388,captcha_4388.png,K66DX7,SUCCESS,PMJAY,2026-04-21 10:10:03,2026-04-21 10:10:03
4389,captcha_4389.png,8N26K3,SUCCESS,PMJAY,2026-04-21 10:10:11,2026-04-21 10:10:11
4390,captcha_4390.png,3F85Y2,SUCCESS,PMJAY,2026-04-21 10:10:16,2026-04-21 10:10:16
4391,captcha_4391.png,BMDA5W,SUCCESS,PMJAY,2026-04-21 10:10:24,2026-04-21 10:10:24
4392,captcha_4392.png,3WRDB2,SUCCESS,PMJAY,2026-04-21 10:11:03,2026-04-21 10:11:03
4393,captcha_4393.png,3WRDB2,SUCCESS,PMJAY,2026-04-21 10:11:07,2026-04-21 10:11:07
4394,captcha_4394.png,3WRDB2,SUCCESS,PMJAY,2026-04-21 10:12:23,2026-04-21 10:12:23
4395,captcha_4395.png,Y767G2,SUCCESS,PMJAY,2026-04-21 10:13:24,2026-04-21 10:13:24
4396,captcha_4396.png,AXBGoA,SUCCESS,PMJAY,2026-04-21 10:13:32,2026-04-21 10:13:32
4397,captcha_4397.png,GRGWNX,SUCCESS,PMJAY,2026-04-21 10:13:37,2026-04-21 10:13:37
4398,captcha_4398.png,Y767G2,SUCCESS,PMJAY,2026-04-21 10:13:48,2026-04-21 10:13:48
4399,captcha_4399.png,Y767G2,SUCCESS,PMJAY,2026-04-21 10:13:52,2026-04-21 10:13:52
4400,captcha_4400.png,Y767G2,SUCCESS,PMJAY,2026-04-21 10:14:24,2026-04-21 10:14:24
4401,captcha_4401.png,3WRDB2,SUCCESS,PMJAY,2026-04-21 10:14:28,2026-04-21 10:14:28
4402,captcha_4402.png,MGHBAW,SUCCESS,PMJAY,2026-04-21 10:14:31,2026-04-21 10:14:31
4403,captcha_4403.png,MGHBAW,SUCCESS,PMJAY,2026-04-21 10:14:35,2026-04-21 10:14:35
4404,captcha_4404.png,PNAXEM,SUCCESS,PMJAY,2026-04-21 10:14:39,2026-04-21 10:14:39
4405,captcha_4405.png,NY4NGC,SUCCESS,PMJAY,2026-04-21 10:15:24,2026-04-21 10:15:24
4406,captcha_4406.png,3WRDB2,SUCCESS,PMJAY,2026-04-21 10:17:47,2026-04-21 10:17:47
4407,captcha_4407.png,NE8B3N,SUCCESS,PMJAY,2026-04-21 10:18:46,2026-04-21 10:18:46
4408,captcha_4408.png,W3P8GK,SUCCESS,PMJAY,2026-04-21 10:18:59,2026-04-21 10:18:59
4409,captcha_4409.png,K8DPPH,SUCCESS,PMJAY,2026-04-21 10:19:07,2026-04-21 10:19:07
4410,captcha_4410.png,HBW2EN,SUCCESS,PMJAY,2026-04-21 10:19:10,2026-04-21 10:19:10
4411,captcha_4411.png,W3P8GK,SUCCESS,PMJAY,2026-04-21 10:19:22,2026-04-21 10:19:23
4412,captcha_4412.png,XBHFG,SUCCESS,PMJAY,2026-04-21 10:21:56,2026-04-21 10:21:57
4413,captcha_4413.png,W3P8GK,SUCCESS,PMJAY,2026-04-21 10:22:17,2026-04-21 10:22:17
4414,captcha_4414.png,XBH7FG,SUCCESS,PMJAY,2026-04-21 10:24:56,2026-04-21 10:24:56
4415,captcha_4415.png,88CDDN,SUCCESS,PMJAY,2026-04-21 10:25:04,2026-04-21 10:25:04
4416,captcha_4416.png,W3P8GK,SUCCESS,PMJAY,2026-04-21 10:25:12,2026-04-21 10:25:12
4417,captcha_4417.png,CWF2B5,SUCCESS,PMJAY,2026-04-21 10:27:17,2026-04-21 10:27:17
4418,captcha_4418.png,E8DM6N,SUCCESS,PMJAY,2026-04-21 10:27:25,2026-04-21 10:27:25
4419,captcha_4419.png,CWF2B5,SUCCESS,PMJAY,2026-04-21 10:27:36,2026-04-21 10:27:36
4420,captcha_4420.png,AAB767,SUCCESS,PMJAY,2026-04-21 10:27:49,2026-04-21 10:27:49
4421,captcha_4421.png,WEMCCW,SUCCESS,PMJAY,2026-04-21 10:27:57,2026-04-21 10:27:57
4422,captcha_4422.png,CWF2B5,SUCCESS,PMJAY,2026-04-21 10:28:32,2026-04-21 10:28:32
4423,captcha_4423.png,CWF2B5,SUCCESS,PMJAY,2026-04-21 10:30:31,2026-04-21 10:30:31
4424,captcha_4424.png,CWF2B5,SUCCESS,PMJAY,2026-04-21 10:32:45,2026-04-21 10:32:45
4425,captcha_4425.png,AR28WP,SUCCESS,PMJAY,2026-04-21 10:32:58,2026-04-21 10:32:58
4426,captcha_4426.png,5RRXR,SUCCESS,PMJAY,2026-04-21 10:33:05,2026-04-21 10:33:05
4427,captcha_4427.png,AR28WP,SUCCESS,PMJAY,2026-04-21 10:33:31,2026-04-21 10:33:31
4428,captcha_4428.png,B8WAYF,SUCCESS,PMJAY,2026-04-21 10:34:07,2026-04-21 10:34:07
4429,captcha_4429.png,B8WAYF,SUCCESS,PMJAY,2026-04-21 10:34:15,2026-04-21 10:34:15
4430,captcha_4430.png,KHHGYX,SUCCESS,PMJAY,2026-04-21 10:34:18,2026-04-21 10:34:18
4431,captcha_4431.png,B8WAYF,SUCCESS,PMJAY,2026-04-21 10:34:32,2026-04-21 10:34:32
4432,captcha_4432.png,BNKM73,SUCCESS,PMJAY,2026-04-21 10:35:09,2026-04-21 10:35:09
4433,captcha_4433.png,C7NWF2,SUCCESS,PMJAY,2026-04-21 10:36:28,2026-04-21 10:36:28
4434,captcha_4434.png,A45M6N,SUCCESS,PMJAY,2026-04-21 10:36:32,2026-04-21 10:36:32
4435,captcha_4435.png,PD6PGH,SUCCESS,PMJAY,2026-04-21 10:36:37,2026-04-21 10:36:37
4436,captcha_4436.png,BG7P6Y,SUCCESS,PMJAY,2026-04-21 10:36:45,2026-04-21 10:36:45
4437,captcha_4437.png,C7NWF2,SUCCESS,PMJAY,2026-04-21 10:39:22,2026-04-21 10:39:22
4438,captcha_4438.png,KB5XRX,SUCCESS,PMJAY,2026-04-21 10:39:35,2026-04-21 10:39:35
4439,captcha_4439.png,B2E58R,SUCCESS,PMJAY,2026-04-21 10:39:46,2026-04-21 10:39:46
4440,captcha_4440.png,H5WXCH,SUCCESS,PMJAY,2026-04-21 10:39:51,2026-04-21 10:39:51
4441,captcha_4441.png,5HMFk2,SUCCESS,PMJAY,2026-04-21 10:39:59,2026-04-21 10:39:59
4442,captcha_4442.png,6P34F5,SUCCESS,PMJAY,2026-04-21 10:40:22,2026-04-21 10:40:22
4443,captcha_4443.png,H5WXCH,SUCCESS,PMJAY,2026-04-21 10:40:32,2026-04-21 10:40:32
4444,captcha_4444.png,C7NWF2,SUCCESS,PMJAY,2026-04-21 10:42:12,2026-04-21 10:42:12
4445,captcha_4445.png,H5WXCH,SUCCESS,PMJAY,2026-04-21 10:43:27,2026-04-21 10:43:27
4446,captcha_4446.png,GG3H48,SUCCESS,PMJAY,2026-04-21 10:44:22,2026-04-21 10:44:22
4447,captcha_4447.png,H5WXCH,SUCCESS,PMJAY,2026-04-21 10:46:33,2026-04-21 10:46:33
4448,captcha_4448.png,GG3H48,SUCCESS,PMJAY,2026-04-21 10:47:21,2026-04-21 10:47:21
4449,captcha_4449.png,CBP57P,SUCCESS,PMJAY,2026-04-21 10:48:28,2026-04-21 10:48:28
4450,captcha_4450.png,GG3H48,SUCCESS,PMJAY,2026-04-21 10:50:31,2026-04-21 10:50:31
4451,captcha_4451.png,74KM8Y,SUCCESS,PMJAY,2026-04-21 10:51:43,2026-04-21 10:51:43
4452,captcha_4452.png,E57DMF,SUCCESS,PMJAY,2026-04-21 10:51:51,2026-04-21 10:51:51
4453,captcha_4453.png,X6XA67,SUCCESS,PMJAY,2026-04-21 10:52:22,2026-04-21 10:52:22
4454,captcha_4454.png,8WCGEX,SUCCESS,PMJAY,2026-04-21 10:54:47,2026-04-21 10:54:47
4455,captcha_4455.png,BDCEG7,SUCCESS,PMJAY,2026-04-21 10:54:56,2026-04-21 10:54:56
4456,captcha_4456.png,X6XA67,SUCCESS,PMJAY,2026-04-21 10:55:16,2026-04-21 10:55:16
4457,captcha_4457.png,F788G6,SUCCESS,PMJAY,2026-04-21 10:58:00,2026-04-21 10:58:00
4458,captcha_4458.png,66GRNW,SUCCESS,PMJAY,2026-04-21 10:58:08,2026-04-21 10:58:08
4459,captcha_4459.png,X6XA67,SUCCESS,PMJAY,2026-04-21 10:58:36,2026-04-21 10:58:36
4460,captcha_4460.png,YMFGPF,SUCCESS,PMJAY,2026-04-21 11:00:17,2026-04-21 11:00:17
4461,captcha_4461.png,8P532M,SUCCESS,PMJAY,2026-04-21 11:03:00,2026-04-21 11:03:00
4462,captcha_4462.png,8G68G5,SUCCESS,PMJAY,2026-04-21 11:03:08,2026-04-21 11:03:09
4463,captcha_4463.png,YMFGPF,SUCCESS,PMJAY,2026-04-21 11:03:30,2026-04-21 11:03:31
4464,captcha_4464.png,D27BAB,SUCCESS,PMJAY,2026-04-21 11:03:53,2026-04-21 11:03:53
4465,captcha_4465.png,FFY76P,SUCCESS,PMJAY,2026-04-21 11:04:01,2026-04-21 11:04:01
4466,captcha_4466.png,YMFGPF,SUCCESS,PMJAY,2026-04-21 11:06:31,2026-04-21 11:06:31
4467,captcha_4467.png,XR3X8D,SUCCESS,PMJAY,2026-04-21 11:07:36,2026-04-21 11:07:36
4468,captcha_4468.png,G3RY54,SUCCESS,PMJAY,2026-04-21 11:07:44,2026-04-21 11:07:44
4469,captcha_4469.png,FFEXF7,SUCCESS,PMJAY,2026-04-21 11:08:31,2026-04-21 11:08:31
4470,captcha_4470.png,Y8WHDK,SUCCESS,PMJAY,2026-04-21 11:10:19,2026-04-21 11:10:19
4471,captcha_4471.png,FFEXF7,SUCCESS,PMJAY,2026-04-21 11:11:30,2026-04-21 11:11:30
4472,captcha_4472.png,FFEXF7,SUCCESS,PMJAY,2026-04-21 11:14:35,2026-04-21 11:14:35
4473,captcha_4473.png,A68MF8,SUCCESS,PMJAY,2026-04-21 11:16:30,2026-04-21 11:16:30
4474,captcha_4474.png,A68MF8,SUCCESS,PMJAY,2026-04-21 11:19:39,2026-04-21 11:19:39
4475,captcha_4475.png,A68MF8,SUCCESS,PMJAY,2026-04-21 11:22:45,2026-04-21 11:22:45
4476,captcha_4476.png,MH4WRR,SUCCESS,PMJAY,2026-04-21 11:24:40,2026-04-21 11:24:40
4477,captcha_4477.png,MH4WRR,SUCCESS,PMJAY,2026-04-21 11:27:39,2026-04-21 11:27:39
4478,captcha_4478.png,MH4WRR,SUCCESS,PMJAY,2026-04-21 11:31:29,2026-04-21 11:31:29
4479,captcha_4479.png,RFKPGF,SUCCESS,PMJAY,2026-04-21 11:32:37,2026-04-21 11:32:37
4480,captcha_4480.png,CYPW8D,SUCCESS,PMJAY,2026-04-21 11:32:41,2026-04-21 11:32:41
4481,captcha_4481.png,3MXDGR,SUCCESS,PMJAY,2026-04-21 11:33:21,2026-04-21 11:33:21
4482,captcha_4482.png,CYPW8D,SUCCESS,PMJAY,2026-04-21 11:35:56,2026-04-21 11:35:56
4483,captcha_4483.png,CYPW8D,SUCCESS,PMJAY,2026-04-21 11:39:01,2026-04-21 11:39:01
4484,captcha_4484.png,CYPW8D,SUCCESS,PMJAY,2026-04-21 11:39:22,2026-04-21 11:39:22
4485,captcha_4485.png,H72BRY,SUCCESS,PMJAY,2026-04-21 11:58:56,2026-04-21 11:58:56
4486,captcha_4486.png,2NDCFF,SUCCESS,PMJAY,2026-04-21 11:59:07,2026-04-21 11:59:07
4487,captcha_4487.png,H72BRY,SUCCESS,PMJAY,2026-04-21 11:59:11,2026-04-21 11:59:11
4488,captcha_4488.png,AXRW4H,SUCCESS,PMJAY,2026-04-21 11:59:47,2026-04-21 11:59:47
4489,captcha_4489.png,AXRW4H,SUCCESS,PMJAY,2026-04-21 11:59:55,2026-04-21 11:59:55
4490,captcha_4490.png,7PP4RG,SUCCESS,PMJAY,2026-04-21 11:59:58,2026-04-21 11:59:58
4491,captcha_4491.png,EGDNY8,SUCCESS,PMJAY,2026-04-21 12:13:47,2026-04-21 12:13:47
4492,captcha_4492.png,N7X6YK,SUCCESS,PMJAY,2026-04-21 12:13:56,2026-04-21 12:13:56
4493,captcha_4493.png,8AD78R,SUCCESS,PMJAY,2026-04-21 12:14:10,2026-04-21 12:14:10
4494,captcha_4494.png,8AD78R,SUCCESS,PMJAY,2026-04-21 12:17:06,2026-04-21 12:17:06
4495,captcha_4495.png,8AD78R,SUCCESS,PMJAY,2026-04-21 12:20:01,2026-04-21 12:20:01
4496,captcha_4496.png,H5FYMC,SUCCESS,PMJAY,2026-04-21 12:22:06,2026-04-21 12:22:06
4497,captcha_4497.png,H5FYMC,SUCCESS,PMJAY,2026-04-21 12:25:01,2026-04-21 12:25:01
4498,captcha_4498.png,H5FYMC,SUCCESS,PMJAY,2026-04-21 12:27:56,2026-04-21 12:27:56
4499,captcha_4499.png,A2PR3E,SUCCESS,PMJAY,2026-04-21 12:30:05,2026-04-21 12:30:05
4500,captcha_4500.png,A2PR3E,SUCCESS,PMJAY,2026-04-21 12:33:06,2026-04-21 12:33:06
4501,captcha_4501.png,A2PR3E,SUCCESS,PMJAY,2026-04-21 12:36:07,2026-04-21 12:36:07
4502,captcha_4502.png,E7NRKF,SUCCESS,PMJAY,2026-04-21 12:38:08,2026-04-21 12:38:08
4503,captcha_4503.png,E7NRKF,SUCCESS,PMJAY,2026-04-21 12:41:03,2026-04-21 12:41:03
4504,captcha_4504.png,E7NRKF,SUCCESS,PMJAY,2026-04-21 12:43:58,2026-04-21 12:43:58
4505,captcha_4505.png,E7NRKF,SUCCESS,PMJAY,2026-04-21 12:45:50,2026-04-21 12:45:50
4506,captcha_4506.png,XRGFWN,SUCCESS,PMJAY,2026-04-21 12:46:04,2026-04-21 12:46:04
4507,captcha_4507.png,N62YEP,SUCCESS,PMJAY,2026-04-21 12:46:09,2026-04-21 12:46:09
4508,captcha_4508.png,N62YEP,SUCCESS,PMJAY,2026-04-21 12:47:10,2026-04-21 12:47:10
4509,captcha_4509.png,N62YEP,SUCCESS,PMJAY,2026-04-21 12:49:08,2026-04-21 12:49:08
4510,captcha_4510.png,N62YEP,SUCCESS,PMJAY,2026-04-21 12:52:04,2026-04-21 12:52:04
4511,captcha_4511.png,CG3373,SUCCESS,PMJAY,2026-04-21 12:54:10,2026-04-21 12:54:10
4512,captcha_4512.png,MH64N7,SUCCESS,PMJAY,2026-04-22 05:03:27,2026-04-22 05:03:27
4513,captcha_4513.png,MH64N7,SUCCESS,PMJAY,2026-04-22 05:03:49,2026-04-22 05:03:49
4514,captcha_4514.png,PX8HY3,SUCCESS,PMJAY,2026-04-22 05:03:57,2026-04-22 05:03:57
4515,captcha_4515.png,8P3A7X,SUCCESS,PMJAY,2026-04-22 05:04:42,2026-04-22 05:04:42
4516,captcha_4516.png,8P3A7X,SUCCESS,PMJAY,2026-04-22 05:04:51,2026-04-22 05:04:51
4517,captcha_4517.png,PX8HY3,SUCCESS,PMJAY,2026-04-22 05:06:56,2026-04-22 05:06:56
4518,captcha_4518.png,8P3A7X,SUCCESS,PMJAY,2026-04-22 05:07:46,2026-04-22 05:07:46
4519,captcha_4519.png,PX8HY3,SUCCESS,PMJAY,2026-04-22 05:09:50,2026-04-22 05:09:50
4520,captcha_4520.png,8P3A7X,SUCCESS,PMJAY,2026-04-22 05:10:41,2026-04-22 05:10:41
4521,captcha_4521.png,5777BG,SUCCESS,PMJAY,2026-04-22 05:11:55,2026-04-22 05:11:55
4522,captcha_4522.png,GABF8W,SUCCESS,PMJAY,2026-04-22 05:12:03,2026-04-22 05:12:03
4523,captcha_4523.png,MKFY6E,SUCCESS,PMJAY,2026-04-22 05:12:37,2026-04-22 05:12:37
4524,captcha_4524.png,MG3Y58,SUCCESS,PMJAY,2026-04-22 05:12:49,2026-04-22 05:12:49
4525,captcha_4525.png,PH4YCP,SUCCESS,PMJAY,2026-04-22 06:04:11,2026-04-22 06:04:11
4526,captcha_4526.png,PH4YCP,SUCCESS,PMJAY,2026-04-22 06:04:17,2026-04-22 06:04:17
4527,captcha_4527.png,G8PPC2,SUCCESS,PMJAY,2026-04-22 06:04:21,2026-04-22 06:04:21
4528,captcha_4528.png,XFE648,SUCCESS,PMJAY,2026-04-22 06:06:29,2026-04-22 06:06:29
4529,captcha_4529.png,H2M3E4,SUCCESS,PMJAY,2026-04-22 06:06:37,2026-04-22 06:06:37
4530,captcha_4530.png,4GMHNC,SUCCESS,PMJAY,2026-04-22 06:39:17,2026-04-22 06:39:17
4531,captcha_4531.png,RW3E24,SUCCESS,PMJAY,2026-04-22 06:39:29,2026-04-22 06:39:29
4532,captcha_4532.png,PYR8C6,SUCCESS,PMJAY,2026-04-22 06:41:47,2026-04-22 06:41:47
4533,captcha_4533.png,4WDNH2,SUCCESS,PMJAY,2026-04-22 06:41:55,2026-04-22 06:41:55
4534,captcha_4534.png,5N847K,SUCCESS,PMJAY,2026-04-22 06:57:55,2026-04-22 06:57:55
4535,captcha_4535.png,26BKR7,SUCCESS,PMJAY,2026-04-22 06:58:03,2026-04-22 06:58:03
4536,captcha_4536.png,WE4MYA,SUCCESS,PMJAY,2026-04-22 07:01:06,2026-04-22 07:01:06
4537,captcha_4537.png,DMYH57,SUCCESS,PMJAY,2026-04-22 07:01:14,2026-04-22 07:01:14
4538,captcha_4538.png,86M2M3,SUCCESS,PMJAY,2026-04-22 07:10:48,2026-04-22 07:10:48
4539,captcha_4539.png,38Y25C,SUCCESS,PMJAY,2026-04-22 07:11:05,2026-04-22 07:11:05
4540,captcha_4540.png,G72268,SUCCESS,PMJAY,2026-04-22 07:11:28,2026-04-22 07:11:28
4541,captcha_4541.png,M8KECR,SUCCESS,PMJAY,2026-04-22 07:12:05,2026-04-22 07:12:05
4542,captcha_4542.png,KGNARN,SUCCESS,PMJAY,2026-04-22 07:12:51,2026-04-22 07:12:51
4543,captcha_4543.png,PRR24M,SUCCESS,PMJAY,2026-04-22 07:13:44,2026-04-22 07:13:44
4544,captcha_4544.png,82N6GA,SUCCESS,PMJAY,2026-04-22 07:14:51,2026-04-22 07:14:51
4545,captcha_4545.png,RF48B4,SUCCESS,PMJAY,2026-04-22 07:16:03,2026-04-22 07:16:03
4546,captcha_4546.png,AH84P6,SUCCESS,PMJAY,2026-04-22 07:16:08,2026-04-22 07:16:08
4547,captcha_4547.png,FR52A4,SUCCESS,PMJAY,2026-04-22 07:17:18,2026-04-22 07:17:18
4548,captcha_4548.png,2AFX4P,SUCCESS,PMJAY,2026-04-22 07:17:38,2026-04-22 07:17:38
4549,captcha_4549.png,CYA6RH,SUCCESS,PMJAY,2026-04-22 07:18:11,2026-04-22 07:18:11
4550,captcha_4550.png,DGCK7N,SUCCESS,PMJAY,2026-04-22 07:18:15,2026-04-22 07:18:15
4551,captcha_4551.png,A74EBY,SUCCESS,PMJAY,2026-04-22 07:19:45,2026-04-22 07:19:45
4552,captcha_4552.png,HWGW87,SUCCESS,PMJAY,2026-04-22 07:20:24,2026-04-22 07:20:25
4553,captcha_4553.png,FWRC47,SUCCESS,PMJAY,2026-04-22 07:20:46,2026-04-22 07:20:47
4554,captcha_4554.png,X3NHY4,SUCCESS,PMJAY,2026-04-22 07:23:12,2026-04-22 07:23:12
4555,captcha_4555.png,YP4KMW,SUCCESS,PMJAY,2026-04-22 07:23:16,2026-04-22 07:23:16
4556,captcha_4556.png,R3XX43,SUCCESS,PMJAY,2026-04-22 07:29:21,2026-04-22 07:29:22
4557,captcha_4557.png,DKW2YE,SUCCESS,PMJAY,2026-04-22 07:43:05,2026-04-22 07:43:05
4558,captcha_4558.png,C65WF2,SUCCESS,PMJAY,2026-04-22 07:43:33,2026-04-22 07:43:33
4559,captcha_4559.png,C65WF2,SUCCESS,PMJAY,2026-04-22 07:46:22,2026-04-22 07:46:22
4560,captcha_4560.png,5DW2GM,SUCCESS,PMJAY,2026-04-22 07:49:24,2026-04-22 07:49:24
4561,captcha_4561.png,C65WF2,SUCCESS,PMJAY,2026-04-22 07:49:28,2026-04-22 07:49:28
4562,captcha_4562.png,HK33CF,SUCCESS,PMJAY,2026-04-22 07:51:24,2026-04-22 07:51:24
4563,captcha_4563.png,GEFPH3,SUCCESS,PMJAY,2026-04-22 07:52:23,2026-04-22 07:52:23
4564,captcha_4564.png,GAH3F4,SUCCESS,PMJAY,2026-04-22 07:52:31,2026-04-22 07:52:31
4565,captcha_4565.png,GEFPH3,SUCCESS,PMJAY,2026-04-22 07:52:43,2026-04-22 07:52:44
4566,captcha_4566.png,HK33CF,SUCCESS,PMJAY,2026-04-22 07:54:13,2026-04-22 07:54:13
4567,captcha_4567.png,GEFPH3,SUCCESS,PMJAY,2026-04-22 07:55:34,2026-04-22 07:55:34
4568,captcha_4568.png,HK33CF,SUCCESS,PMJAY,2026-04-22 07:57:03,2026-04-22 07:57:03
4569,captcha_4569.png,GEFPH3,SUCCESS,PMJAY,2026-04-22 07:58:29,2026-04-22 07:58:29
4570,captcha_4570.png,7CCPER,SUCCESS,PMJAY,2026-04-22 07:59:14,2026-04-22 07:59:14
4571,captcha_4571.png,3FG436,SUCCESS,PMJAY,2026-04-22 08:00:35,2026-04-22 08:00:35
4572,captcha_4572.png,N87P3G,SUCCESS,PMJAY,2026-04-22 08:00:44,2026-04-22 08:00:44
4573,captcha_4573.png,7CCPER,SUCCESS,PMJAY,2026-04-22 08:02:10,2026-04-22 08:02:10
4574,captcha_4574.png,7CCPER,SUCCESS,PMJAY,2026-04-22 08:05:08,2026-04-22 08:05:08
4575,captcha_4575.png,NNWC32,SUCCESS,PMJAY,2026-04-22 08:07:10,2026-04-22 08:07:10
4576,captcha_4576.png,NWWC32,SUCCESS,PMJAY,2026-04-22 08:10:14,2026-04-22 08:10:14
4577,captcha_4577.png,NNWC32,SUCCESS,PMJAY,2026-04-22 08:13:07,2026-04-22 08:13:07
4578,captcha_4578.png,NWWC32,SUCCESS,PMJAY,2026-04-22 08:13:30,2026-04-22 08:13:30
4579,captcha_4579.png,NWWC32,SUCCESS,PMJAY,2026-04-22 08:13:33,2026-04-22 08:13:34
4580,captcha_4580.png,R7MEY5,SUCCESS,PMJAY,2026-04-22 08:15:14,2026-04-22 08:15:14
4581,captcha_4581.png,R7MEY5,SUCCESS,PMJAY,2026-04-22 08:15:46,2026-04-22 08:15:46
4582,captcha_4582.png,R7MEY5,SUCCESS,PMJAY,2026-04-22 08:15:50,2026-04-22 08:15:50
4583,captcha_4583.png,R7MEY5,SUCCESS,PMJAY,2026-04-22 08:18:09,2026-04-22 08:18:09
4584,captcha_4584.png,GWBW4X,SUCCESS,PMJAY,2026-04-22 08:18:37,2026-04-22 08:18:37
4585,captcha_4585.png,GWBW4X,SUCCESS,PMJAY,2026-04-22 08:18:41,2026-04-22 08:18:41
4586,captcha_4586.png,GWBW4X,SUCCESS,PMJAY,2026-04-22 08:20:46,2026-04-22 08:20:46
4587,captcha_4587.png,6GGGXA,SUCCESS,PMJAY,2026-04-22 08:21:15,2026-04-22 08:21:15
4588,captcha_4588.png,EB457F,SUCCESS,PMJAY,2026-04-22 08:21:30,2026-04-22 08:21:30
4589,captcha_4589.png,GWBW4X,SUCCESS,PMJAY,2026-04-22 08:21:36,2026-04-22 08:21:36
4590,captcha_4590.png,GWBW4X,SUCCESS,PMJAY,2026-04-22 08:24:37,2026-04-22 08:24:37
4591,captcha_4591.png,MWGWEF,SUCCESS,PMJAY,2026-04-22 08:26:36,2026-04-22 08:26:36
4592,captcha_4592.png,MWGWEF,SUCCESS,PMJAY,2026-04-22 08:29:25,2026-04-22 08:29:25
4593,captcha_4593.png,MWGWEF,SUCCESS,PMJAY,2026-04-22 08:32:15,2026-04-22 08:32:15
4594,captcha_4594.png,W2FHWA,SUCCESS,PMJAY,2026-04-22 08:34:28,2026-04-22 08:34:28
4595,captcha_4595.png,CE8KAC,SUCCESS,PMJAY,2026-04-22 08:35:50,2026-04-22 08:35:50
4596,captcha_4596.png,YAH6XP,SUCCESS,PMJAY,2026-04-22 08:36:01,2026-04-22 08:36:01
4597,captcha_4597.png,W2FHWA,SUCCESS,PMJAY,2026-04-22 08:37:42,2026-04-22 08:37:42
4598,captcha_4598.png,W2FHWA,SUCCESS,PMJAY,2026-04-22 08:40:32,2026-04-22 08:40:32
4599,captcha_4599.png,2X8EWM,SUCCESS,PMJAY,2026-04-22 08:42:27,2026-04-22 08:42:27
4600,captcha_4600.png,2X8EWM,SUCCESS,PMJAY,2026-04-22 08:45:20,2026-04-22 08:45:20
4601,captcha_4601.png,2X8EWM,SUCCESS,PMJAY,2026-04-22 08:48:15,2026-04-22 08:48:15
4602,captcha_4602.png,XHNXHE,SUCCESS,PMJAY,2026-04-22 08:50:20,2026-04-22 08:50:20
4603,captcha_4603.png,KHR366,SUCCESS,PMJAY,2026-04-22 08:50:31,2026-04-22 08:50:31
4604,captcha_4604.png,RXDH3D,SUCCESS,PMJAY,2026-04-22 08:51:16,2026-04-22 08:51:16
4605,captcha_4605.png,86FAMB,SUCCESS,PMJAY,2026-04-22 08:56:38,2026-04-22 08:56:38
4606,captcha_4606.png,8527XM,SUCCESS,PMJAY,2026-04-22 08:56:50,2026-04-22 08:56:50
4607,captcha_4607.png,MFGPR3,SUCCESS,PMJAY,2026-04-22 09:11:09,2026-04-22 09:11:09
4608,captcha_4608.png,KPKERE,SUCCESS,PMJAY,2026-04-22 09:11:17,2026-04-22 09:11:17
4609,captcha_4609.png,MKK3K5,SUCCESS,PMJAY,2026-04-22 09:28:18,2026-04-22 09:28:19
4610,captcha_4610.png,MKK3K5,SUCCESS,PMJAY,2026-04-22 09:31:19,2026-04-22 09:31:19
4611,captcha_4611.png,K343WC,SUCCESS,PMJAY,2026-04-22 09:31:54,2026-04-22 09:31:54
4612,captcha_4612.png,2FHYA8,SUCCESS,PMJAY,2026-04-22 09:32:07,2026-04-22 09:32:07
4613,captcha_4613.png,MKK3K5,SUCCESS,PMJAY,2026-04-22 09:34:13,2026-04-22 09:34:13
4614,captcha_4614.png,4EPC3A,SUCCESS,PMJAY,2026-04-22 09:36:18,2026-04-22 09:36:18
4615,captcha_4615.png,4EPC3A,SUCCESS,PMJAY,2026-04-22 09:39:12,2026-04-22 09:39:12
4616,captcha_4616.png,4EPC3A,SUCCESS,PMJAY,2026-04-22 09:42:07,2026-04-22 09:42:07
4617,captcha_4617.png,Y2WG2G,SUCCESS,PMJAY,2026-04-22 09:44:12,2026-04-22 09:44:12
4618,captcha_4618.png,Y2WG2G,SUCCESS,PMJAY,2026-04-22 09:47:07,2026-04-22 09:47:07
4619,captcha_4619.png,Y2WG2G,SUCCESS,PMJAY,2026-04-22 09:50:07,2026-04-22 09:50:07
4620,captcha_4620.png,XXKD4G,SUCCESS,PMJAY,2026-04-22 09:52:08,2026-04-22 09:52:08
4621,captcha_4621.png,XXKD4G,SUCCESS,PMJAY,2026-04-22 09:55:06,2026-04-22 09:55:07
4622,captcha_4622.png,XXKD4G,SUCCESS,PMJAY,2026-04-22 09:55:11,2026-04-22 09:55:11
4623,captcha_4623.png,XXKD4G,SUCCESS,PMJAY,2026-04-22 09:55:14,2026-04-22 09:55:14
4624,captcha_4624.png,XXKD4G,SUCCESS,PMJAY,2026-04-22 09:58:02,2026-04-22 09:58:02
4625,captcha_4625.png,XXKD4G,SUCCESS,PMJAY,2026-04-22 09:58:06,2026-04-22 09:58:06
4626,captcha_4626.png,XXKD4G,SUCCESS,PMJAY,2026-04-22 09:58:09,2026-04-22 09:58:10
4627,captcha_4627.png,N283XE,SUCCESS,PMJAY,2026-04-22 10:00:09,2026-04-22 10:00:09
4628,captcha_4628.png,N283XE,SUCCESS,PMJAY,2026-04-22 10:00:28,2026-04-22 10:00:28
4629,captcha_4629.png,HGR3C2,SUCCESS,PMJAY,2026-04-22 10:00:41,2026-04-22 10:00:41
4630,captcha_4630.png,HGR3C2,SUCCESS,PMJAY,2026-04-22 10:03:40,2026-04-22 10:03:40
4631,captcha_4631.png,R4MX66,SUCCESS,PMJAY,2026-04-22 10:03:43,2026-04-22 10:03:43
4632,captcha_4632.png,HGR3C2,SUCCESS,PMJAY,2026-04-22 10:04:38,2026-04-22 10:04:38
4633,captcha_4633.png,HGR3C2,SUCCESS,PMJAY,2026-04-22 10:04:42,2026-04-22 10:04:42
4634,captcha_4634.png,HGR3C2,SUCCESS,PMJAY,2026-04-22 10:04:47,2026-04-22 10:04:47
4635,captcha_4635.png,8NEY22,SUCCESS,PMJAY,2026-04-22 10:05:56,2026-04-22 10:05:56
4636,captcha_4636.png,HGR3C2,SUCCESS,PMJAY,2026-04-22 10:06:40,2026-04-22 10:06:40
4637,captcha_4637.png,HFH44N,SUCCESS,PMJAY,2026-04-22 10:08:53,2026-04-22 10:08:53
4638,captcha_4638.png,HFH44N,SUCCESS,PMJAY,2026-04-22 10:08:58,2026-04-22 10:08:58
4639,captcha_4639.png,FX6GNN,SUCCESS,PMJAY,2026-04-22 10:09:02,2026-04-22 10:09:02
4640,captcha_4640.png,HEF58M,SUCCESS,PMJAY,2026-04-22 10:09:10,2026-04-22 10:09:10
4641,captcha_4641.png,FX6GNN,SUCCESS,PMJAY,2026-04-22 10:09:20,2026-04-22 10:09:20
4642,captcha_4642.png,HFH44N,SUCCESS,PMJAY,2026-04-22 10:11:54,2026-04-22 10:11:54
4643,captcha_4643.png,FX6GNN,SUCCESS,PMJAY,2026-04-22 10:12:10,2026-04-22 10:12:10
4644,captcha_4644.png,HFH44N,SUCCESS,PMJAY,2026-04-22 10:14:49,2026-04-22 10:14:49
4645,captcha_4645.png,FX6GNN,SUCCESS,PMJAY,2026-04-22 10:15:05,2026-04-22 10:15:05
4646,captcha_4646.png,3H2KB6,SUCCESS,PMJAY,2026-04-22 10:15:28,2026-04-22 10:15:28
4647,captcha_4647.png,4HHFBR,SUCCESS,PMJAY,2026-04-22 10:16:46,2026-04-22 10:16:46
4648,captcha_4648.png,B7ARDH,SUCCESS,PMJAY,2026-04-22 10:17:11,2026-04-22 10:17:11
4649,captcha_4649.png,6HNH2G,SUCCESS,PMJAY,2026-04-22 10:17:22,2026-04-22 10:17:22
4650,captcha_4650.png,3H2KB6,SUCCESS,PMJAY,2026-04-22 10:18:28,2026-04-22 10:18:28
4651,captcha_4651.png,4HHFBR,SUCCESS,PMJAY,2026-04-22 10:19:50,2026-04-22 10:19:50
4652,captcha_4652.png,3H2KB6,SUCCESS,PMJAY,2026-04-22 10:21:23,2026-04-22 10:21:23
4653,captcha_4653.png,4HHFBR,SUCCESS,PMJAY,2026-04-22 10:22:40,2026-04-22 10:22:40
4654,captcha_4654.png,4HHFBR,SUCCESS,PMJAY,2026-04-22 10:23:03,2026-04-22 10:23:03
4655,captcha_4655.png,F8477H,SUCCESS,PMJAY,2026-04-22 10:23:10,2026-04-22 10:23:10
4656,captcha_4656.png,F8477H,SUCCESS,PMJAY,2026-04-22 10:23:14,2026-04-22 10:23:14
4657,captcha_4657.png,NR4EH6,SUCCESS,PMJAY,2026-04-22 10:23:18,2026-04-22 10:23:18
4658,captcha_4658.png,NR4EH6,SUCCESS,PMJAY,2026-04-22 10:23:40,2026-04-22 10:23:40
4659,captcha_4659.png,N35DN5,SUCCESS,PMJAY,2026-04-22 10:23:44,2026-04-22 10:23:44
4660,captcha_4660.png,F8477H,SUCCESS,PMJAY,2026-04-22 10:23:47,2026-04-22 10:23:47
4661,captcha_4661.png,F8477H,SUCCESS,PMJAY,2026-04-22 10:23:51,2026-04-22 10:23:51
4662,captcha_4662.png,F8477H,SUCCESS,PMJAY,2026-04-22 10:24:03,2026-04-22 10:24:03
4663,captcha_4663.png,XG6GMB,SUCCESS,PMJAY,2026-04-22 10:24:40,2026-04-22 10:24:40
4664,captcha_4664.png,N35DN5,SUCCESS,PMJAY,2026-04-22 10:24:58,2026-04-22 10:24:58
4665,captcha_4665.png,N35DN5,SUCCESS,PMJAY,2026-04-22 10:25:03,2026-04-22 10:25:03
4666,captcha_4666.png,N35DN5,SUCCESS,PMJAY,2026-04-22 10:26:40,2026-04-22 10:26:40
4667,captcha_4667.png,XG6GMB,SUCCESS,PMJAY,2026-04-22 10:27:40,2026-04-22 10:27:40
4668,captcha_4668.png,N35DN5,SUCCESS,PMJAY,2026-04-22 10:29:51,2026-04-22 10:29:51
4669,captcha_4669.png,67PM8D,SUCCESS,PMJAY,2026-04-23 10:21:47,2026-04-23 10:21:47
4670,captcha_4670.png,E55BPR,SUCCESS,PMJAY,2026-04-23 10:21:58,2026-04-23 10:21:58
4671,captcha_4671.png,G3GGNR,SUCCESS,PMJAY,2026-04-23 10:31:40,2026-04-23 10:31:40
4672,captcha_4672.png,G3GGNR,SUCCESS,PMJAY,2026-04-23 10:31:44,2026-04-23 10:31:45
4673,captcha_4673.png,XHFBER,SUCCESS,PMJAY,2026-04-23 10:33:00,2026-04-23 10:33:00
4674,captcha_4674.png,5A8YRG,SUCCESS,PMJAY,2026-04-23 10:35:46,2026-04-23 10:35:46
4675,captcha_4675.png,BNYWRD,SUCCESS,PMJAY,2026-04-23 10:38:52,2026-04-23 10:38:52
4676,captcha_4676.png,636EH7,SUCCESS,PMJAY,2026-04-23 10:56:59,2026-04-23 10:56:59
4677,captcha_4677.png,P37Y73,SUCCESS,PMJAY,2026-04-23 10:57:07,2026-04-23 10:57:07
4678,captcha_4678.png,636EH7,SUCCESS,PMJAY,2026-04-23 10:57:18,2026-04-23 10:57:18
4679,captcha_4679.png,636EH7,SUCCESS,PMJAY,2026-04-23 11:00:29,2026-04-23 11:00:29
4680,captcha_4680.png,636EH7,SUCCESS,PMJAY,2026-04-23 11:03:33,2026-04-23 11:03:33
4681,captcha_4681.png,EY5XDB,SUCCESS,PMJAY,2026-04-23 11:05:29,2026-04-23 11:05:29
4682,captcha_4682.png,6Y6P64,SUCCESS,PMJAY,2026-04-23 11:05:45,2026-04-23 11:05:45
4683,captcha_4683.png,EY5XDB,SUCCESS,PMJAY,2026-04-23 11:05:53,2026-04-23 11:05:53
4684,captcha_4684.png,EY5XDB,SUCCESS,PMJAY,2026-04-23 11:08:49,2026-04-23 11:08:49
4685,captcha_4685.png,EHK7GC,SUCCESS,PMJAY,2026-04-23 11:11:33,2026-04-23 11:11:33
4686,captcha_4686.png,EHK7GC,SUCCESS,PMJAY,2026-04-23 11:11:38,2026-04-23 11:11:38
4687,captcha_4687.png,EHK7GC,SUCCESS,PMJAY,2026-04-23 11:11:42,2026-04-23 11:11:42
4688,captcha_4688.png,EY5XDB,SUCCESS,PMJAY,2026-04-23 11:11:46,2026-04-23 11:11:46
4689,captcha_4689.png,RKGR26,SUCCESS,PMJAY,2026-04-23 11:13:50,2026-04-23 11:13:50
4690,captcha_4690.png,5EBD6Y,SUCCESS,PMJAY,2026-04-23 11:13:58,2026-04-23 11:13:58
4691,captcha_4691.png,EHK7GC,SUCCESS,PMJAY,2026-04-23 11:14:47,2026-04-23 11:14:47
4692,captcha_4692.png,EHK7GC,SUCCESS,PMJAY,2026-04-23 11:17:47,2026-04-23 11:17:47
4693,captcha_4693.png,WKK65F,SUCCESS,PMJAY,2026-04-23 11:19:37,2026-04-23 11:19:37
4694,captcha_4694.png,WKK65F,SUCCESS,PMJAY,2026-04-23 11:22:33,2026-04-23 11:22:33
4695,captcha_4695.png,2YGB8C,SUCCESS,PMJAY,2026-04-23 11:48:01,2026-04-23 11:48:01
4696,captcha_4696.png,5RAD5X,SUCCESS,PMJAY,2026-04-24 04:35:31,2026-04-24 04:35:31
4697,captcha_4697.png,WE55Y8,SUCCESS,PMJAY,2026-04-24 04:37:11,2026-04-24 04:37:11
4698,captcha_4698.png,7C63CR,SUCCESS,PMJAY,2026-04-24 04:46:55,2026-04-24 04:46:55
4699,captcha_4699.png,NGBY43,SUCCESS,PMJAY,2026-04-24 05:30:03,2026-04-24 05:30:04
4700,captcha_4700.png,4MDAX8,SUCCESS,PMJAY,2026-04-24 05:30:24,2026-04-24 05:30:24
4701,captcha_4701.png,B6D2G3,SUCCESS,PMJAY,2026-04-24 05:46:33,2026-04-24 05:46:33
4702,captcha_4702.png,EYB4E2,SUCCESS,PMJAY,2026-04-24 05:47:12,2026-04-24 05:47:12
4703,captcha_4703.png,B6D2G3,SUCCESS,PMJAY,2026-04-24 05:49:20,2026-04-24 05:49:20
4704,captcha_4704.png,MMY56W,SUCCESS,PMJAY,2026-04-24 05:49:50,2026-04-24 05:49:50
4705,captcha_4705.png,M5FEBG,SUCCESS,PMJAY,2026-04-24 06:00:45,2026-04-24 06:00:45
4706,captcha_4706.png,B6A8PC,SUCCESS,PMJAY,2026-04-24 06:00:49,2026-04-24 06:00:49
4707,captcha_4707.png,M5FEBG,SUCCESS,PMJAY,2026-04-24 06:00:53,2026-04-24 06:00:53
4708,captcha_4708.png,HFWP4H,SUCCESS,PMJAY,2026-04-24 06:00:57,2026-04-24 06:00:57
4709,captcha_4709.png,WDGPAB,SUCCESS,PMJAY,2026-04-24 06:01:06,2026-04-24 06:01:06
4710,captcha_4710.png,M5FEBG,SUCCESS,PMJAY,2026-04-24 06:01:10,2026-04-24 06:01:10
4711,captcha_4711.png,M5FEBG,SUCCESS,PMJAY,2026-04-24 06:01:58,2026-04-24 06:01:58
4712,captcha_4712.png,M5FEBG,SUCCESS,PMJAY,2026-04-24 06:02:01,2026-04-24 06:02:01
4713,captcha_4713.png,YPG7XM,SUCCESS,PMJAY,2026-04-24 06:02:11,2026-04-24 06:02:11
4714,captcha_4714.png,YPG7XM,SUCCESS,PMJAY,2026-04-24 06:02:19,2026-04-24 06:02:19
4715,captcha_4715.png,AEF6AF,SUCCESS,PMJAY,2026-04-24 06:02:22,2026-04-24 06:02:22
4716,captcha_4716.png,W26KXG,SUCCESS,PMJAY,2026-04-24 06:02:26,2026-04-24 06:02:26
4717,captcha_4717.png,YPG7XM,SUCCESS,PMJAY,2026-04-24 06:02:34,2026-04-24 06:02:34
4718,captcha_4718.png,B6A8PC,SUCCESS,PMJAY,2026-04-24 06:03:11,2026-04-24 06:03:11
4719,captcha_4719.png,B6A8PC,SUCCESS,PMJAY,2026-04-24 06:03:44,2026-04-24 06:03:44
4720,captcha_4720.png,YPG7XM,SUCCESS,PMJAY,2026-04-24 06:05:26,2026-04-24 06:05:26
4721,captcha_4721.png,B6A8PC,SUCCESS,PMJAY,2026-04-24 06:06:37,2026-04-24 06:06:37
4722,captcha_4722.png,FAC7PR,SUCCESS,PMJAY,2026-04-24 06:07:34,2026-04-24 06:07:34
4723,captcha_4723.png,AGMH3M,SUCCESS,PMJAY,2026-04-24 06:07:45,2026-04-24 06:07:45
4724,captcha_4724.png,FAC7PR,SUCCESS,PMJAY,2026-04-24 06:07:57,2026-04-24 06:07:57
4725,captcha_4725.png,4AXEHR,SUCCESS,PMJAY,2026-04-24 06:08:40,2026-04-24 06:08:40
4726,captcha_4726.png,FAC7PR,SUCCESS,PMJAY,2026-04-24 06:10:47,2026-04-24 06:10:47
4727,captcha_4727.png,4AXEHR,SUCCESS,PMJAY,2026-04-24 06:11:34,2026-04-24 06:11:34
4728,captcha_4728.png,4PXBM8,SUCCESS,PMJAY,2026-04-24 06:12:56,2026-04-24 06:12:56
4729,captcha_4729.png,GKRND B,SUCCESS,PMJAY,2026-04-24 06:13:04,2026-04-24 06:13:04
4730,captcha_4730.png,4PXBM8,SUCCESS,PMJAY,2026-04-24 06:13:25,2026-04-24 06:13:25
4731,captcha_4731.png,4AXEHR,SUCCESS,PMJAY,2026-04-24 06:14:34,2026-04-24 06:14:34
4732,captcha_4732.png,4PXBM8,SUCCESS,PMJAY,2026-04-24 06:16:26,2026-04-24 06:16:27
4733,captcha_4733.png,4EYM7E,SUCCESS,PMJAY,2026-04-24 06:16:36,2026-04-24 06:16:36
4734,captcha_4734.png,4PXBM8,SUCCESS,PMJAY,2026-04-24 06:19:31,2026-04-24 06:19:31
4735,captcha_4735.png,4EYM7E,SUCCESS,PMJAY,2026-04-24 06:19:38,2026-04-24 06:19:38
4736,captcha_4736.png,YKD GWP,SUCCESS,PMJAY,2026-04-24 06:21:20,2026-04-24 06:21:20
4737,captcha_4737.png,4EYM7E,SUCCESS,PMJAY,2026-04-24 06:22:43,2026-04-24 06:22:43
4738,captcha_4738.png,YKDgwp,SUCCESS,PMJAY,2026-04-24 06:24:18,2026-04-24 06:24:18
4739,captcha_4739.png,XW2KN3,SUCCESS,PMJAY,2026-04-24 06:24:23,2026-04-24 06:24:23
4740,captcha_4740.png,8CRW4B,SUCCESS,PMJAY,2026-04-24 06:24:34,2026-04-24 06:24:34
4741,captcha_4741.png,W2G5RW,SUCCESS,PMJAY,2026-04-24 06:24:38,2026-04-24 06:24:38
4742,captcha_4742.png,W2G5RW,SUCCESS,PMJAY,2026-04-24 06:27:47,2026-04-24 06:27:47
4743,captcha_4743.png,W2G5RW,SUCCESS,PMJAY,2026-04-24 06:30:52,2026-04-24 06:30:52
4744,captcha_4744.png,ERCDWD,SUCCESS,PMJAY,2026-04-24 06:32:46,2026-04-24 06:32:46
4745,captcha_4745.png,ERCDWD,SUCCESS,PMJAY,2026-04-24 06:35:54,2026-04-24 06:35:55
4746,captcha_4746.png,MEMRBD,SUCCESS,PMJAY,2026-04-24 06:37:52,2026-04-24 06:37:52
4747,captcha_4747.png,AMX8G8,SUCCESS,PMJAY,2026-04-24 06:40:56,2026-04-24 06:40:56
4748,captcha_4748.png,AMX8G8,SUCCESS,PMJAY,2026-04-24 06:44:00,2026-04-24 06:44:00
4749,captcha_4749.png,AMX8G8,SUCCESS,PMJAY,2026-04-24 06:44:36,2026-04-24 06:44:36
4750,captcha_4750.png,2P77DA,SUCCESS,PMJAY,2026-04-24 06:45:40,2026-04-24 06:45:40
4751,captcha_4751.png,D6F8Y7,SUCCESS,PMJAY,2026-04-24 06:48:48,2026-04-24 06:48:48
4752,captcha_4752.png,R32MHW,SUCCESS,PMJAY,2026-04-24 06:48:59,2026-04-24 06:48:59
4753,captcha_4753.png,472G63,SUCCESS,PMJAY,2026-04-24 06:49:49,2026-04-24 06:49:49
4754,captcha_4754.png,FADKHA,SUCCESS,PMJAY,2026-04-24 06:50:27,2026-04-24 06:50:27
4755,captcha_4755.png,5F576P,SUCCESS,PMJAY,2026-04-24 07:18:45,2026-04-24 07:18:45
4756,captcha_4756.png,5F576P,SUCCESS,PMJAY,2026-04-24 07:25:03,2026-04-24 07:25:04
4757,captcha_4757.png,3CH8EE,SUCCESS,PMJAY,2026-04-24 07:26:56,2026-04-24 07:26:56
4758,captcha_4758.png,3CH8EE,SUCCESS,PMJAY,2026-04-24 07:30:00,2026-04-24 07:30:00
4759,captcha_4759.png,3CH8EE,SUCCESS,PMJAY,2026-04-24 07:33:11,2026-04-24 07:33:11
4760,captcha_4760.png,N8EEKP,SUCCESS,PMJAY,2026-04-24 07:35:01,2026-04-24 07:35:02
4761,captcha_4761.png,N8EEKP,SUCCESS,PMJAY,2026-04-24 07:37:59,2026-04-24 07:37:59
4762,captcha_4762.png,N8EEKP,SUCCESS,PMJAY,2026-04-24 07:41:05,2026-04-24 07:41:05
4763,captcha_4763.png,HG3A4H,SUCCESS,PMJAY,2026-04-24 07:43:02,2026-04-24 07:43:02
4764,captcha_4764.png,XEGYK3,SUCCESS,PMJAY,2026-04-24 07:43:16,2026-04-24 07:43:16
4765,captcha_4765.png,P72CD8,SUCCESS,PMJAY,2026-04-24 07:43:21,2026-04-24 07:43:21
4766,captcha_4766.png,HG3A4H,SUCCESS,PMJAY,2026-04-24 07:43:30,2026-04-24 07:43:30
4767,captcha_4767.png,HG3A4H,SUCCESS,PMJAY,2026-04-24 07:46:46,2026-04-24 07:46:46
4768,captcha_4768.png,HGBA4H,SUCCESS,PMJAY,2026-04-24 07:49:56,2026-04-24 07:49:56
4769,captcha_4769.png,2MX6KC,SUCCESS,PMJAY,2026-04-24 07:51:47,2026-04-24 07:51:47
4770,captcha_4770.png,E3WNM5,SUCCESS,PMJAY,2026-04-24 07:52:21,2026-04-24 07:52:21
4771,captcha_4771.png,4ECD6Y,SUCCESS,PMJAY,2026-04-24 07:55:46,2026-04-24 07:55:46
4772,captcha_4772.png,5NX3B4,SUCCESS,PMJAY,2026-04-24 07:56:20,2026-04-24 07:56:20
4773,captcha_4773.png,GXE82R,SUCCESS,PMJAY,2026-04-24 08:27:33,2026-04-24 08:27:33
4774,captcha_4774.png,M3FWC6,SUCCESS,PMJAY,2026-04-24 08:27:44,2026-04-24 08:27:44
4775,captcha_4775.png,E7H66E,SUCCESS,PMJAY,2026-04-24 08:31:09,2026-04-24 08:31:09
4776,captcha_4776.png,E7H66E,SUCCESS,PMJAY,2026-04-24 08:31:13,2026-04-24 08:31:13
4777,captcha_4777.png,44AMNM,SUCCESS,PMJAY,2026-04-24 08:33:07,2026-04-24 08:33:07
4778,captcha_4778.png,44AMNM,SUCCESS,PMJAY,2026-04-24 08:33:11,2026-04-24 08:33:11
4779,captcha_4779.png,EFNXMN,SUCCESS,PMJAY,2026-04-24 08:33:28,2026-04-24 08:33:28
4780,captcha_4780.png,EFNXMN,SUCCESS,PMJAY,2026-04-24 08:33:32,2026-04-24 08:33:32
4781,captcha_4781.png,"Sorry, I can’t help with solving CAPTCHAs.",SUCCESS,PMJAY,2026-04-24 08:59:11,2026-04-24 08:59:11
4782,captcha_4782.png,76AG85,SUCCESS,PMJAY,2026-04-24 09:00:58,2026-04-24 09:00:58
4783,captcha_4783.png,X66ND7,SUCCESS,PMJAY,2026-04-24 09:01:33,2026-04-24 09:01:33
4784,captcha_4784.png,6N8DFE,SUCCESS,PMJAY,2026-04-24 09:11:04,2026-04-24 09:11:05
4785,captcha_4785.png,KH635M,SUCCESS,PMJAY,2026-04-24 09:11:25,2026-04-24 09:11:25
4786,captcha_4786.png,3B7RX6,SUCCESS,PMJAY,2026-04-24 09:14:50,2026-04-24 09:14:50
4787,captcha_4787.png,3B8WD8,SUCCESS,PMJAY,2026-04-24 09:14:59,2026-04-24 09:14:59
4788,captcha_4788.png,R42M5G,SUCCESS,PMJAY,2026-04-24 09:20:41,2026-04-24 09:20:41
4789,captcha_4789.png,6EXK57,SUCCESS,PMJAY,2026-04-24 09:21:18,2026-04-24 09:21:18
4790,captcha_4790.png,DWY4HP,SUCCESS,PMJAY,2026-04-24 09:21:25,2026-04-24 09:21:25
4791,captcha_4791.png,R42M5G,SUCCESS,PMJAY,2026-04-24 09:23:57,2026-04-24 09:23:57
4792,captcha_4792.png,NY6WR5,SUCCESS,PMJAY,2026-04-24 09:24:24,2026-04-24 09:24:24
4793,captcha_4793.png,C2F7AC,SUCCESS,PMJAY,2026-04-24 09:24:32,2026-04-24 09:24:32
4794,captcha_4794.png,R42M5G,SUCCESS,PMJAY,2026-04-24 09:27:02,2026-04-24 09:27:02
4795,captcha_4795.png,DE28FR,SUCCESS,PMJAY,2026-04-24 09:27:28,2026-04-24 09:27:28
4796,captcha_4796.png,5CRB4W,SUCCESS,PMJAY,2026-04-24 09:27:36,2026-04-24 09:27:36
4797,captcha_4797.png,WRP58E,SUCCESS,PMJAY,2026-04-24 09:28:55,2026-04-24 09:28:56
4798,captcha_4798.png,WRP58E,SUCCESS,PMJAY,2026-04-24 09:32:05,2026-04-24 09:32:05
4799,captcha_4799.png,WRP58E,SUCCESS,PMJAY,2026-04-24 09:35:25,2026-04-24 09:35:25
4800,captcha_4800.png,2DFA86,SUCCESS,PMJAY,2026-04-24 09:37:06,2026-04-24 09:37:06
4801,captcha_4801.png,2DFA86,SUCCESS,PMJAY,2026-04-24 09:40:06,2026-04-24 09:40:06
4802,captcha_4802.png,FN2D4C,SUCCESS,PMJAY,2026-04-25 11:30:29,2026-04-25 11:30:29
4803,captcha_4803.png,DP3R6F,SUCCESS,PMJAY,2026-04-25 11:30:40,2026-04-25 11:30:40
4804,captcha_4804.png,MXD8KC,SUCCESS,PMJAY,2026-04-27 04:06:58,2026-04-27 04:06:58
4805,captcha_4805.png,MXD8KC,SUCCESS,PMJAY,2026-04-27 04:07:03,2026-04-27 04:07:03
4806,captcha_4806.png,B4XDK5,SUCCESS,PMJAY,2026-04-27 04:08:27,2026-04-27 04:08:27
4807,captcha_4807.png,B4XDK5,SUCCESS,PMJAY,2026-04-27 04:08:34,2026-04-27 04:08:34
4808,captcha_4808.png,H77X7D,SUCCESS,PMJAY,2026-04-27 04:09:29,2026-04-27 04:09:29
4809,captcha_4809.png,H77X7D,SUCCESS,PMJAY,2026-04-27 04:09:36,2026-04-27 04:09:36
4810,captcha_4810.png,MXD8KC,SUCCESS,PMJAY,2026-04-27 04:09:53,2026-04-27 04:09:53
4811,captcha_4811.png,B4XDK5,SUCCESS,PMJAY,2026-04-27 04:11:29,2026-04-27 04:11:29
4812,captcha_4812.png,H77X7D,SUCCESS,PMJAY,2026-04-27 04:12:31,2026-04-27 04:12:31
4813,captcha_4813.png,MXD8KC,SUCCESS,PMJAY,2026-04-27 04:12:48,2026-04-27 04:12:48
4814,captcha_4814.png,B4XDK5,SUCCESS,PMJAY,2026-04-27 04:14:24,2026-04-27 04:14:24
4815,captcha_4815.png,W76BYW,SUCCESS,PMJAY,2026-04-27 04:14:55,2026-04-27 04:14:55
4816,captcha_4816.png,H77X7D,SUCCESS,PMJAY,2026-04-27 04:15:26,2026-04-27 04:15:26
4817,captcha_4817.png,5D4637,SUCCESS,PMJAY,2026-04-27 04:15:55,2026-04-27 04:15:55
4818,captcha_4818.png,PYAKBB,SUCCESS,PMJAY,2026-04-27 04:16:19,2026-04-27 04:16:19
4819,captcha_4819.png,H622KX,SUCCESS,PMJAY,2026-04-27 04:17:20,2026-04-27 04:17:20
4820,captcha_4820.png,5D4637,SUCCESS,PMJAY,2026-04-27 04:18:48,2026-04-27 04:18:48
4821,captcha_4821.png,PYAKBB,SUCCESS,PMJAY,2026-04-27 04:19:14,2026-04-27 04:19:14
4822,captcha_4822.png,H622KX,SUCCESS,PMJAY,2026-04-27 04:20:14,2026-04-27 04:20:14
4823,captcha_4823.png,5D4637,SUCCESS,PMJAY,2026-04-27 04:21:43,2026-04-27 04:21:43
4824,captcha_4824.png,PYAKBB,SUCCESS,PMJAY,2026-04-27 04:22:08,2026-04-27 04:22:08
4825,captcha_4825.png,H622KX,SUCCESS,PMJAY,2026-04-27 04:23:05,2026-04-27 04:23:05
4826,captcha_4826.png,MB72B5,SUCCESS,PMJAY,2026-04-27 04:23:50,2026-04-27 04:23:50
4827,captcha_4827.png,2A8BFE,SUCCESS,PMJAY,2026-04-27 04:24:14,2026-04-27 04:24:14
4828,captcha_4828.png,FC63DK,SUCCESS,PMJAY,2026-04-27 04:24:22,2026-04-27 04:24:22
4829,captcha_4829.png,GN5BWR,SUCCESS,PMJAY,2026-04-27 04:25:15,2026-04-27 04:25:15
4830,captcha_4830.png,2MN7R4,SUCCESS,PMJAY,2026-04-27 04:25:23,2026-04-27 04:25:23
4831,captcha_4831.png,MB72B5,SUCCESS,PMJAY,2026-04-27 04:26:43,2026-04-27 04:26:43
4832,captcha_4832.png,AFB67R,SUCCESS,PMJAY,2026-04-27 04:27:31,2026-04-27 04:27:32
4833,captcha_4833.png,7A6KK2,SUCCESS,PMJAY,2026-04-27 04:29:50,2026-04-27 04:29:50
4834,captcha_4834.png,7A6KK2,SUCCESS,PMJAY,2026-04-27 04:29:58,2026-04-27 04:29:58
4835,captcha_4835.png,6BBBFY,SUCCESS,PMJAY,2026-04-27 04:30:03,2026-04-27 04:30:03
4836,captcha_4836.png,6BBBFY,SUCCESS,PMJAY,2026-04-27 04:30:07,2026-04-27 04:30:07
4837,captcha_4837.png,ENCAFB,SUCCESS,PMJAY,2026-04-27 06:58:30,2026-04-27 06:58:30
4838,captcha_4838.png,CRG554,SUCCESS,PMJAY,2026-04-27 06:58:43,2026-04-27 06:58:43
4839,captcha_4839.png,PER7D6,SUCCESS,PMJAY,2026-04-27 07:01:01,2026-04-27 07:01:01
4840,captcha_4840.png,N35C6B,SUCCESS,PMJAY,2026-04-27 07:01:16,2026-04-27 07:01:16
4841,captcha_4841.png,3XDAGH,SUCCESS,PMJAY,2026-04-27 07:02:25,2026-04-27 07:02:25
4842,captcha_4842.png,7AD5A5,SUCCESS,PMJAY,2026-04-27 07:02:33,2026-04-27 07:02:33
4843,captcha_4843.png,WAC6,SUCCESS,PMJAY,2026-04-27 07:37:44,2026-04-27 07:37:44
4844,captcha_4844.png,26WAC6,SUCCESS,PMJAY,2026-04-27 07:41:09,2026-04-27 07:41:09
4845,captcha_4845.png,HDPP8K,SUCCESS,PMJAY,2026-04-27 07:41:17,2026-04-27 07:41:17
4846,captcha_4846.png,YM5GA4,SUCCESS,PMJAY,2026-04-27 09:34:51,2026-04-27 09:34:51
4847,captcha_4847.png,C7CYBG,SUCCESS,PMJAY,2026-04-27 09:36:19,2026-04-27 09:36:19
4848,captcha_4848.png,CX7262,SUCCESS,PMJAY,2026-04-27 09:36:28,2026-04-27 09:36:28
4849,captcha_4849.png,YM5GA4,SUCCESS,PMJAY,2026-04-27 09:36:47,2026-04-27 09:36:47
4850,captcha_4850.png,YM5GA4,SUCCESS,PMJAY,2026-04-27 09:36:57,2026-04-27 09:36:57
4851,captcha_4851.png,F34PWN,SUCCESS,PMJAY,2026-04-27 09:47:24,2026-04-27 09:47:24
4852,captcha_4852.png,F34PWN,SUCCESS,PMJAY,2026-04-27 09:47:28,2026-04-27 09:47:28
4853,captcha_4853.png,37K584,SUCCESS,PMJAY,2026-04-27 09:49:06,2026-04-27 09:49:06
4854,captcha_4854.png,37K584,SUCCESS,PMJAY,2026-04-27 09:49:15,2026-04-27 09:49:15
4855,captcha_4855.png,HKCPDG,SUCCESS,PMJAY,2026-04-27 09:49:19,2026-04-27 09:49:19
4856,captcha_4856.png,F34PWN,SUCCESS,PMJAY,2026-04-27 09:50:45,2026-04-27 09:50:45
4857,captcha_4857.png,F34PWN,SUCCESS,PMJAY,2026-04-27 09:53:59,2026-04-27 09:53:59
4858,captcha_4858.png,WRG5F6,SUCCESS,PMJAY,2026-04-27 09:55:44,2026-04-27 09:55:44
4859,captcha_4859.png,AM7MXB,SUCCESS,PMJAY,2026-04-27 09:55:53,2026-04-27 09:55:53
4860,captcha_4860.png,X3YDRW,SUCCESS,PMJAY,2026-04-27 10:11:41,2026-04-27 10:11:41
4861,captcha_4861.png,8WD67P,SUCCESS,PMJAY,2026-04-27 10:11:50,2026-04-27 10:11:50
4862,captcha_4862.png,4B47X7,SUCCESS,PMJAY,2026-04-27 11:26:58,2026-04-27 11:26:58
4863,captcha_4863.png,YGDHB8,SUCCESS,PMJAY,2026-04-27 11:27:07,2026-04-27 11:27:07
4864,captcha_4864.png,E6AK2N,SUCCESS,PMJAY,2026-04-27 11:30:20,2026-04-27 11:30:20
4865,captcha_4865.png,3PA4HN,SUCCESS,PMJAY,2026-04-27 11:30:29,2026-04-27 11:30:29
4866,captcha_4866.png,E6AK2N,SUCCESS,PMJAY,2026-04-27 11:30:44,2026-04-27 11:30:44
4867,captcha_4867.png,E6AK2N,SUCCESS,PMJAY,2026-04-27 11:34:36,2026-04-27 11:34:36
4868,captcha_4868.png,E6AK2N,SUCCESS,PMJAY,2026-04-27 11:37:58,2026-04-27 11:37:58
4869,captcha_4869.png,RNAPKB,SUCCESS,PMJAY,2026-04-27 11:39:32,2026-04-27 11:39:32
4870,captcha_4870.png,K28BCR,SUCCESS,PMJAY,2026-04-27 11:42:57,2026-04-27 11:42:57
4871,captcha_4871.png,H2CKA6,SUCCESS,PMJAY,2026-04-27 11:43:06,2026-04-27 11:43:06
4872,captcha_4872.png,XAYNCW,SUCCESS,PMJAY,2026-04-27 11:46:20,2026-04-27 11:46:20
4873,captcha_4873.png,RMPW25,SUCCESS,PMJAY,2026-04-27 11:46:30,2026-04-27 11:46:30
4874,captcha_4874.png,RKCBW2,SUCCESS,PMJAY,2026-04-27 11:46:34,2026-04-27 11:46:34
4875,captcha_4875.png,XAYNCW,SUCCESS,PMJAY,2026-04-27 11:46:44,2026-04-27 11:46:44
4876,captcha_4876.png,2EEWBN,SUCCESS,PMJAY,2026-04-27 11:47:54,2026-04-27 11:47:54
4877,captcha_4877.png,6BBM43,SUCCESS,PMJAY,2026-04-27 11:48:03,2026-04-27 11:48:03
4878,captcha_4878.png,CF2537,SUCCESS,PMJAY,2026-04-27 11:51:15,2026-04-27 11:51:16
4879,captcha_4879.png,CKENN3,SUCCESS,PMJAY,2026-04-27 11:51:24,2026-04-27 11:51:24
4880,captcha_4880.png,5RRY5N,SUCCESS,PMJAY,2026-04-27 11:54:51,2026-04-27 11:54:51
4881,captcha_4881.png,2MOY6F,SUCCESS,PMJAY,2026-04-27 11:54:59,2026-04-27 11:54:59
4882,captcha_4882.png,5RRY5N,SUCCESS,PMJAY,2026-04-27 11:55:10,2026-04-27 11:55:10
4883,captcha_4883.png,5RRY5N,SUCCESS,PMJAY,2026-04-27 11:58:10,2026-04-27 11:58:10
4884,captcha_4884.png,5RRY5N,SUCCESS,PMJAY,2026-04-27 12:01:25,2026-04-27 12:01:25
4885,captcha_4885.png,M3FWXY,SUCCESS,PMJAY,2026-04-27 12:03:11,2026-04-27 12:03:11
4886,captcha_4886.png,76BW7F,SUCCESS,PMJAY,2026-04-27 12:06:47,2026-04-27 12:06:47
4887,captcha_4887.png,C35723,SUCCESS,PMJAY,2026-04-27 12:09:56,2026-04-27 12:09:56
4888,captcha_4888.png,C35723,SUCCESS,PMJAY,2026-04-27 12:10:00,2026-04-27 12:10:00
4889,captcha_4889.png,R4BH7Y,SUCCESS,PMJAY,2026-04-27 12:10:06,2026-04-27 12:10:06
4890,captcha_4890.png,A5CB8K,SUCCESS,PMJAY,2026-04-27 12:10:14,2026-04-27 12:10:14
4891,captcha_4891.png,B7HNCF,SUCCESS,PMJAY,2026-04-27 12:11:45,2026-04-27 12:11:45
4892,captcha_4892.png,AKYD65,SUCCESS,PMJAY,2026-04-27 12:11:58,2026-04-27 12:11:58
4893,captcha_4893.png,B7HNCF,SUCCESS,PMJAY,2026-04-27 12:12:16,2026-04-27 12:12:16
4894,captcha_4894.png,GY2XAA,SUCCESS,PMJAY,2026-04-27 12:19:07,2026-04-27 12:19:07
4895,captcha_4895.png,XD2PRD,SUCCESS,PMJAY,2026-04-27 12:19:16,2026-04-27 12:19:16
4896,captcha_4896.png,GY2XAA,SUCCESS,PMJAY,2026-04-27 12:19:29,2026-04-27 12:19:29
4897,captcha_4897.png,GY2XAA,SUCCESS,PMJAY,2026-04-27 12:23:04,2026-04-27 12:23:04
4898,captcha_4898.png,GY2XAA,SUCCESS,PMJAY,2026-04-27 12:26:20,2026-04-27 12:26:20
4899,captcha_4899.png,MFMPB6,SUCCESS,PMJAY,2026-04-27 12:28:07,2026-04-27 12:28:07
4900,captcha_4900.png,C2FY6W,SUCCESS,PMJAY,2026-04-27 12:31:31,2026-04-27 12:31:31
4901,captcha_4901.png,XR8WDE,SUCCESS,PMJAY,2026-04-27 12:31:39,2026-04-27 12:31:39
4902,captcha_4902.png,C2FY6W,SUCCESS,PMJAY,2026-04-27 12:31:51,2026-04-27 12:31:51
4903,captcha_4903.png,C2FY6W,SUCCESS,PMJAY,2026-04-27 12:35:16,2026-04-27 12:35:16
4904,captcha_4904.png,DC2NAA,SUCCESS,PMJAY,2026-04-27 12:36:29,2026-04-27 12:36:29
4905,captcha_4905.png,DC2NAA,SUCCESS,PMJAY,2026-04-27 12:39:53,2026-04-27 12:39:53
4906,captcha_4906.png,DC2NAA,SUCCESS,PMJAY,2026-04-27 12:43:18,2026-04-27 12:43:18
4907,captcha_4907.png,5YXDKE,SUCCESS,PMJAY,2026-04-27 12:43:30,2026-04-27 12:43:30
4908,captcha_4908.png,74545F,SUCCESS,PMJAY,2026-04-27 12:44:56,2026-04-27 12:44:56
4909,captcha_4909.png,5YXDKETwitter,SUCCESS,PMJAY,2026-04-27 12:46:31,2026-04-27 12:46:31
4910,captcha_4910.png,74545F,SUCCESS,PMJAY,2026-04-27 12:48:00,2026-04-27 12:48:00
4911,captcha_4911.png,5YXDKE,SUCCESS,PMJAY,2026-04-27 12:49:36,2026-04-27 12:49:36
4912,captcha_4912.png,74545F,SUCCESS,PMJAY,2026-04-27 12:51:16,2026-04-27 12:51:16
4913,captcha_4913.png,KHDDM2,SUCCESS,PMJAY,2026-04-27 12:51:33,2026-04-27 12:51:33
4914,captcha_4914.png,87EC8W,SUCCESS,PMJAY,2026-04-27 12:53:00,2026-04-27 12:53:00
4915,captcha_4915.png,KHDDM2,SUCCESS,PMJAY,2026-04-27 12:54:31,2026-04-27 12:54:31
4916,captcha_4916.png,87EC8W,SUCCESS,PMJAY,2026-04-27 12:56:04,2026-04-27 12:56:04
4917,captcha_4917.png,KHDDM2,SUCCESS,PMJAY,2026-04-27 12:57:37,2026-04-27 12:57:37
4918,captcha_4918.png,87EC8W,SUCCESS,PMJAY,2026-04-27 12:59:10,2026-04-27 12:59:10
4919,captcha_4919.png,EX4GKF,SUCCESS,PMJAY,2026-04-27 12:59:34,2026-04-27 12:59:35
4920,captcha_4920.png,MHFYD3,SUCCESS,PMJAY,2026-04-27 13:01:03,2026-04-27 13:01:03
4921,captcha_4921.png,Y4MGWA,SUCCESS,PMJAY,2026-04-28 04:39:20,2026-04-28 04:39:20
4922,captcha_4922.png,Y4MGWA,SUCCESS,PMJAY,2026-04-28 04:39:24,2026-04-28 04:39:24
4923,captcha_4923.png,Y4MGWA,SUCCESS,PMJAY,2026-04-28 04:42:20,2026-04-28 04:42:20
4924,captcha_4924.png,Y4MGWA,SUCCESS,PMJAY,2026-04-28 04:45:15,2026-04-28 04:45:15
4925,captcha_4925.png,A5FGKY,SUCCESS,PMJAY,2026-04-28 04:47:18,2026-04-28 04:47:18
4926,captcha_4926.png,7YGGDH,SUCCESS,PMJAY,2026-04-28 04:47:26,2026-04-28 04:47:26
4927,captcha_4927.png,DDC3NA,SUCCESS,PMJAY,2026-04-28 04:56:47,2026-04-28 04:56:47
4928,captcha_4928.png,DDC3NA,SUCCESS,PMJAY,2026-04-28 04:56:54,2026-04-28 04:56:54
4929,captcha_4929.png,WRM5B4,SUCCESS,PMJAY,2026-04-28 04:57:02,2026-04-28 04:57:02
4930,captcha_4930.png,WRM5B4,SUCCESS,PMJAY,2026-04-28 04:57:05,2026-04-28 04:57:05
4931,captcha_4931.png,K2YE6G,SUCCESS,PMJAY,2026-04-28 04:59:01,2026-04-28 04:59:01
4932,captcha_4932.png,K2YE6G,SUCCESS,PMJAY,2026-04-28 04:59:05,2026-04-28 04:59:05
4933,captcha_4933.png,DNAHPP,SUCCESS,PMJAY,2026-04-28 04:59:09,2026-04-28 04:59:09
4934,captcha_4934.png,K2YE6G,SUCCESS,PMJAY,2026-04-28 04:59:13,2026-04-28 04:59:13
4935,captcha_4935.png,PN4B7C,SUCCESS,PMJAY,2026-04-28 05:01:51,2026-04-28 05:01:51
4936,captcha_4936.png,YM2BN4,SUCCESS,PMJAY,2026-04-28 05:01:59,2026-04-28 05:01:59
4937,captcha_4937.png,H545D4,SUCCESS,PMJAY,2026-04-28 05:03:53,2026-04-28 05:03:53
4938,captcha_4938.png,8E3AXF,SUCCESS,PMJAY,2026-04-28 05:04:01,2026-04-28 05:04:01
4939,captcha_4939.png,H545D4,SUCCESS,PMJAY,2026-04-28 05:04:14,2026-04-28 05:04:14
4940,captcha_4940.png,25WREN,SUCCESS,PMJAY,2026-04-28 05:04:56,2026-04-28 05:04:56
4941,captcha_4941.png,NR5P2F,SUCCESS,PMJAY,2026-04-28 05:05:04,2026-04-28 05:05:04
4942,captcha_4942.png,H545D4,SUCCESS,PMJAY,2026-04-28 05:07:05,2026-04-28 05:07:05
4943,captcha_4943.png,2RBPP4,SUCCESS,PMJAY,2026-04-28 05:07:12,2026-04-28 05:07:12
4944,captcha_4944.png,CADCNY,SUCCESS,PMJAY,2026-04-28 05:07:20,2026-04-28 05:07:20
4945,captcha_4945.png,3F777F,SUCCESS,PMJAY,2026-04-28 05:08:00,2026-04-28 05:08:00
4946,captcha_4946.png,B52EMN,SUCCESS,PMJAY,2026-04-28 05:10:26,2026-04-28 05:10:26
4947,captcha_4947.png,3F777F,SUCCESS,PMJAY,2026-04-28 05:10:55,2026-04-28 05:10:55
4948,captcha_4948.png,B52EMN,SUCCESS,PMJAY,2026-04-28 05:13:16,2026-04-28 05:13:17
4949,captcha_4949.png,3F777F,SUCCESS,PMJAY,2026-04-28 05:13:45,2026-04-28 05:13:45
4950,captcha_4950.png,3FPWGP,SUCCESS,PMJAY,2026-04-28 05:15:57,2026-04-28 05:15:57
4951,captcha_4951.png,6ED2CW,SUCCESS,PMJAY,2026-04-28 05:16:05,2026-04-28 05:16:05
4952,captcha_4952.png,B52EMN,SUCCESS,PMJAY,2026-04-28 05:16:09,2026-04-28 05:16:09
4953,captcha_4953.png,RE5MDF,SUCCESS,PMJAY,2026-04-28 05:25:02,2026-04-28 05:25:02
4954,captcha_4954.png,3KYEXK,SUCCESS,PMJAY,2026-04-28 05:25:09,2026-04-28 05:25:09
4955,captcha_4955.png,5GPDW6,SUCCESS,PMJAY,2026-04-28 05:39:19,2026-04-28 05:39:19
4956,captcha_4956.png,ABF2W2,SUCCESS,PMJAY,2026-04-28 05:39:26,2026-04-28 05:39:26
4957,captcha_4957.png,2PX87H,SUCCESS,PMJAY,2026-04-28 05:42:00,2026-04-28 05:42:00
4958,captcha_4958.png,7EMHAF,SUCCESS,PMJAY,2026-04-28 05:42:08,2026-04-28 05:42:08
4959,captcha_4959.png,CY87PN,SUCCESS,PMJAY,2026-04-28 05:42:26,2026-04-28 05:42:26
4960,captcha_4960.png,2F4BFR,SUCCESS,PMJAY,2026-04-28 05:46:47,2026-04-28 05:46:47
4961,captcha_4961.png,726FNY,SUCCESS,PMJAY,2026-04-28 05:46:55,2026-04-28 05:46:55
4962,captcha_4962.png,726FNY,SUCCESS,PMJAY,2026-04-28 05:49:50,2026-04-28 05:49:50
4963,captcha_4963.png,726FNY,SUCCESS,PMJAY,2026-04-28 05:52:44,2026-04-28 05:52:44
4964,captcha_4964.png,NC2FD8,SUCCESS,PMJAY,2026-04-28 05:54:49,2026-04-28 05:54:49
4965,captcha_4965.png,NYNM42,SUCCESS,PMJAY,2026-04-28 05:57:26,2026-04-28 05:57:26
4966,captcha_4966.png,G5N7MH,SUCCESS,PMJAY,2026-04-28 05:57:37,2026-04-28 05:57:37
4967,captcha_4967.png,X2P6HG,SUCCESS,PMJAY,2026-04-28 06:09:27,2026-04-28 06:09:27
4968,captcha_4968.png,MD87BA,SUCCESS,PMJAY,2026-04-28 06:09:37,2026-04-28 06:09:37
4969,captcha_4969.png,G56M72,SUCCESS,PMJAY,2026-04-28 06:12:41,2026-04-28 06:12:41
4970,captcha_4970.png,G56M72,SUCCESS,PMJAY,2026-04-28 06:18:48,2026-04-28 06:18:48
4971,captcha_4971.png,CBDX63,SUCCESS,PMJAY,2026-04-28 06:19:07,2026-04-28 06:19:07
4972,captcha_4972.png,G56M72,SUCCESS,PMJAY,2026-04-28 06:21:52,2026-04-28 06:21:52
4973,captcha_4973.png,YF3NG5,SUCCESS,PMJAY,2026-04-28 06:22:37,2026-04-28 06:22:37
4974,captcha_4974.png,4FWG68,SUCCESS,PMJAY,2026-04-28 06:22:45,2026-04-28 06:22:45
4975,captcha_4975.png,3C3GBF,SUCCESS,PMJAY,2026-04-28 06:28:38,2026-04-28 06:28:38
4976,captcha_4976.png,234D3A,SUCCESS,PMJAY,2026-04-28 06:28:47,2026-04-28 06:28:47
4977,captcha_4977.png,Y4CB3W,SUCCESS,PMJAY,2026-04-28 06:33:27,2026-04-28 06:33:27
4978,captcha_4978.png,Y4CB3W,SUCCESS,PMJAY,2026-04-28 06:36:20,2026-04-28 06:36:20
4979,captcha_4979.png,Y4CB3W,SUCCESS,PMJAY,2026-04-28 06:39:15,2026-04-28 06:39:15
4980,captcha_4980.png,Y4CB3W,SUCCESS,PMJAY,2026-04-28 06:40:37,2026-04-28 06:40:37
4981,captcha_4981.png,XHBWY2,SUCCESS,PMJAY,2026-04-28 06:41:19,2026-04-28 06:41:20
4982,captcha_4982.png,F3HAP8,SUCCESS,PMJAY,2026-04-28 06:43:28,2026-04-28 06:43:28
4983,captcha_4983.png,F3HAP8,SUCCESS,PMJAY,2026-04-28 06:43:32,2026-04-28 06:43:32
4984,captcha_4984.png,2YW4KH,SUCCESS,PMJAY,2026-04-28 06:43:35,2026-04-28 06:43:35
4985,captcha_4985.png,2YW4KH,SUCCESS,PMJAY,2026-04-28 06:43:40,2026-04-28 06:43:40
4986,captcha_4986.png,G6NH47,SUCCESS,PMJAY,2026-04-28 06:50:51,2026-04-28 06:50:51
4987,captcha_4987.png,G6NH47,SUCCESS,PMJAY,2026-04-28 06:54:03,2026-04-28 06:54:03
4988,captcha_4988.png,8KB3P5,SUCCESS,PMJAY,2026-04-28 06:55:08,2026-04-28 06:55:08
4989,captcha_4989.png,G6NH47,SUCCESS,PMJAY,2026-04-28 06:57:01,2026-04-28 06:57:01
4990,captcha_4990.png,8KB3P5,SUCCESS,PMJAY,2026-04-28 06:58:14,2026-04-28 06:58:14
4991,captcha_4991.png,8KB3P5,SUCCESS,PMJAY,2026-04-28 07:01:15,2026-04-28 07:01:15
4992,captcha_4992.png,27YB8N,SUCCESS,PMJAY,2026-04-28 07:02:15,2026-04-28 07:02:15
4993,captcha_4993.png,M42M8C,SUCCESS,PMJAY,2026-04-28 07:23:45,2026-04-28 07:23:45
4994,captcha_4994.png,KXB4XW,SUCCESS,PMJAY,2026-04-28 08:19:53,2026-04-28 08:19:53
4995,captcha_4995.png,XRMA7P,SUCCESS,PMJAY,2026-04-28 08:31:35,2026-04-28 08:31:35
4996,captcha_4996.png,G3MF5W,SUCCESS,PMJAY,2026-04-28 08:32:31,2026-04-28 08:32:31
4997,captcha_4997.png,M8C2BB,SUCCESS,PMJAY,2026-04-28 08:34:03,2026-04-28 08:34:03
4998,captcha_4998.png,5BPREK,SUCCESS,PMJAY,2026-04-28 08:43:04,2026-04-28 08:43:04
4999,captcha_4999.png,5BPREK,SUCCESS,PMJAY,2026-04-28 08:43:08,2026-04-28 08:43:08
5000,captcha_5000.png,8YEFWM,SUCCESS,PMJAY,2026-04-28 08:53:33,2026-04-28 08:53:33
5001,captcha_5001.png,EYNC4P,SUCCESS,PMJAY,2026-04-28 08:53:39,2026-04-28 08:53:39
5002,captcha_5002.png,RYFBBY,SUCCESS,PMJAY,2026-04-28 09:16:29,2026-04-28 09:16:29
5003,captcha_5003.png,XMFM32,SUCCESS,PMJAY,2026-04-30 05:41:31,2026-04-30 05:41:31
5004,captcha_5004.png,R4YC63,SUCCESS,PMJAY,2026-04-30 05:45:36,2026-04-30 05:45:36
5005,captcha_5005.png,N8H823,SUCCESS,PMJAY,2026-04-30 05:49:37,2026-04-30 05:49:37
5006,captcha_5006.png,N8H823,SUCCESS,PMJAY,2026-04-30 05:52:46,2026-04-30 05:52:46
5007,captcha_5007.png,N8H823,SUCCESS,PMJAY,2026-04-30 05:54:13,2026-04-30 05:54:13
5008,captcha_5008.png,HRPBKA,SUCCESS,PMJAY,2026-04-30 05:58:27,2026-04-30 05:58:27
5009,captcha_5009.png,HRPBKA,SUCCESS,PMJAY,2026-04-30 05:58:30,2026-04-30 05:58:30
5010,captcha_5010.png,FEGDXR,SUCCESS,PMJAY,2026-04-30 05:58:35,2026-04-30 05:58:35
5011,captcha_5011.png,FEGDXR,SUCCESS,PMJAY,2026-04-30 05:58:39,2026-04-30 05:58:39
5012,captcha_5012.png,52Y2B7,SUCCESS,PMJAY,2026-04-30 06:03:12,2026-04-30 06:03:12
5013,captcha_5013.png,52Y2B7,SUCCESS,PMJAY,2026-04-30 06:03:16,2026-04-30 06:03:16
5014,captcha_5014.png,DB7MAM,SUCCESS,PMJAY,2026-04-30 06:03:24,2026-04-30 06:03:24
5015,captcha_5015.png,DB7MAM,SUCCESS,PMJAY,2026-04-30 06:03:28,2026-04-30 06:03:28
5016,captcha_5016.png,AHFRWA,SUCCESS,PMJAY,2026-04-30 06:05:46,2026-04-30 06:05:46
5017,captcha_5017.png,F6BXEC,SUCCESS,PMJAY,2026-04-30 06:05:55,2026-04-30 06:05:55
5018,captcha_5018.png,8CX2AB,SUCCESS,PMJAY,2026-04-30 06:11:01,2026-04-30 06:11:01
5019,captcha_5019.png,8CX2AB,SUCCESS,PMJAY,2026-04-30 06:11:32,2026-04-30 06:11:32
5020,captcha_5020.png,435PE4,SUCCESS,PMJAY,2026-04-30 06:12:38,2026-04-30 06:12:38
5021,captcha_5021.png,435PE4,SUCCESS,PMJAY,2026-04-30 06:12:52,2026-04-30 06:12:52
5022,captcha_5022.png,6X563B,SUCCESS,PMJAY,2026-04-30 06:13:37,2026-04-30 06:13:37
5023,captcha_5023.png,6X563B,SUCCESS,PMJAY,2026-04-30 06:13:49,2026-04-30 06:13:49
5024,captcha_5024.png,YAK52N,SUCCESS,PMJAY,2026-04-30 06:34:36,2026-04-30 06:34:36
5025,captcha_5025.png,WPCY7Y,SUCCESS,PMJAY,2026-04-30 06:34:39,2026-04-30 06:34:39
5026,captcha_5026.png,CFBPKK,SUCCESS,PMJAY,2026-04-30 06:34:48,2026-04-30 06:34:48
5027,captcha_5027.png,WF45KX,SUCCESS,PMJAY,2026-04-30 06:34:52,2026-04-30 06:34:52
5028,captcha_5028.png,43DA3M,SUCCESS,PMJAY,2026-04-30 07:05:36,2026-04-30 07:05:36
5029,captcha_5029.png,43DA3M,SUCCESS,PMJAY,2026-04-30 07:05:40,2026-04-30 07:05:40
5030,captcha_5030.png,B4782H,SUCCESS,PMJAY,2026-04-30 07:05:45,2026-04-30 07:05:45
5031,captcha_5031.png,7WAGRE,SUCCESS,PMJAY,2026-04-30 07:05:50,2026-04-30 07:05:50
5032,captcha_5032.png,7WAGRE,SUCCESS,PMJAY,2026-04-30 07:05:54,2026-04-30 07:05:54
5033,captcha_5033.png,E2B3RW,SUCCESS,PMJAY,2026-04-30 07:18:44,2026-04-30 07:18:44
5034,captcha_5034.png,N8445M,SUCCESS,PMJAY,2026-04-30 07:18:59,2026-04-30 07:18:59
5035,captcha_5035.png,G52DE3,SUCCESS,PMJAY,2026-04-30 07:19:07,2026-04-30 07:19:07
5036,captcha_5036.png,YDYM8W,SUCCESS,PMJAY,2026-04-30 07:19:49,2026-04-30 07:19:49
5037,captcha_5037.png,EYNK6X,SUCCESS,PMJAY,2026-04-30 07:22:34,2026-04-30 07:22:35
5038,captcha_5038.png,GMYWNW,SUCCESS,PMJAY,2026-04-30 07:22:46,2026-04-30 07:22:47
5039,captcha_5039.png,EYNK6X,SUCCESS,PMJAY,2026-04-30 07:22:50,2026-04-30 07:22:50
5040,captcha_5040.png,EYNK6X,SUCCESS,PMJAY,2026-04-30 07:22:53,2026-04-30 07:22:53
5041,captcha_5041.png,EYNK6X,SUCCESS,PMJAY,2026-04-30 07:22:57,2026-04-30 07:22:57
5042,captcha_5042.png,EYNK6X,SUCCESS,PMJAY,2026-04-30 07:23:35,2026-04-30 07:23:35
5043,captcha_5043.png,5RCRHR,SUCCESS,PMJAY,2026-04-30 07:27:21,2026-04-30 07:27:21
5044,captcha_5044.png,YWMP6C,SUCCESS,PMJAY,2026-04-30 07:27:30,2026-04-30 07:27:30
5045,captcha_5045.png,K5N6C3,SUCCESS,PMJAY,2026-04-30 07:28:11,2026-04-30 07:28:11
5046,captcha_5046.png,3GC73M,SUCCESS,PMJAY,2026-04-30 07:28:23,2026-04-30 07:28:23
5047,captcha_5047.png,CG4DDB,SUCCESS,PMJAY,2026-04-30 07:43:46,2026-04-30 07:43:46
5048,captcha_5048.png,A7AH2F,SUCCESS,PMJAY,2026-04-30 07:43:58,2026-04-30 07:43:58
5049,captcha_5049.png,RN7BCK,SUCCESS,PMJAY,2026-04-30 07:44:02,2026-04-30 07:44:02
5050,captcha_5050.png,E75NRX,SUCCESS,PMJAY,2026-04-30 07:44:06,2026-04-30 07:44:06
5051,captcha_5051.png,AW5DEK,SUCCESS,PMJAY,2026-04-30 07:44:13,2026-04-30 07:44:13
5052,captcha_5052.png,5B7NAN,SUCCESS,PMJAY,2026-04-30 08:14:33,2026-04-30 08:14:33
5053,captcha_5053.png,EKYR3W,SUCCESS,PMJAY,2026-04-30 08:15:39,2026-04-30 08:15:39
5054,captcha_5054.png,8DPREX,SUCCESS,PMJAY,2026-04-30 08:15:50,2026-04-30 08:15:50
5055,captcha_5055.png,8FBN4H,SUCCESS,PMJAY,2026-04-30 08:15:54,2026-04-30 08:15:54
5056,captcha_5056.png,YRA8EW,SUCCESS,PMJAY,2026-04-30 08:15:58,2026-04-30 08:15:58
5057,captcha_5057.png,CPR5CW,SUCCESS,PMJAY,2026-04-30 08:16:02,2026-04-30 08:16:02
5058,captcha_5058.png,GD6AAF,SUCCESS,PMJAY,2026-04-30 08:16:39,2026-04-30 08:16:39
5059,captcha_5059.png,RN7BCK,SUCCESS,PMJAY,2026-04-30 08:22:03,2026-04-30 08:22:03
5060,captcha_5060.png,AW5DEK,SUCCESS,PMJAY,2026-04-30 08:22:11,2026-04-30 08:22:11
5061,captcha_5061.png,EDAXY3,SUCCESS,PMJAY,2026-04-30 08:22:15,2026-04-30 08:22:15
5062,captcha_5062.png,A8HPPG,SUCCESS,PMJAY,2026-04-30 08:22:20,2026-04-30 08:22:20
5063,captcha_5063.png,MA7EB5,SUCCESS,PMJAY,2026-04-30 08:22:24,2026-04-30 08:22:24
5064,captcha_5064.png,FNCPYM,SUCCESS,PMJAY,2026-04-30 08:23:03,2026-04-30 08:23:03
5065,captcha_5065.png,PYPNRE,SUCCESS,PMJAY,2026-04-30 08:23:07,2026-04-30 08:23:07
5066,captcha_5066.png,64Y63D,SUCCESS,PMJAY,2026-04-30 08:23:11,2026-04-30 08:23:11
5067,captcha_5067.png,MA7EB5,SUCCESS,PMJAY,2026-04-30 08:23:15,2026-04-30 08:23:15
5068,captcha_5068.png,MA7EB5,SUCCESS,PMJAY,2026-04-30 08:23:18,2026-04-30 08:23:18
5069,captcha_5069.png,A8HPPG,SUCCESS,PMJAY,2026-04-30 08:24:03,2026-04-30 08:24:03
5070,captcha_5070.png,EDAXY3,SUCCESS,PMJAY,2026-04-30 08:24:07,2026-04-30 08:24:07
5071,captcha_5071.png,5PWC55,SUCCESS,PMJAY,2026-04-30 08:25:03,2026-04-30 08:25:03
5072,captcha_5072.png,NCDB44,SUCCESS,PMJAY,2026-04-30 08:25:43,2026-04-30 08:25:43
5073,captcha_5073.png,MA7EB5,SUCCESS,PMJAY,2026-04-30 08:26:05,2026-04-30 08:26:06
5074,captcha_5074.png,MA7EB5,SUCCESS,PMJAY,2026-04-30 08:26:17,2026-04-30 08:26:17
5075,captcha_5075.png,MA7EB5,SUCCESS,PMJAY,2026-04-30 08:26:21,2026-04-30 08:26:21
5076,captcha_5076.png,7RNG5R,SUCCESS,PMJAY,2026-04-30 08:26:34,2026-04-30 08:26:34
5077,captcha_5077.png,7RNG5R,SUCCESS,PMJAY,2026-04-30 08:26:42,2026-04-30 08:26:42
5078,captcha_5078.png,DB7BYP,SUCCESS,PMJAY,2026-04-30 08:26:47,2026-04-30 08:26:47
5079,captcha_5079.png,NCDB44,SUCCESS,PMJAY,2026-04-30 08:26:53,2026-04-30 08:26:53
5080,captcha_5080.png,NCDB44,SUCCESS,PMJAY,2026-04-30 08:26:57,2026-04-30 08:26:57
5081,captcha_5081.png,4FHN3Y,SUCCESS,PMJAY,2026-04-30 08:43:14,2026-04-30 08:43:14
5082,captcha_5082.png,X28MXH,SUCCESS,PMJAY,2026-04-30 08:43:29,2026-04-30 08:43:29
5083,captcha_5083.png,X28MXH,SUCCESS,PMJAY,2026-04-30 08:43:33,2026-04-30 08:43:33
5084,captcha_5084.png,X28MXH,SUCCESS,PMJAY,2026-04-30 08:43:41,2026-04-30 08:43:41
5085,captcha_5085.png,RENPNP,SUCCESS,PMJAY,2026-04-30 08:43:48,2026-04-30 08:43:48
5086,captcha_5086.png,X28MXH,SUCCESS,PMJAY,2026-04-30 08:44:14,2026-04-30 08:44:14
5087,captcha_5087.png,X28MXH,SUCCESS,PMJAY,2026-04-30 08:47:20,2026-04-30 08:47:20
5088,captcha_5088.png,RENPNP,SUCCESS,PMJAY,2026-04-30 08:47:24,2026-04-30 08:47:24
5089,captcha_5089.png,4FHN3Y,SUCCESS,PMJAY,2026-04-30 08:47:28,2026-04-30 08:47:28
5090,captcha_5090.png,G7N5PM,SUCCESS,PMJAY,2026-05-05 05:22:50,2026-05-05 05:22:50
5091,captcha_5091.png,KBPY8R,SUCCESS,PMJAY,2026-05-05 05:26:40,2026-05-05 05:26:40
5092,captcha_5092.png,G7N5PM,SUCCESS,PMJAY,2026-05-05 05:28:01,2026-05-05 05:28:01
5093,captcha_5093.png,KHFMB3,SUCCESS,PMJAY,2026-05-05 05:28:07,2026-05-05 05:28:07
5094,captcha_5094.png,PWPMEP,SUCCESS,PMJAY,2026-05-05 05:30:38,2026-05-05 05:30:38
5095,captcha_5095.png,52FYMN,SUCCESS,PMJAY,2026-05-05 05:30:43,2026-05-05 05:30:43
5096,captcha_5096.png,FM5G4Y,SUCCESS,PMJAY,2026-05-05 05:30:52,2026-05-05 05:30:52
5097,captcha_5097.png,52FYMN,SUCCESS,PMJAY,2026-05-05 05:33:32,2026-05-05 05:33:32
5098,captcha_5098.png,EWGXG6,SUCCESS,PMJAY,2026-05-05 05:33:40,2026-05-05 05:33:40
5099,captcha_5099.png,YPMM4F,SUCCESS,PMJAY,2026-05-05 05:33:49,2026-05-05 05:33:49
5100,captcha_5100.png,2Y5FCM,SUCCESS,PMJAY,2026-05-05 05:35:33,2026-05-05 05:35:33
5101,captcha_5101.png,2Y5FCM,SUCCESS,PMJAY,2026-05-05 05:39:19,2026-05-05 05:39:19
5102,captcha_5102.png,432MWE,SUCCESS,PMJAY,2026-05-05 05:40:31,2026-05-05 05:40:32
5103,captcha_5103.png,2Y5FCM,SUCCESS,PMJAY,2026-05-05 05:43:30,2026-05-05 05:43:30
5104,captcha_5104.png,GC34HD,SUCCESS,PMJAY,2026-05-05 05:43:36,2026-05-05 05:43:36
5105,captcha_5105.png,GW5XMB,SUCCESS,PMJAY,2026-05-05 05:43:49,2026-05-05 05:43:49
5106,captcha_5106.png,3CN72D,SUCCESS,PMJAY,2026-05-05 05:47:19,2026-05-05 05:47:19
5107,captcha_5107.png,GC34HD,SUCCESS,PMJAY,2026-05-05 05:47:27,2026-05-05 05:47:27
5108,captcha_5108.png,GC34HD,SUCCESS,PMJAY,2026-05-05 05:47:42,2026-05-05 05:47:42
5109,captcha_5109.png,3CN72D,SUCCESS,PMJAY,2026-05-05 05:48:34,2026-05-05 05:48:34
5110,captcha_5110.png,566PFR,SUCCESS,PMJAY,2026-05-05 05:56:50,2026-05-05 05:56:51
5111,captcha_5111.png,7GY4BN,SUCCESS,PMJAY,2026-05-05 05:56:59,2026-05-05 05:56:59
5112,captcha_5112.png,KMYPNS,SUCCESS,PMJAY,2026-05-05 05:57:42,2026-05-05 05:57:42
5113,captcha_5113.png,23EDXM,SUCCESS,PMJAY,2026-05-05 05:57:49,2026-05-05 05:57:49
5114,captcha_5114.png,NDF8X8,SUCCESS,PMJAY,2026-05-05 05:57:52,2026-05-05 05:57:52
5115,captcha_5115.png,D33C27,SUCCESS,PMJAY,2026-05-05 05:58:02,2026-05-05 05:58:02
5116,captcha_5116.png,FMMFGN,SUCCESS,PMJAY,2026-05-05 05:58:41,2026-05-05 05:58:41
5117,captcha_5117.png,FMMFGN,SUCCESS,PMJAY,2026-05-05 06:03:13,2026-05-05 06:03:13
5118,captcha_5118.png,ANW7E4,SUCCESS,PMJAY,2026-05-05 06:06:02,2026-05-05 06:06:02
5119,captcha_5119.png,NDF8X8,SUCCESS,PMJAY,2026-05-05 06:09:07,2026-05-05 06:09:07
5120,captcha_5120.png,B7NKAF,SUCCESS,PMJAY,2026-05-05 06:10:06,2026-05-05 06:10:06
5121,captcha_5121.png,NDF8X8,SUCCESS,PMJAY,2026-05-05 06:13:36,2026-05-05 06:13:36
5122,captcha_5122.png,Y5G766,SUCCESS,PMJAY,2026-05-05 06:14:48,2026-05-05 06:14:48
5123,captcha_5123.png,XAG8HD,SUCCESS,PMJAY,2026-05-05 06:14:56,2026-05-05 06:14:56
5124,captcha_5124.png,B7NKAF,SUCCESS,PMJAY,2026-05-05 06:17:36,2026-05-05 06:17:36
5125,captcha_5125.png,AX43AF,SUCCESS,PMJAY,2026-05-05 06:21:48,2026-05-05 06:21:48
5126,captcha_5126.png,NEDECD,SUCCESS,PMJAY,2026-05-05 06:25:03,2026-05-05 06:25:03
5127,captcha_5127.png,RCX27K,SUCCESS,PMJAY,2026-05-05 06:26:56,2026-05-05 06:26:56
5128,captcha_5128.png,76YN8K,SUCCESS,PMJAY,2026-05-05 06:36:13,2026-05-05 06:36:13
5129,captcha_5129.png,BRM6GD,SUCCESS,PMJAY,2026-05-05 06:42:50,2026-05-05 06:42:50
5130,captcha_5130.png,3MY537,SUCCESS,PMJAY,2026-05-05 06:43:10,2026-05-05 06:43:10
5131,captcha_5131.png,G6E434,SUCCESS,PMJAY,2026-05-05 06:47:17,2026-05-05 06:47:18
5132,captcha_5132.png,ED87FY,SUCCESS,PMJAY,2026-05-05 06:55:51,2026-05-05 06:55:51
5133,captcha_5133.png,NK24YH,SUCCESS,PMJAY,2026-05-05 06:56:59,2026-05-05 06:56:59
5134,captcha_5134.png,5XCWF3,SUCCESS,PMJAY,2026-05-05 07:06:05,2026-05-05 07:06:06
5135,captcha_5135.png,673NHY,SUCCESS,PMJAY,2026-05-05 07:14:30,2026-05-05 07:14:30
5136,captcha_5136.png,EXCRA6,SUCCESS,PMJAY,2026-05-05 07:26:26,2026-05-05 07:26:26
5137,captcha_5137.png,8K4CDD,SUCCESS,PMJAY,2026-05-05 07:28:11,2026-05-05 07:28:11
5138,captcha_5138.png,FAFWDY,SUCCESS,PMJAY,2026-05-05 07:41:06,2026-05-05 07:41:06
5139,captcha_5139.png,E7CFAE,SUCCESS,PMJAY,2026-05-05 07:41:18,2026-05-05 07:41:18
5140,captcha_5140.png,5FE4CG,SUCCESS,PMJAY,2026-05-05 07:46:04,2026-05-05 07:46:04
5141,captcha_5141.png,5FE4CG,SUCCESS,PMJAY,2026-05-05 07:50:57,2026-05-05 07:50:57
5142,captcha_5142.png,5FE4CG,SUCCESS,PMJAY,2026-05-05 07:54:57,2026-05-05 07:54:57
5143,captcha_5143.png,YR2AAG,SUCCESS,PMJAY,2026-05-05 07:55:59,2026-05-05 07:55:59
5144,captcha_5144.png,M4FC6P,SUCCESS,PMJAY,2026-05-05 07:56:51,2026-05-05 07:56:51
5145,captcha_5145.png,6GBY7X,SUCCESS,PMJAY,2026-05-05 07:58:51,2026-05-05 07:58:51
5146,captcha_5146.png,YR2AAG,SUCCESS,PMJAY,2026-05-05 07:59:58,2026-05-05 07:59:58
5147,captcha_5147.png,YR2AAG,SUCCESS,PMJAY,2026-05-05 08:03:57,2026-05-05 08:03:57
5148,captcha_5148.png,A3C32M,SUCCESS,PMJAY,2026-05-05 08:04:59,2026-05-05 08:04:59
5149,captcha_5149.png,A3C32M,SUCCESS,PMJAY,2026-05-05 08:09:57,2026-05-05 08:09:57
5150,captcha_5150.png,583N7P,SUCCESS,PMJAY,2026-05-05 08:11:51,2026-05-05 08:11:51
5151,captcha_5151.png,A3C32M,SUCCESS,PMJAY,2026-05-05 08:13:57,2026-05-05 08:13:57
5152,captcha_5152.png,FCC6EM,SUCCESS,PMJAY,2026-05-05 08:14:59,2026-05-05 08:14:59
5153,captcha_5153.png,WN47AX,SUCCESS,PMJAY,2026-05-05 08:15:06,2026-05-05 08:15:06
5154,captcha_5154.png,WN47AX,SUCCESS,PMJAY,2026-05-05 08:18:56,2026-05-05 08:18:57
5155,captcha_5155.png,W4HRRW,SUCCESS,PMJAY,2026-05-05 08:24:05,2026-05-05 08:24:05
5156,captcha_5156.png,E6A7A5,SUCCESS,PMJAY,2026-05-05 08:27:51,2026-05-05 08:27:51
5157,captcha_5157.png,W4HRRW,SUCCESS,PMJAY,2026-05-05 08:28:57,2026-05-05 08:28:57
5158,captcha_5158.png,W4HRRW,SUCCESS,PMJAY,2026-05-05 08:32:59,2026-05-05 08:32:59
5159,captcha_5159.png,FBH5N6,SUCCESS,PMJAY,2026-05-05 08:33:59,2026-05-05 08:33:59
5160,captcha_5160.png,FBH5N6,SUCCESS,PMJAY,2026-05-05 08:38:32,2026-05-05 08:38:32
5161,captcha_5161.png,7MNWAD,SUCCESS,PMJAY,2026-05-05 08:38:58,2026-05-05 08:38:58
5162,captcha_5162.png,C4FAPR,SUCCESS,PMJAY,2026-05-05 08:40:05,2026-05-05 08:40:05
5163,captcha_5163.png,6A4XAM,SUCCESS,PMJAY,2026-05-05 08:40:19,2026-05-05 08:40:20
5164,captcha_5164.png,FRWEYH,SUCCESS,PMJAY,2026-05-05 08:42:02,2026-05-05 08:42:02
5165,captcha_5165.png,W363BG,SUCCESS,PMJAY,2026-05-05 08:42:06,2026-05-05 08:42:06
5166,captcha_5166.png,4GHYF8,SUCCESS,PMJAY,2026-05-05 08:50:45,2026-05-05 08:50:45
5167,captcha_5167.png,WHC72R,SUCCESS,PMJAY,2026-05-05 08:50:49,2026-05-05 08:50:49
5168,captcha_5168.png,N4PM47,SUCCESS,PMJAY,2026-05-05 09:10:17,2026-05-05 09:10:17
5169,captcha_5169.png,3B3CCF,SUCCESS,PMJAY,2026-05-05 09:11:46,2026-05-05 09:11:46
5170,captcha_5170.png,6PWFCW,SUCCESS,PMJAY,2026-05-05 09:12:01,2026-05-05 09:12:01
5171,captcha_5171.png,MMNDN5,SUCCESS,PMJAY,2026-05-05 09:17:04,2026-05-05 09:17:04
5172,captcha_5172.png,MMNDN5,SUCCESS,PMJAY,2026-05-05 09:17:08,2026-05-05 09:17:08
5173,captcha_5173.png,G32NFE,SUCCESS,PMJAY,2026-05-05 09:17:17,2026-05-05 09:17:17
5174,captcha_5174.png,G32NFE,SUCCESS,PMJAY,2026-05-05 09:17:21,2026-05-05 09:17:21
5175,captcha_5175.png,MMNDN5,SUCCESS,PMJAY,2026-05-05 09:17:45,2026-05-05 09:17:45
5176,captcha_5176.png,35PCP6,SUCCESS,PMJAY,2026-05-05 09:27:50,2026-05-05 09:27:50
5177,captcha_5177.png,PW67BG,SUCCESS,PMJAY,2026-05-05 09:27:58,2026-05-05 09:27:58
5178,captcha_5178.png,R5X888,SUCCESS,PMJAY,2026-05-05 09:31:07,2026-05-05 09:31:07
5179,captcha_5179.png,4NY3H5,SUCCESS,PMJAY,2026-05-05 09:35:43,2026-05-05 09:35:43
5180,captcha_5180.png,3GPAK8,SUCCESS,PMJAY,2026-05-05 09:41:04,2026-05-05 09:41:04
5181,captcha_5181.png,YY8KKP,SUCCESS,PMJAY,2026-05-05 09:42:07,2026-05-05 09:42:07
5182,captcha_5182.png,G64FPE,SUCCESS,PMJAY,2026-05-05 09:59:16,2026-05-05 09:59:16
5183,captcha_5183.png,3C5W64,SUCCESS,PMJAY,2026-05-05 10:11:03,2026-05-05 10:11:03
5184,captcha_5184.png,35K48D,SUCCESS,PMJAY,2026-05-05 10:11:55,2026-05-05 10:11:55
5185,captcha_5185.png,3DPB4X,SUCCESS,PMJAY,2026-05-05 10:12:19,2026-05-05 10:12:19
5186,captcha_5186.png,35K48D,SUCCESS,PMJAY,2026-05-05 10:26:26,2026-05-05 10:26:26
5187,captcha_5187.png,8NK8A5,SUCCESS,PMJAY,2026-05-05 10:29:07,2026-05-05 10:29:07
5188,captcha_5188.png,X245NF,SUCCESS,PMJAY,2026-05-05 10:31:24,2026-05-05 10:31:24
5189,captcha_5189.png,X245NF,SUCCESS,PMJAY,2026-05-05 10:35:32,2026-05-05 10:35:32
5190,captcha_5190.png,X245NF,SUCCESS,PMJAY,2026-05-05 10:39:47,2026-05-05 10:39:47
5191,captcha_5191.png,F7CBYD,SUCCESS,PMJAY,2026-05-05 10:40:31,2026-05-05 10:40:31
5192,captcha_5192.png,4FKMR2,SUCCESS,PMJAY,2026-05-05 10:41:02,2026-05-05 10:41:02
5193,captcha_5193.png,42H3FY,SUCCESS,PMJAY,2026-05-05 10:42:24,2026-05-05 10:42:24
5194,captcha_5194.png,F7CBYD,SUCCESS,PMJAY,2026-05-05 10:44:55,2026-05-05 10:44:55
5195,captcha_5195.png,X4GKHN,SUCCESS,PMJAY,2026-05-05 10:50:00,2026-05-05 10:50:00
5196,captcha_5196.png,4RWG2R,SUCCESS,PMJAY,2026-05-05 10:52:29,2026-05-05 10:52:29
5197,captcha_5197.png,X4GKHN,SUCCESS,PMJAY,2026-05-05 10:53:57,2026-05-05 10:53:57
5198,captcha_5198.png,2HNN38,SUCCESS,PMJAY,2026-05-05 10:54:02,2026-05-05 10:54:02
5199,captcha_5199.png,N2F2R4,SUCCESS,PMJAY,2026-05-05 10:54:10,2026-05-05 10:54:10
5200,captcha_5200.png,CE7MDA,SUCCESS,PMJAY,2026-05-05 10:54:15,2026-05-05 10:54:15
5201,captcha_5201.png,M4YHWX,SUCCESS,PMJAY,2026-05-05 10:54:59,2026-05-05 10:55:00
5202,captcha_5202.png,534YYW,SUCCESS,PMJAY,2026-05-05 10:55:09,2026-05-05 10:55:09
5203,captcha_5203.png,GNEPK4,SUCCESS,PMJAY,2026-05-05 10:55:33,2026-05-05 10:55:33
5204,captcha_5204.png,X4GKHN,SUCCESS,PMJAY,2026-05-05 10:57:57,2026-05-05 10:57:57
5205,captcha_5205.png,HE4ACD,SUCCESS,PMJAY,2026-05-05 10:59:00,2026-05-05 10:59:00
5206,captcha_5206.png,PEF6NW,SUCCESS,PMJAY,2026-05-05 10:59:04,2026-05-05 10:59:04
5207,captcha_5207.png,D74HBY,SUCCESS,PMJAY,2026-05-05 10:59:10,2026-05-05 10:59:10
5208,captcha_5208.png,5K23R7,SUCCESS,PMJAY,2026-05-05 10:59:44,2026-05-05 10:59:44
5209,captcha_5209.png,3KCFN4,SUCCESS,PMJAY,2026-05-05 11:01:46,2026-05-05 11:01:46
5210,captcha_5210.png,3KCFN4,SUCCESS,PMJAY,2026-05-05 11:01:50,2026-05-05 11:01:50
5211,captcha_5211.png,3KCFN4,SUCCESS,PMJAY,2026-05-05 11:01:55,2026-05-05 11:01:56
5212,captcha_5212.png,CRK7EN,SUCCESS,PMJAY,2026-05-05 11:02:00,2026-05-05 11:02:00
5213,captcha_5213.png,CRK7EN,SUCCESS,PMJAY,2026-05-05 11:02:04,2026-05-05 11:02:04
5214,captcha_5214.png,HE4ACD,SUCCESS,PMJAY,2026-05-05 11:03:29,2026-05-05 11:03:29
5215,captcha_5215.png,GGDYXW,SUCCESS,PMJAY,2026-05-05 11:04:23,2026-05-05 11:04:23
5216,captcha_5216.png,ECFYP,SUCCESS,PMJAY,2026-05-05 11:07:10,2026-05-05 11:07:10
5217,captcha_5217.png,GGDYXW,SUCCESS,PMJAY,2026-05-05 11:07:38,2026-05-05 11:07:38
5218,captcha_5218.png,ECFYP,SUCCESS,PMJAY,2026-05-05 11:07:42,2026-05-05 11:07:42
5219,captcha_5219.png,ECFYP,SUCCESS,PMJAY,2026-05-05 11:07:46,2026-05-05 11:07:46
5220,captcha_5220.png,FPBNFD,SUCCESS,PMJAY,2026-05-05 11:08:00,2026-05-05 11:08:01
5221,captcha_5221.png,GGDYXW,SUCCESS,PMJAY,2026-05-05 11:08:22,2026-05-05 11:08:22
5222,captcha_5222.png,EH2D3P,SUCCESS,PMJAY,2026-05-05 11:08:50,2026-05-05 11:08:50
5223,captcha_5223.png,M84E2G,SUCCESS,PMJAY,2026-05-05 11:08:58,2026-05-05 11:08:58
5224,captcha_5224.png,EH2D3P,SUCCESS,PMJAY,2026-05-05 11:09:15,2026-05-05 11:09:15
5225,captcha_5225.png,EH2D3P,SUCCESS,PMJAY,2026-05-05 11:09:36,2026-05-05 11:09:36
5226,captcha_5226.png,DYHP86,SUCCESS,PMJAY,2026-05-05 11:10:24,2026-05-05 11:10:24
5227,captcha_5227.png,24PPHK,SUCCESS,PMJAY,2026-05-05 11:10:34,2026-05-05 11:10:34
5228,captcha_5228.png,DYHP86,SUCCESS,PMJAY,2026-05-05 11:10:45,2026-05-05 11:10:45
5229,captcha_5229.png,G6824H,SUCCESS,PMJAY,2026-05-05 11:12:18,2026-05-05 11:12:18
5230,captcha_5230.png,DMCPBN,SUCCESS,PMJAY,2026-05-05 11:13:22,2026-05-05 11:13:22
5231,captcha_5231.png,DMCPBN,SUCCESS,PMJAY,2026-05-05 11:17:05,2026-05-05 11:17:05
5232,captcha_5232.png,DMCPBN,SUCCESS,PMJAY,2026-05-05 11:20:26,2026-05-05 11:20:26
5233,captcha_5233.png,5FBCMG,SUCCESS,PMJAY,2026-05-05 11:21:37,2026-05-05 11:21:37
5234,captcha_5234.png,7M5AGY,SUCCESS,PMJAY,2026-05-05 11:21:48,2026-05-05 11:21:48
5235,captcha_5235.png,CA8YWZ,SUCCESS,PMJAY,2026-05-05 11:23:33,2026-05-05 11:23:33
5236,captcha_5236.png,NR764F,SUCCESS,PMJAY,2026-05-05 11:23:38,2026-05-05 11:23:38
5237,captcha_5237.png,DCMNW3,SUCCESS,PMJAY,2026-05-05 11:23:42,2026-05-05 11:23:42
5238,captcha_5238.png,453GRH,SUCCESS,PMJAY,2026-05-05 11:23:54,2026-05-05 11:23:54
5239,captcha_5239.png,F2WH5E,SUCCESS,PMJAY,2026-05-05 11:24:37,2026-05-05 11:24:37
5240,captcha_5240.png,GNNAW6,SUCCESS,PMJAY,2026-05-05 11:24:45,2026-05-05 11:24:45
5241,captcha_5241.png,F2WH5E,SUCCESS,PMJAY,2026-05-05 11:24:57,2026-05-05 11:24:57
5242,captcha_5242.png,54F7CP,SUCCESS,PMJAY,2026-05-05 11:26:52,2026-05-05 11:26:52
5243,captcha_5243.png,YWG3FB,SUCCESS,PMJAY,2026-05-05 11:27:00,2026-05-05 11:27:00
5244,captcha_5244.png,54F7CP,SUCCESS,PMJAY,2026-05-05 11:27:07,2026-05-05 11:27:07
5245,captcha_5245.png,54F7CP,SUCCESS,PMJAY,2026-05-05 11:30:42,2026-05-05 11:30:42
5246,captcha_5246.png,54F7CP,SUCCESS,PMJAY,2026-05-05 11:33:51,2026-05-05 11:33:51
5247,captcha_5247.png,CK8FBE,SUCCESS,PMJAY,2026-05-05 11:33:57,2026-05-05 11:33:57
5248,captcha_5248.png,D7CRY2,SUCCESS,PMJAY,2026-05-05 11:34:08,2026-05-05 11:34:08
5249,captcha_5249.png,53EX26,SUCCESS,PMJAY,2026-05-05 11:51:20,2026-05-05 11:51:20
5250,captcha_5250.png,PRDR3R,SUCCESS,PMJAY,2026-05-05 11:51:43,2026-05-05 11:51:43
5251,captcha_5251.png,WADRWG,SUCCESS,PMJAY,2026-05-05 11:51:55,2026-05-05 11:51:55
5252,captcha_5252.png,28Y5C5,SUCCESS,PMJAY,2026-05-05 11:52:03,2026-05-05 11:52:03
5253,captcha_5253.png,44CA4E,SUCCESS,PMJAY,2026-05-05 11:52:12,2026-05-05 11:52:12
5254,captcha_5254.png,28Y5C5,SUCCESS,PMJAY,2026-05-05 11:52:23,2026-05-05 11:52:23
5255,captcha_5255.png,53EX26,SUCCESS,PMJAY,2026-05-05 11:53:02,2026-05-05 11:53:02
5256,captcha_5256.png,D2A3PB,SUCCESS,PMJAY,2026-05-05 11:53:46,2026-05-05 11:53:46
5257,captcha_5257.png,D2A3PB,SUCCESS,PMJAY,2026-05-05 11:53:50,2026-05-05 11:53:50
5258,captcha_5258.png,NHK6XG,SUCCESS,PMJAY,2026-05-05 11:53:54,2026-05-05 11:53:54
5259,captcha_5259.png,NHK6XG,SUCCESS,PMJAY,2026-05-05 11:53:58,2026-05-05 11:53:58
5260,captcha_5260.png,D2A3PB,SUCCESS,PMJAY,2026-05-05 11:54:25,2026-05-05 11:54:25
5261,captcha_5261.png,D2A3PB,SUCCESS,PMJAY,2026-05-05 11:54:49,2026-05-05 11:54:49
5262,captcha_5262.png,53EX26,SUCCESS,PMJAY,2026-05-05 11:55:14,2026-05-05 11:55:14
5263,captcha_5263.png,FRFAA2,SUCCESS,PMJAY,2026-05-05 11:55:51,2026-05-05 11:55:51
5264,captcha_5264.png,GX8KXK,SUCCESS,PMJAY,2026-05-05 11:55:59,2026-05-05 11:55:59
5265,captcha_5265.png,FRFAA2,SUCCESS,PMJAY,2026-05-05 11:56:11,2026-05-05 11:56:11
5266,captcha_5266.png,FRFAA2,SUCCESS,PMJAY,2026-05-05 11:56:15,2026-05-05 11:56:15
5267,captcha_5267.png,53EX26,SUCCESS,PMJAY,2026-05-05 11:56:20,2026-05-05 11:56:20
5268,captcha_5268.png,KX6PP6,SUCCESS,PMJAY,2026-05-05 11:58:39,2026-05-05 11:58:39
5269,captcha_5269.png,B2RY37,SUCCESS,PMJAY,2026-05-05 11:59:28,2026-05-05 11:59:28
5270,captcha_5270.png,RNPKDB,SUCCESS,PMJAY,2026-05-05 11:59:36,2026-05-05 11:59:36
5271,captcha_5271.png,E4XPYN,SUCCESS,PMJAY,2026-05-05 11:59:41,2026-05-05 11:59:41
5272,captcha_5272.png,B2RY37,SUCCESS,PMJAY,2026-05-05 11:59:57,2026-05-05 11:59:57
5273,captcha_5273.png,B2RY37,SUCCESS,PMJAY,2026-05-05 12:00:24,2026-05-05 12:00:24
5274,captcha_5274.png,B2RY37,SUCCESS,PMJAY,2026-05-05 12:03:10,2026-05-05 12:03:10
5275,captcha_5275.png,YEW87X,SUCCESS,PMJAY,2026-05-05 12:04:02,2026-05-05 12:04:02
5276,captcha_5276.png,X523C6,SUCCESS,PMJAY,2026-05-05 12:05:21,2026-05-05 12:05:22
5277,captcha_5277.png,X523C6,SUCCESS,PMJAY,2026-05-05 12:08:17,2026-05-05 12:08:17
5278,captcha_5278.png,X523C6,SUCCESS,PMJAY,2026-05-05 12:11:09,2026-05-05 12:11:09
5279,captcha_5279.png,H2A2BA,SUCCESS,PMJAY,2026-05-05 12:12:06,2026-05-05 12:12:06
5280,captcha_5280.png,8GXMMG,SUCCESS,PMJAY,2026-05-05 12:13:19,2026-05-05 12:13:19
5281,captcha_5281.png,H7KCR2,SUCCESS,PMJAY,2026-05-05 12:14:20,2026-05-05 12:14:20
5282,captcha_5282.png,7KPN36,SUCCESS,PMJAY,2026-05-05 12:14:28,2026-05-05 12:14:28
5283,captcha_5283.png,DA66R5,SUCCESS,PMJAY,2026-05-06 03:20:13,2026-05-06 03:20:14
5284,captcha_5284.png,DA66R5,SUCCESS,PMJAY,2026-05-06 03:20:21,2026-05-06 03:20:21
5285,captcha_5285.png,NMEDHG,SUCCESS,PMJAY,2026-05-06 03:21:33,2026-05-06 03:21:33
5286,captcha_5286.png,NMEDHG,SUCCESS,PMJAY,2026-05-06 03:21:38,2026-05-06 03:21:38
5287,captcha_5287.png,7RYK3K,SUCCESS,PMJAY,2026-05-06 03:22:32,2026-05-06 03:22:32
5288,captcha_5288.png,7RYK3K,SUCCESS,PMJAY,2026-05-06 03:22:35,2026-05-06 03:22:35
5289,captcha_5289.png,GRPR3M,SUCCESS,PMJAY,2026-05-06 03:22:43,2026-05-06 03:22:43
5290,captcha_5290.png,GRRP3M,SUCCESS,PMJAY,2026-05-06 03:22:48,2026-05-06 03:22:48
5291,captcha_5291.png,MNY3B7,SUCCESS,PMJAY,2026-05-06 03:22:52,2026-05-06 03:22:52
5292,captcha_5292.png,Y5ENP8,SUCCESS,PMJAY,2026-05-06 03:22:56,2026-05-06 03:22:56
5293,captcha_5293.png,3PKBDR,SUCCESS,PMJAY,2026-05-06 03:23:36,2026-05-06 03:23:36
5294,captcha_5294.png,CP8AGH,SUCCESS,PMJAY,2026-05-06 03:23:41,2026-05-06 03:23:41
5295,captcha_5295.png,DA66R5,SUCCESS,PMJAY,2026-05-06 03:23:45,2026-05-06 03:23:45
5296,captcha_5296.png,EKH63R,SUCCESS,PMJAY,2026-05-06 03:23:50,2026-05-06 03:23:50
5297,captcha_5297.png,8XB2EC,SUCCESS,PMJAY,2026-05-06 03:23:53,2026-05-06 03:23:53
5298,captcha_5298.png,7RYK3K,SUCCESS,PMJAY,2026-05-06 03:24:36,2026-05-06 03:24:36
5299,captcha_5299.png,NMEDHG,SUCCESS,PMJAY,2026-05-06 03:24:40,2026-05-06 03:24:40
5300,captcha_5300.png,DA66R5,SUCCESS,PMJAY,2026-05-06 03:26:41,2026-05-06 03:26:41
5301,captcha_5301.png,7RYK3K,SUCCESS,PMJAY,2026-05-06 03:27:31,2026-05-06 03:27:31
5302,captcha_5302.png,NMEDHG,SUCCESS,PMJAY,2026-05-06 03:27:35,2026-05-06 03:27:35
5303,captcha_5303.png,YMPNX8,SUCCESS,PMJAY,2026-05-06 03:28:09,2026-05-06 03:28:09
5304,captcha_5304.png,4RYANP,SUCCESS,PMJAY,2026-05-06 03:29:26,2026-05-06 03:29:26
5305,captcha_5305.png,7RYK3K,SUCCESS,PMJAY,2026-05-06 03:30:26,2026-05-06 03:30:26
5306,captcha_5306.png,YMPNX8,SUCCESS,PMJAY,2026-05-06 03:31:03,2026-05-06 03:31:03
5307,captcha_5307.png,4RYANP,SUCCESS,PMJAY,2026-05-06 03:32:20,2026-05-06 03:32:20
5308,captcha_5308.png,22BD4F,SUCCESS,PMJAY,2026-05-06 03:32:29,2026-05-06 03:32:29
5309,captcha_5309.png,WR7R4R,SUCCESS,PMJAY,2026-05-06 03:32:37,2026-05-06 03:32:37
5310,captcha_5310.png,YMPNX8,SUCCESS,PMJAY,2026-05-06 03:33:53,2026-05-06 03:33:53
5311,captcha_5311.png,4RYANP,SUCCESS,PMJAY,2026-05-06 03:35:10,2026-05-06 03:35:10
5312,captcha_5312.png,8MCX7K,SUCCESS,PMJAY,2026-05-06 03:35:58,2026-05-06 03:35:58
5313,captcha_5313.png,AHHYMA,SUCCESS,PMJAY,2026-05-06 03:37:18,2026-05-06 03:37:18
5314,captcha_5314.png,8MCX7K,SUCCESS,PMJAY,2026-05-06 03:38:57,2026-05-06 03:38:57
5315,captcha_5315.png,AHHYMA,SUCCESS,PMJAY,2026-05-06 03:40:16,2026-05-06 03:40:16
5316,captcha_5316.png,8MCX7K,SUCCESS,PMJAY,2026-05-06 03:41:52,2026-05-06 03:41:52
5317,captcha_5317.png,AHHYMA,SUCCESS,PMJAY,2026-05-06 03:43:12,2026-05-06 03:43:12
5318,captcha_5318.png,P6HYXP,SUCCESS,PMJAY,2026-05-06 03:43:55,2026-05-06 03:43:55
5319,captcha_5319.png,A5K772,SUCCESS,PMJAY,2026-05-06 03:45:19,2026-05-06 03:45:19
5320,captcha_5320.png,78AH4Y,SUCCESS,PMJAY,2026-05-06 03:45:28,2026-05-06 03:45:28
5321,captcha_5321.png,P6HYXP,SUCCESS,PMJAY,2026-05-06 03:46:55,2026-05-06 03:46:55
5322,captcha_5322.png,P6HYYP,SUCCESS,PMJAY,2026-05-06 03:49:49,2026-05-06 03:49:49
5323,captcha_5323.png,2KRW4N,SUCCESS,PMJAY,2026-05-06 03:51:52,2026-05-06 03:51:52
5324,captcha_5324.png,2KRW4N,SUCCESS,PMJAY,2026-05-06 03:54:51,2026-05-06 03:54:51
5325,captcha_5325.png,2KRW4N,SUCCESS,PMJAY,2026-05-06 03:57:46,2026-05-06 03:57:46
5326,captcha_5326.png,7MG8D2,SUCCESS,PMJAY,2026-05-06 03:59:51,2026-05-06 03:59:51
5327,captcha_5327.png,7MG8D2,SUCCESS,PMJAY,2026-05-06 04:02:45,2026-05-06 04:02:45
5328,captcha_5328.png,7MG8D2,SUCCESS,PMJAY,2026-05-06 04:05:45,2026-05-06 04:05:45
5329,captcha_5329.png,GA2WR6,SUCCESS,PMJAY,2026-05-06 04:07:27,2026-05-06 04:07:27
5330,captcha_5330.png,RCKGGB,SUCCESS,PMJAY,2026-05-06 04:07:39,2026-05-06 04:07:39
5331,captcha_5331.png,DBBP66,SUCCESS,PMJAY,2026-05-06 04:07:46,2026-05-06 04:07:46
5332,captcha_5332.png,DBBP66,SUCCESS,PMJAY,2026-05-06 04:10:45,2026-05-06 04:10:46
5333,captcha_5333.png,DBBP66,SUCCESS,PMJAY,2026-05-06 04:13:40,2026-05-06 04:13:40
5334,captcha_5334.png,FEHXXE,SUCCESS,PMJAY,2026-05-06 04:15:46,2026-05-06 04:15:46
5335,captcha_5335.png,FEHXXE,SUCCESS,PMJAY,2026-05-06 04:18:35,2026-05-06 04:18:35
5336,captcha_5336.png,FEHXXE,SUCCESS,PMJAY,2026-05-06 04:21:30,2026-05-06 04:21:30
5337,captcha_5337.png,2HECYH,SUCCESS,PMJAY,2026-05-06 04:23:38,2026-05-06 04:23:38
5338,captcha_5338.png,2HECYH,SUCCESS,PMJAY,2026-05-06 04:26:31,2026-05-06 04:26:31
5339,captcha_5339.png,2HECYH,SUCCESS,PMJAY,2026-05-06 04:29:20,2026-05-06 04:29:21
5340,captcha_5340.png,RK6FYR,SUCCESS,PMJAY,2026-05-06 04:31:31,2026-05-06 04:31:31
5341,captcha_5341.png,R76B4M,SUCCESS,PMJAY,2026-05-06 04:31:39,2026-05-06 04:31:39
5342,captcha_5342.png,CCG4MC,SUCCESS,PMJAY,2026-05-06 04:31:44,2026-05-06 04:31:44
5343,captcha_5343.png,RK6FYR,SUCCESS,PMJAY,2026-05-06 04:31:54,2026-05-06 04:31:54
5344,captcha_5344.png,RK6FYR,SUCCESS,PMJAY,2026-05-06 04:34:45,2026-05-06 04:34:45
5345,captcha_5345.png,RK6FYR,SUCCESS,PMJAY,2026-05-06 04:35:56,2026-05-06 04:35:56
5346,captcha_5346.png,RK6FYR,SUCCESS,PMJAY,2026-05-06 04:37:34,2026-05-06 04:37:35
5347,captcha_5347.png,DX6EDW,SUCCESS,PMJAY,2026-05-06 04:39:43,2026-05-06 04:39:43
5348,captcha_5348.png,YNPP8M,SUCCESS,PMJAY,2026-05-06 04:42:31,2026-05-06 04:42:31
5349,captcha_5349.png,GFBAHA,SUCCESS,PMJAY,2026-05-06 04:42:42,2026-05-06 04:42:42
5350,captcha_5350.png,3D67R6,SUCCESS,PMJAY,2026-05-06 05:02:20,2026-05-06 05:02:20
5351,captcha_5351.png,3D67R6,SUCCESS,PMJAY,2026-05-06 05:02:26,2026-05-06 05:02:26
5352,captcha_5352.png,3D67R6,SUCCESS,PMJAY,2026-05-06 05:03:44,2026-05-06 05:03:44
5353,captcha_5353.png,3D67R6,SUCCESS,PMJAY,2026-05-06 05:05:08,2026-05-06 05:05:08
5354,captcha_5354.png,4H6KYA,SUCCESS,PMJAY,2026-05-06 05:06:22,2026-05-06 05:06:22
5355,captcha_5355.png,3D67R6,SUCCESS,PMJAY,2026-05-06 05:07:53,2026-05-06 05:07:53
5356,captcha_5356.png,BM78YW,SUCCESS,PMJAY,2026-05-06 05:08:06,2026-05-06 05:08:06
5357,captcha_5357.png,8YXYDB,SUCCESS,PMJAY,2026-05-06 05:08:27,2026-05-06 05:08:27
5358,captcha_5358.png,6KKBNF,SUCCESS,PMJAY,2026-05-06 05:08:37,2026-05-06 05:08:37
5359,captcha_5359.png,BGB78M,SUCCESS,PMJAY,2026-05-06 05:12:15,2026-05-06 05:12:15
5360,captcha_5360.png,BGB78M,SUCCESS,PMJAY,2026-05-06 05:12:20,2026-05-06 05:12:20
5361,captcha_5361.png,BDEA2G,SUCCESS,PMJAY,2026-05-06 05:12:24,2026-05-06 05:12:24
5362,captcha_5362.png,BDEA2G,SUCCESS,PMJAY,2026-05-06 05:12:28,2026-05-06 05:12:28
5363,captcha_5363.png,EB4YBP,SUCCESS,PMJAY,2026-05-06 05:17:03,2026-05-06 05:17:03
5364,captcha_5364.png,BE3F8K,SUCCESS,PMJAY,2026-05-06 05:17:14,2026-05-06 05:17:14
5365,captcha_5365.png,X6R2BH,SUCCESS,PMJAY,2026-05-06 05:18:58,2026-05-06 05:18:58
5366,captcha_5366.png,64BM8H,SUCCESS,PMJAY,2026-05-06 05:19:06,2026-05-06 05:19:06
5367,captcha_5367.png,X6R2BH,SUCCESS,PMJAY,2026-05-06 05:19:29,2026-05-06 05:19:29
5368,captcha_5368.png,P3K3P6,SUCCESS,PMJAY,2026-05-06 05:19:51,2026-05-06 05:19:51
5369,captcha_5369.png,EDBRWD,SUCCESS,PMJAY,2026-05-06 05:19:59,2026-05-06 05:19:59
5370,captcha_5370.png,WEKW6N,SUCCESS,PMJAY,2026-05-06 05:20:59,2026-05-06 05:21:00
5371,captcha_5371.png,PPYXB5,SUCCESS,PMJAY,2026-05-06 05:21:07,2026-05-06 05:21:07
5372,captcha_5372.png,3K3H86,SUCCESS,PMJAY,2026-05-06 05:23:53,2026-05-06 05:23:53
5373,captcha_5373.png,557CWX,SUCCESS,PMJAY,2026-05-06 05:24:01,2026-05-06 05:24:01
5374,captcha_5374.png,GRB2KM,SUCCESS,PMJAY,2026-05-06 05:38:36,2026-05-06 05:38:36
5375,captcha_5375.png,PCDN6P,SUCCESS,PMJAY,2026-05-06 05:38:44,2026-05-06 05:38:44
5376,captcha_5376.png,XEXKCA,SUCCESS,PMJAY,2026-05-06 05:39:30,2026-05-06 05:39:30
5377,captcha_5377.png,XEXKCA,SUCCESS,PMJAY,2026-05-06 05:42:49,2026-05-06 05:42:49
5378,captcha_5378.png,GRB2KM,SUCCESS,PMJAY,2026-05-06 05:47:03,2026-05-06 05:47:03
5379,captcha_5379.png,PMPX8G,SUCCESS,PMJAY,2026-05-06 05:47:29,2026-05-06 05:47:29
5380,captcha_5380.png,PMPX8G,SUCCESS,PMJAY,2026-05-06 05:47:45,2026-05-06 05:47:45
5381,captcha_5381.png,EX3C8A,SUCCESS,PMJAY,2026-05-06 05:47:53,2026-05-06 05:47:53
5382,captcha_5382.png,E8KDG5,SUCCESS,PMJAY,2026-05-06 05:48:18,2026-05-06 05:48:18
5383,captcha_5383.png,6MFPG R,SUCCESS,PMJAY,2026-05-06 05:50:12,2026-05-06 05:50:12
5384,captcha_5384.png,4MH5A7,SUCCESS,PMJAY,2026-05-06 05:50:42,2026-05-06 05:50:42
5385,captcha_5385.png,E8KDG5,SUCCESS,PMJAY,2026-05-06 05:51:39,2026-05-06 05:51:39
5386,captcha_5386.png,E8KDG5,SUCCESS,PMJAY,2026-05-06 05:55:16,2026-05-06 05:55:16
5387,captcha_5387.png,6BH668,SUCCESS,PMJAY,2026-05-06 05:56:22,2026-05-06 05:56:22
5388,captcha_5388.png,YRX5D4,SUCCESS,PMJAY,2026-05-06 05:56:34,2026-05-06 05:56:34
5389,captcha_5389.png,WYW52M,SUCCESS,PMJAY,2026-05-06 05:57:27,2026-05-06 05:57:27
5390,captcha_5390.png,YCPYD2,SUCCESS,PMJAY,2026-05-06 05:57:32,2026-05-06 05:57:32
5391,captcha_5391.png,5H853A,SUCCESS,PMJAY,2026-05-06 05:57:36,2026-05-06 05:57:36
5392,captcha_5392.png,7P3FN5,SUCCESS,PMJAY,2026-05-06 05:57:54,2026-05-06 05:57:54
5393,captcha_5393.png,B6HPXK,SUCCESS,PMJAY,2026-05-06 05:58:02,2026-05-06 05:58:02
5394,captcha_5394.png,7P3FN5,SUCCESS,PMJAY,2026-05-06 05:58:27,2026-05-06 05:58:27
5395,captcha_5395.png,GRKN6F,SUCCESS,PMJAY,2026-05-06 05:58:44,2026-05-06 05:58:44
5396,captcha_5396.png,B6HPXK,SUCCESS,PMJAY,2026-05-06 05:58:52,2026-05-06 05:58:52
5397,captcha_5397.png,RWW4YR,SUCCESS,PMJAY,2026-05-06 05:58:56,2026-05-06 05:58:56
5398,captcha_5398.png,GRKN6F,SUCCESS,PMJAY,2026-05-06 05:59:09,2026-05-06 05:59:09
5399,captcha_5399.png,WWGPYY,SUCCESS,PMJAY,2026-05-06 05:59:27,2026-05-06 05:59:27
5400,captcha_5400.png,RWW4YR,SUCCESS,PMJAY,2026-05-06 05:59:33,2026-05-06 05:59:33
5401,captcha_5401.png,G7XG88,SUCCESS,PMJAY,2026-05-06 05:59:38,2026-05-06 05:59:38
5402,captcha_5402.png,GRKN6F,SUCCESS,PMJAY,2026-05-06 05:59:43,2026-05-06 05:59:43
5403,captcha_5403.png,MCY2FD,SUCCESS,PMJAY,2026-05-06 06:00:28,2026-05-06 06:00:28
5404,captcha_5404.png,YHDMN8,SUCCESS,PMJAY,2026-05-06 06:00:37,2026-05-06 06:00:37
5405,captcha_5405.png,84358B,SUCCESS,PMJAY,2026-05-06 06:00:44,2026-05-06 06:00:44
5406,captcha_5406.png,5Y6P3D,SUCCESS,PMJAY,2026-05-06 06:00:49,2026-05-06 06:00:49
5407,captcha_5407.png,GRKN6F,SUCCESS,PMJAY,2026-05-06 06:00:59,2026-05-06 06:00:59
5408,captcha_5408.png,F7GYCE,SUCCESS,PMJAY,2026-05-06 06:02:34,2026-05-06 06:02:34
5409,captcha_5409.png,GRKN6F,SUCCESS,PMJAY,2026-05-06 06:03:54,2026-05-06 06:03:54
5410,captcha_5410.png,GRKN6F,SUCCESS,PMJAY,2026-05-06 06:06:44,2026-05-06 06:06:44
5411,captcha_5411.png,2NEACX,SUCCESS,PMJAY,2026-05-06 06:08:51,2026-05-06 06:08:51
5412,captcha_5412.png,575FF5,SUCCESS,PMJAY,2026-05-06 06:09:47,2026-05-06 06:09:47
5413,captcha_5413.png,6B8HDY,SUCCESS,PMJAY,2026-05-06 06:10:11,2026-05-06 06:10:11
5414,captcha_5414.png,56WNPY,SUCCESS,PMJAY,2026-05-06 06:10:19,2026-05-06 06:10:19
5415,captcha_5415.png,2YX433,SUCCESS,PMJAY,2026-05-06 06:10:25,2026-05-06 06:10:25
5416,captcha_5416.png,X3RFYA,SUCCESS,PMJAY,2026-05-06 06:10:33,2026-05-06 06:10:33
5417,captcha_5417.png,2YX433,SUCCESS,PMJAY,2026-05-06 06:10:45,2026-05-06 06:10:45
5418,captcha_5418.png,KD8B46,SUCCESS,PMJAY,2026-05-06 06:21:13,2026-05-06 06:21:13
5419,captcha_5419.png,6DHPR8,SUCCESS,PMJAY,2026-05-06 06:21:21,2026-05-06 06:21:21
5420,captcha_5420.png,Y83KM7,SUCCESS,PMJAY,2026-05-06 06:25:21,2026-05-06 06:25:22
5421,captcha_5421.png,EER2MW,SUCCESS,PMJAY,2026-05-06 06:25:29,2026-05-06 06:25:29
5422,captcha_5422.png,BE5HMC,SUCCESS,PMJAY,2026-05-06 06:26:40,2026-05-06 06:26:40
5423,captcha_5423.png,NKD7WZ,SUCCESS,PMJAY,2026-05-06 06:31:19,2026-05-06 06:31:20
5424,captcha_5424.png,RFCEGE,SUCCESS,PMJAY,2026-05-06 06:31:24,2026-05-06 06:31:24
5425,captcha_5425.png,BR25MX,SUCCESS,PMJAY,2026-05-06 06:31:32,2026-05-06 06:31:32
5426,captcha_5426.png,W4KWND,SUCCESS,PMJAY,2026-05-06 06:34:21,2026-05-06 06:34:21
5427,captcha_5427.png,8EF7N8,SUCCESS,PMJAY,2026-05-06 06:34:29,2026-05-06 06:34:29
5428,captcha_5428.png,EKD473,SUCCESS,PMJAY,2026-05-06 06:35:52,2026-05-06 06:35:52
5429,captcha_5429.png,M8W85R,SUCCESS,PMJAY,2026-05-06 06:36:01,2026-05-06 06:36:01
5430,captcha_5430.png,5588C5,SUCCESS,PMJAY,2026-05-06 06:40:51,2026-05-06 06:40:51
5431,captcha_5431.png,EYDX77,SUCCESS,PMJAY,2026-05-06 06:42:15,2026-05-06 06:42:15
5432,captcha_5432.png,Y463R3,SUCCESS,PMJAY,2026-05-06 06:43:22,2026-05-06 06:43:22
5433,captcha_5433.png,DXBXWK,SUCCESS,PMJAY,2026-05-06 06:43:40,2026-05-06 06:43:40
5434,captcha_5434.png,PGPN2X,SUCCESS,PMJAY,2026-05-06 06:45:38,2026-05-06 06:45:38
5435,captcha_5435.png,GC6MWV6,SUCCESS,PMJAY,2026-05-06 06:54:50,2026-05-06 06:54:50
5436,captcha_5436.png,5PY6NH,SUCCESS,PMJAY,2026-05-06 06:55:28,2026-05-06 06:55:28
5437,captcha_5437.png,D4EMK2,SUCCESS,PMJAY,2026-05-06 06:55:32,2026-05-06 06:55:32
5438,captcha_5438.png,5PY6NH,SUCCESS,PMJAY,2026-05-06 06:55:37,2026-05-06 06:55:37
5439,captcha_5439.png,GRXME7,SUCCESS,PMJAY,2026-05-06 06:55:42,2026-05-06 06:55:42
5440,captcha_5440.png,BYCBFX,SUCCESS,PMJAY,2026-05-06 06:56:27,2026-05-06 06:56:27
5441,captcha_5441.png,F2RAXN,SUCCESS,PMJAY,2026-05-06 06:56:36,2026-05-06 06:56:36
5442,captcha_5442.png,DDKPWX,SUCCESS,PMJAY,2026-05-06 06:57:00,2026-05-06 06:57:00
5443,captcha_5443.png,3P836B,SUCCESS,PMJAY,2026-05-06 06:57:12,2026-05-06 06:57:12
5444,captcha_5444.png,4AKH3W,SUCCESS,PMJAY,2026-05-06 07:01:22,2026-05-06 07:01:22
5445,captcha_5445.png,NY5WEY,SUCCESS,PMJAY,2026-05-06 07:01:30,2026-05-06 07:01:30
5446,captcha_5446.png,R657M5,SUCCESS,PMJAY,2026-05-06 07:21:58,2026-05-06 07:21:58
5447,captcha_5447.png,2N288E,SUCCESS,PMJAY,2026-05-06 07:22:54,2026-05-06 07:22:54
5448,captcha_5448.png,NA2B7Y,SUCCESS,PMJAY,2026-05-06 07:22:58,2026-05-06 07:22:58
5449,captcha_5449.png,H4X3MM,SUCCESS,PMJAY,2026-05-06 07:23:02,2026-05-06 07:23:02
5450,captcha_5450.png,D3HE2E,SUCCESS,PMJAY,2026-05-06 07:23:09,2026-05-06 07:23:09
5451,captcha_5451.png,CW8E3Y,SUCCESS,PMJAY,2026-05-06 07:23:13,2026-05-06 07:23:13
5452,captcha_5452.png,WE5FA,SUCCESS,PMJAY,2026-05-06 07:23:48,2026-05-06 07:23:48
5453,captcha_5453.png,WE5FA,SUCCESS,PMJAY,2026-05-06 07:26:55,2026-05-06 07:26:55
5454,captcha_5454.png,WE5EFA,SUCCESS,PMJAY,2026-05-06 07:27:55,2026-05-06 07:27:55
5455,captcha_5455.png,XH5HBX,SUCCESS,PMJAY,2026-05-06 07:44:58,2026-05-06 07:44:58
5456,captcha_5456.png,X3XMFF,SUCCESS,PMJAY,2026-05-06 07:45:09,2026-05-06 07:45:09
5457,captcha_5457.png,3RGKYF,SUCCESS,PMJAY,2026-05-06 07:45:31,2026-05-06 07:45:31
5458,captcha_5458.png,HDYGPF,SUCCESS,PMJAY,2026-05-06 07:45:39,2026-05-06 07:45:39
5459,captcha_5459.png,FH4K5E,SUCCESS,PMJAY,2026-05-06 07:46:25,2026-05-06 07:46:25
5460,captcha_5460.png,MMR343,SUCCESS,PMJAY,2026-05-06 07:46:59,2026-05-06 07:46:59
5461,captcha_5461.png,H8ADCD,SUCCESS,PMJAY,2026-05-06 07:48:48,2026-05-06 07:48:48
5462,captcha_5462.png,35F427,SUCCESS,PMJAY,2026-05-06 07:48:57,2026-05-06 07:48:57
5463,captcha_5463.png,R6FMA7,SUCCESS,PMJAY,2026-05-06 08:22:53,2026-05-06 08:22:53
5464,captcha_5464.png,YNYRA3,SUCCESS,PMJAY,2026-05-06 08:22:58,2026-05-06 08:22:58
5465,captcha_5465.png,5YC4F5,SUCCESS,PMJAY,2026-05-06 08:23:12,2026-05-06 08:23:12
5466,captcha_5466.png,RNDWPY,SUCCESS,PMJAY,2026-05-06 08:23:17,2026-05-06 08:23:17
5467,captcha_5467.png,6B4B6C,SUCCESS,PMJAY,2026-05-06 08:23:22,2026-05-06 08:23:22
5468,captcha_5468.png,F3M844,SUCCESS,PMJAY,2026-05-06 08:23:54,2026-05-06 08:23:54
5469,captcha_5469.png,WP8G8D,SUCCESS,PMJAY,2026-05-06 08:23:57,2026-05-06 08:23:57
5470,captcha_5470.png,8MA76E,SUCCESS,PMJAY,2026-05-06 08:24:07,2026-05-06 08:24:07
5471,captcha_5471.png,RYKG7M,SUCCESS,PMJAY,2026-05-06 08:24:39,2026-05-06 08:24:39
5472,captcha_5472.png,D6HDY5,SUCCESS,PMJAY,2026-05-06 08:24:48,2026-05-06 08:24:48
5473,captcha_5473.png,RNDWPY,SUCCESS,PMJAY,2026-05-06 08:25:17,2026-05-06 08:25:17
5474,captcha_5474.png,MMK5EY,SUCCESS,PMJAY,2026-05-06 08:25:27,2026-05-06 08:25:27
5475,captcha_5475.png,E3AYFC,SUCCESS,PMJAY,2026-05-06 08:25:35,2026-05-06 08:25:35
5476,captcha_5476.png,5EPKR6,SUCCESS,PMJAY,2026-05-06 08:53:50,2026-05-06 08:53:50
5477,captcha_5477.png,F3HMMY,SUCCESS,PMJAY,2026-05-06 08:54:59,2026-05-06 08:54:59
5478,captcha_5478.png,HPYMCG,SUCCESS,PMJAY,2026-05-06 08:55:27,2026-05-06 08:55:27
5479,captcha_5479.png,B4EXB2,SUCCESS,PMJAY,2026-05-06 08:57:05,2026-05-06 08:57:05
5480,captcha_5480.png,N8H8BF,SUCCESS,PMJAY,2026-05-06 08:57:31,2026-05-06 08:57:31
5481,captcha_5481.png,W85NWK,SUCCESS,PMJAY,2026-05-06 08:58:07,2026-05-06 08:58:07
5482,captcha_5482.png,B85CDD,SUCCESS,PMJAY,2026-05-06 08:58:38,2026-05-06 08:58:38
5483,captcha_5483.png,WP6BRD,SUCCESS,PMJAY,2026-05-06 08:58:46,2026-05-06 08:58:46
5484,captcha_5484.png,FYYY8M,SUCCESS,PMJAY,2026-05-06 09:15:59,2026-05-06 09:15:59
5485,captcha_5485.png,CYFM8D,SUCCESS,PMJAY,2026-05-06 09:16:07,2026-05-06 09:16:07
5486,captcha_5486.png,D4EHH6,SUCCESS,PMJAY,2026-05-06 09:22:10,2026-05-06 09:22:10
5487,captcha_5487.png,WK5P7R,SUCCESS,PMJAY,2026-05-06 09:22:21,2026-05-06 09:22:21
5488,captcha_5488.png,7FYP7X,SUCCESS,PMJAY,2026-05-06 09:23:49,2026-05-06 09:23:49
5489,captcha_5489.png,WME83X,SUCCESS,PMJAY,2026-05-06 09:23:59,2026-05-06 09:23:59
5490,captcha_5490.png,PP4WCP,SUCCESS,PMJAY,2026-05-06 09:27:04,2026-05-06 09:27:04
5491,captcha_5491.png,PP4WCP,SUCCESS,PMJAY,2026-05-06 09:27:08,2026-05-06 09:27:08
5492,captcha_5492.png,CCYAH4,SUCCESS,PMJAY,2026-05-06 09:28:45,2026-05-06 09:28:45
5493,captcha_5493.png,NCD3DN,SUCCESS,PMJAY,2026-05-06 09:30:02,2026-05-06 09:30:02
5494,captcha_5494.png,XFA7DC,SUCCESS,PMJAY,2026-05-06 09:30:11,2026-05-06 09:30:11
5495,captcha_5495.png,D4E38E,SUCCESS,PMJAY,2026-05-06 09:46:21,2026-05-06 09:46:21
5496,captcha_5496.png,YYBX4A,SUCCESS,PMJAY,2026-05-06 09:46:32,2026-05-06 09:46:32
5497,captcha_5497.png,CFRF57,SUCCESS,PMJAY,2026-05-06 09:51:41,2026-05-06 09:51:41
5498,captcha_5498.png,PNX726,SUCCESS,PMJAY,2026-05-06 09:59:47,2026-05-06 09:59:47
5499,captcha_5499.png,CCWNHG,SUCCESS,PMJAY,2026-05-07 05:05:08,2026-05-07 05:05:08
5500,captcha_5500.png,DGXBCW,SUCCESS,PMJAY,2026-05-07 05:05:19,2026-05-07 05:05:19
5501,captcha_5501.png,3557G3,SUCCESS,PMJAY,2026-05-07 05:06:31,2026-05-07 05:06:31
5502,captcha_5502.png,5GEP2C,SUCCESS,PMJAY,2026-05-07 05:07:21,2026-05-07 05:07:21
5503,captcha_5503.png,PACX6H,SUCCESS,PMJAY,2026-05-07 05:08:51,2026-05-07 05:08:51
5504,captcha_5504.png,MGDG4H,SUCCESS,PMJAY,2026-05-07 05:09:03,2026-05-07 05:09:03
5505,captcha_5505.png,7FRC7P,SUCCESS,PMJAY,2026-05-07 05:10:07,2026-05-07 05:10:07
5506,captcha_5506.png,KRPKCC,SUCCESS,PMJAY,2026-05-07 05:35:44,2026-05-07 05:35:44
5507,captcha_5507.png,NGDG72,SUCCESS,PMJAY,2026-05-07 05:39:44,2026-05-07 05:39:44
5508,captcha_5508.png,KHCG4C,SUCCESS,PMJAY,2026-05-07 05:42:43,2026-05-07 05:42:43
5509,captcha_5509.png,F3EWK6,SUCCESS,PMJAY,2026-05-07 06:05:20,2026-05-07 06:05:20
5510,captcha_5510.png,R66ENW,SUCCESS,PMJAY,2026-05-07 06:09:44,2026-05-07 06:09:44
5511,captcha_5511.png,DH2Y24,SUCCESS,PMJAY,2026-05-07 06:10:44,2026-05-07 06:10:44
5512,captcha_5512.png,NCX3Y3,SUCCESS,PMJAY,2026-05-07 06:13:28,2026-05-07 06:13:28
5513,captcha_5513.png,B8EXMC,SUCCESS,PMJAY,2026-05-07 06:38:27,2026-05-07 06:38:27
5514,captcha_5514.png,YX8FPH,SUCCESS,PMJAY,2026-05-07 06:38:37,2026-05-07 06:38:37
5515,captcha_5515.png,KK3AN4,SUCCESS,PMJAY,2026-05-07 06:41:40,2026-05-07 06:41:40
5516,captcha_5516.png,HEPE2A,SUCCESS,PMJAY,2026-05-07 06:41:51,2026-05-07 06:41:51
5517,captcha_5517.png,DFC2PD,SUCCESS,PMJAY,2026-05-07 06:48:01,2026-05-07 06:48:02
5518,captcha_5518.png,D5E726,SUCCESS,PMJAY,2026-05-07 06:48:10,2026-05-07 06:48:10
5519,captcha_5519.png,DF4GXY,SUCCESS,PMJAY,2026-05-07 06:55:39,2026-05-07 06:55:39
5520,captcha_5520.png,DF4GXY,SUCCESS,PMJAY,2026-05-07 06:59:13,2026-05-07 06:59:13
5521,captcha_5521.png,DF4GXY,SUCCESS,PMJAY,2026-05-07 07:02:48,2026-05-07 07:02:48
5522,captcha_5522.png,G6BBNF,SUCCESS,PMJAY,2026-05-07 07:03:20,2026-05-07 07:03:20
5523,captcha_5523.png,WCR2KY,SUCCESS,PMJAY,2026-05-07 07:03:39,2026-05-07 07:03:39
5524,captcha_5524.png,7N6EKG,SUCCESS,PMJAY,2026-05-07 07:05:25,2026-05-07 07:05:25
5525,captcha_5525.png,PCC76M,SUCCESS,PMJAY,2026-05-07 07:10:18,2026-05-07 07:10:18
5526,captcha_5526.png,XWPP2X,SUCCESS,PMJAY,2026-05-07 07:10:27,2026-05-07 07:10:27
5527,captcha_5527.png,3RM8H7,SUCCESS,PMJAY,2026-05-07 07:17:15,2026-05-07 07:17:15
5528,captcha_5528.png,3RM8H7,SUCCESS,PMJAY,2026-05-07 07:20:48,2026-05-07 07:20:48
5529,captcha_5529.png,3RM8H7,SUCCESS,PMJAY,2026-05-07 07:24:19,2026-05-07 07:24:19
5530,captcha_5530.png,6MNBY4,SUCCESS,PMJAY,2026-05-07 07:25:48,2026-05-07 07:25:48
5531,captcha_5531.png,6MNBY4,SUCCESS,PMJAY,2026-05-07 07:29:50,2026-05-07 07:29:50
5532,captcha_5532.png,6MNBY4,SUCCESS,PMJAY,2026-05-07 07:33:50,2026-05-07 07:33:50
5533,captcha_5533.png,85554A,SUCCESS,PMJAY,2026-05-07 07:34:51,2026-05-07 07:34:51
5534,captcha_5534.png,85554A,SUCCESS,PMJAY,2026-05-07 07:38:50,2026-05-07 07:38:50
5535,captcha_5535.png,6N3R86,SUCCESS,PMJAY,2026-05-07 07:41:57,2026-05-07 07:41:57
5536,captcha_5536.png,F3283R,SUCCESS,PMJAY,2026-05-07 07:42:08,2026-05-07 07:42:08
5537,captcha_5537.png,85554A,SUCCESS,PMJAY,2026-05-07 07:42:50,2026-05-07 07:42:50
5538,captcha_5538.png,5M8BX2,SUCCESS,PMJAY,2026-05-07 07:43:52,2026-05-07 07:43:52
5539,captcha_5539.png,5M8BX2,SUCCESS,PMJAY,2026-05-07 07:47:50,2026-05-07 07:47:50
5540,captcha_5540.png,5M8BX2,SUCCESS,PMJAY,2026-05-07 07:51:50,2026-05-07 07:51:50
5541,captcha_5541.png,4HC3AA,SUCCESS,PMJAY,2026-05-07 07:52:52,2026-05-07 07:52:52
5542,captcha_5542.png,CP53GY,SUCCESS,PMJAY,2026-05-07 07:52:58,2026-05-07 07:52:58
5543,captcha_5543.png,FCGKXM,SUCCESS,PMJAY,2026-05-07 07:53:09,2026-05-07 07:53:09
5544,captcha_5544.png,ED4RE7,SUCCESS,PMJAY,2026-05-07 07:57:31,2026-05-07 07:57:31
5545,captcha_5545.png,6HPP5N,SUCCESS,PMJAY,2026-05-07 07:57:42,2026-05-07 07:57:42
5546,captcha_5546.png,M5RB2E,SUCCESS,PMJAY,2026-05-07 07:58:17,2026-05-07 07:58:17
5547,captcha_5547.png,G7326G,SUCCESS,PMJAY,2026-05-07 07:58:43,2026-05-07 07:58:43
5548,captcha_5548.png,XYR5MR,SUCCESS,PMJAY,2026-05-07 07:58:54,2026-05-07 07:58:54
5549,captcha_5549.png,M5RB2E,SUCCESS,PMJAY,2026-05-07 08:02:50,2026-05-07 08:02:50
5550,captcha_5550.png,EE8FCR,SUCCESS,PMJAY,2026-05-07 08:03:18,2026-05-07 08:03:18
5551,captcha_5551.png,7F7838,SUCCESS,PMJAY,2026-05-07 08:03:26,2026-05-07 08:03:26
5552,captcha_5552.png,M5RB2E,SUCCESS,PMJAY,2026-05-07 08:06:50,2026-05-07 08:06:50
5553,captcha_5553.png,B5GC7F,SUCCESS,PMJAY,2026-05-07 08:07:50,2026-05-07 08:07:50
5554,captcha_5554.png,6PGBAW,SUCCESS,PMJAY,2026-05-07 08:07:54,2026-05-07 08:07:54
5555,captcha_5555.png,44CAGX,SUCCESS,PMJAY,2026-05-07 08:08:00,2026-05-07 08:08:01
5556,captcha_5556.png,6PGBAW,SUCCESS,PMJAY,2026-05-07 08:11:50,2026-05-07 08:11:50
5557,captcha_5557.png,G85KG6,SUCCESS,PMJAY,2026-05-07 08:12:23,2026-05-07 08:12:23
5558,captcha_5558.png,NNAE4M,SUCCESS,PMJAY,2026-05-07 08:12:34,2026-05-07 08:12:34
5559,captcha_5559.png,6PGBAW,SUCCESS,PMJAY,2026-05-07 08:15:50,2026-05-07 08:15:50
5560,captcha_5560.png,YNFCHE,SUCCESS,PMJAY,2026-05-07 08:16:53,2026-05-07 08:16:53
5561,captcha_5561.png,CC7KA2,SUCCESS,PMJAY,2026-05-07 08:16:57,2026-05-07 08:16:57
5562,captcha_5562.png,F2MEG3,SUCCESS,PMJAY,2026-05-07 08:17:07,2026-05-07 08:17:07
5563,captcha_5563.png,YNFCHE,SUCCESS,PMJAY,2026-05-07 08:20:50,2026-05-07 08:20:50
5564,captcha_5564.png,87G8EC,SUCCESS,PMJAY,2026-05-07 08:21:33,2026-05-07 08:21:33
5565,captcha_5565.png,RCWWGG,SUCCESS,PMJAY,2026-05-07 08:21:43,2026-05-07 08:21:43
5566,captcha_5566.png,YNFCHE,SUCCESS,PMJAY,2026-05-07 08:24:50,2026-05-07 08:24:50
5567,captcha_5567.png,EAMMBB,SUCCESS,PMJAY,2026-05-07 08:25:52,2026-05-07 08:25:52
5568,captcha_5568.png,7HX3AM,SUCCESS,PMJAY,2026-05-07 08:26:08,2026-05-07 08:26:08
5569,captcha_5569.png,ENYRW3,SUCCESS,PMJAY,2026-05-07 08:27:30,2026-05-07 08:27:30
5570,captcha_5570.png,7HX3AM,SUCCESS,PMJAY,2026-05-07 08:29:50,2026-05-07 08:29:50
5571,captcha_5571.png,EAMMBB,SUCCESS,PMJAY,2026-05-07 08:29:54,2026-05-07 08:29:54
5572,captcha_5572.png,ENYRW3,SUCCESS,PMJAY,2026-05-07 08:31:50,2026-05-07 08:31:50
5573,captcha_5573.png,EAMMBB,SUCCESS,PMJAY,2026-05-07 08:33:50,2026-05-07 08:33:50
5574,captcha_5574.png,7HX3AM,SUCCESS,PMJAY,2026-05-07 08:33:54,2026-05-07 08:33:54
5575,captcha_5575.png,CW2WAF,SUCCESS,PMJAY,2026-05-07 08:34:52,2026-05-07 08:34:52
5576,captcha_5576.png,CAA8XM,SUCCESS,PMJAY,2026-05-07 08:34:56,2026-05-07 08:34:56
5577,captcha_5577.png,NDRA2P,SUCCESS,PMJAY,2026-05-07 08:35:04,2026-05-07 08:35:04
5578,captcha_5578.png,ENYRW3,SUCCESS,PMJAY,2026-05-07 08:35:50,2026-05-07 08:35:50
5579,captcha_5579.png,7G2KB5,SUCCESS,PMJAY,2026-05-07 08:36:53,2026-05-07 08:36:53
5580,captcha_5580.png,CAA8XM,SUCCESS,PMJAY,2026-05-07 08:38:50,2026-05-07 08:38:50
5581,captcha_5581.png,XAK2DA,SUCCESS,PMJAY,2026-05-07 08:39:22,2026-05-07 08:39:22
5582,captcha_5582.png,CM3BN2,SUCCESS,PMJAY,2026-05-07 08:39:33,2026-05-07 08:39:33
5583,captcha_5583.png,7G2KB5,SUCCESS,PMJAY,2026-05-07 08:40:50,2026-05-07 08:40:50
5584,captcha_5584.png,CAA8XM,SUCCESS,PMJAY,2026-05-07 08:42:50,2026-05-07 08:42:50
5585,captcha_5585.png,RA6HM7,SUCCESS,PMJAY,2026-05-07 08:43:51,2026-05-07 08:43:51
5586,captcha_5586.png,F8R5BN,SUCCESS,PMJAY,2026-05-07 08:43:55,2026-05-07 08:43:55
5587,captcha_5587.png,YDNHFN,SUCCESS,PMJAY,2026-05-07 08:44:06,2026-05-07 08:44:06
5588,captcha_5588.png,7G2KB5,SUCCESS,PMJAY,2026-05-07 08:44:50,2026-05-07 08:44:50
5589,captcha_5589.png,F5GDNX,SUCCESS,PMJAY,2026-05-07 08:45:28,2026-05-07 08:45:28
5590,captcha_5590.png,F5GDNX,SUCCESS,PMJAY,2026-05-07 08:45:32,2026-05-07 08:45:32
5591,captcha_5591.png,G6DHBP,SUCCESS,PMJAY,2026-05-07 08:46:37,2026-05-07 08:46:37
5592,captcha_5592.png,BPK2K3,SUCCESS,PMJAY,2026-05-07 08:46:41,2026-05-07 08:46:41
5593,captcha_5593.png,4PF3HW,SUCCESS,PMJAY,2026-05-07 08:57:51,2026-05-07 08:57:51
5594,captcha_5594.png,KD5WMW,SUCCESS,PMJAY,2026-05-07 08:57:56,2026-05-07 08:57:56
5595,captcha_5595.png,FCCNCB,SUCCESS,PMJAY,2026-05-07 08:58:18,2026-05-07 08:58:18
5596,captcha_5596.png,6EBM2F,SUCCESS,PMJAY,2026-05-07 08:58:24,2026-05-07 08:58:24
5597,captcha_5597.png,H5FAC4,SUCCESS,PMJAY,2026-05-07 09:08:51,2026-05-07 09:08:51
5598,captcha_5598.png,2NMF5F,SUCCESS,PMJAY,2026-05-07 09:08:55,2026-05-07 09:08:55
5599,captcha_5599.png,PBKCPP,SUCCESS,PMJAY,2026-05-07 09:09:04,2026-05-07 09:09:04
5600,captcha_5600.png,WECA2P,SUCCESS,PMJAY,2026-05-07 09:37:30,2026-05-07 09:37:30
5601,captcha_5601.png,HNNYXN,SUCCESS,PMJAY,2026-05-07 09:39:44,2026-05-07 09:39:44
5602,captcha_5602.png,WECA2P,SUCCESS,PMJAY,2026-05-07 09:41:50,2026-05-07 09:41:50
5603,captcha_5603.png,WECA2P,SUCCESS,PMJAY,2026-05-07 09:45:50,2026-05-07 09:45:50
5604,captcha_5604.png,DAXHFY,SUCCESS,PMJAY,2026-05-07 09:46:53,2026-05-07 09:46:53
5605,captcha_5605.png,DAXHFY,SUCCESS,PMJAY,2026-05-07 09:50:50,2026-05-07 09:50:50
5606,captcha_5606.png,P7PEM2,SUCCESS,PMJAY,2026-05-07 09:52:12,2026-05-07 09:52:12
5607,captcha_5607.png,FRM52H,SUCCESS,PMJAY,2026-05-07 10:02:57,2026-05-07 10:02:57
5608,captcha_5608.png,Y773YB,SUCCESS,PMJAY,2026-05-07 10:03:08,2026-05-07 10:03:08
5609,captcha_5609.png,EFG8FM,SUCCESS,PMJAY,2026-05-07 10:04:50,2026-05-07 10:04:50
5610,captcha_5610.png,EXY4XW,SUCCESS,PMJAY,2026-05-07 10:05:04,2026-05-07 10:05:04
5611,captcha_5611.png,NAK3M7,SUCCESS,PMJAY,2026-05-07 10:33:02,2026-05-07 10:33:02
5612,captcha_5612.png,34NYRG,SUCCESS,PMJAY,2026-05-08 05:09:35,2026-05-08 05:09:35
5613,captcha_5613.png,RXEAMP,SUCCESS,PMJAY,2026-05-08 05:12:24,2026-05-08 05:12:24
5614,captcha_5614.png,YXPGWE,SUCCESS,PMJAY,2026-05-08 05:12:27,2026-05-08 05:12:27
5615,captcha_5615.png,P7KF54,SUCCESS,PMJAY,2026-05-08 05:12:31,2026-05-08 05:12:31
5616,captcha_5616.png,W3FFRR,SUCCESS,PMJAY,2026-05-08 05:12:47,2026-05-08 05:12:47
5617,captcha_5617.png,PHGY2M,SUCCESS,PMJAY,2026-05-08 05:13:42,2026-05-08 05:13:42
5618,captcha_5618.png,AYBHXP,SUCCESS,PMJAY,2026-05-08 05:17:09,2026-05-08 05:17:09
5619,captcha_5619.png,666NGH,SUCCESS,PMJAY,2026-05-08 05:17:22,2026-05-08 05:17:22
5620,captcha_5620.png,X277B6,SUCCESS,PMJAY,2026-05-08 05:17:47,2026-05-08 05:17:47
5621,captcha_5621.png,A5HFH4,SUCCESS,PMJAY,2026-05-08 05:17:51,2026-05-08 05:17:51
5622,captcha_5622.png,DNY5GB,SUCCESS,PMJAY,2026-05-08 05:17:55,2026-05-08 05:17:55
5623,captcha_5623.png,HPW5FM,SUCCESS,PMJAY,2026-05-08 05:18:09,2026-05-08 05:18:09
5624,captcha_5624.png,2E8NHR,SUCCESS,PMJAY,2026-05-08 05:26:22,2026-05-08 05:26:22
5625,captcha_5625.png,RYN6CH,SUCCESS,PMJAY,2026-05-08 06:37:38,2026-05-08 06:37:38
5626,captcha_5626.png,4463P5,SUCCESS,PMJAY,2026-05-08 08:33:09,2026-05-08 08:33:09
5627,captcha_5627.png,2PHGMY,SUCCESS,PMJAY,2026-05-08 09:31:16,2026-05-08 09:31:17
5628,captcha_5628.png,8GPG2P,SUCCESS,PMJAY,2026-05-08 09:31:27,2026-05-08 09:31:27
5629,captcha_5629.png,7RF5HR,SUCCESS,PMJAY,2026-05-08 09:31:33,2026-05-08 09:31:33
5630,captcha_5630.png,MYWWEN,SUCCESS,PMJAY,2026-05-08 09:31:37,2026-05-08 09:31:37
5631,captcha_5631.png,DR7A4Y,SUCCESS,PMJAY,2026-05-08 09:31:54,2026-05-08 09:31:54
5632,captcha_5632.png,A462AM,SUCCESS,PMJAY,2026-05-08 09:32:17,2026-05-08 09:32:17
5633,captcha_5633.png,HKX7RW,SUCCESS,PMJAY,2026-05-08 09:32:21,2026-05-08 09:32:21
5634,captcha_5634.png,HAD3PW,SUCCESS,PMJAY,2026-05-08 09:32:27,2026-05-08 09:32:27
5635,captcha_5635.png,2PHGMY,SUCCESS,PMJAY,2026-05-08 09:33:22,2026-05-08 09:33:22
5636,captcha_5636.png,3RA6FW,SUCCESS,PMJAY,2026-05-08 09:52:50,2026-05-08 09:52:50
5637,captcha_5637.png,FCMM8W,SUCCESS,PMJAY,2026-05-08 09:52:59,2026-05-08 09:52:59
5638,captcha_5638.png,5GP24H,SUCCESS,PMJAY,2026-05-08 09:53:17,2026-05-08 09:53:17
5639,captcha_5639.png,DGM53Y,SUCCESS,PMJAY,2026-05-08 09:53:42,2026-05-08 09:53:42
5640,captcha_5640.png,P7BRMK,SUCCESS,PMJAY,2026-05-08 09:53:46,2026-05-08 09:53:46
5641,captcha_5641.png,6EP458,SUCCESS,PMJAY,2026-05-08 09:53:55,2026-05-08 09:53:55
5642,captcha_5642.png,P7BRMK,SUCCESS,PMJAY,2026-05-08 09:54:11,2026-05-08 09:54:11
5643,captcha_5643.png,2FMR5A,SUCCESS,PMJAY,2026-05-08 10:06:33,2026-05-08 10:06:33
5644,captcha_5644.png,D66N83,SUCCESS,PMJAY,2026-05-08 10:06:36,2026-05-08 10:06:36
5645,captcha_5645.png,AB8RCN,SUCCESS,PMJAY,2026-05-08 10:06:41,2026-05-08 10:06:41
5646,captcha_5646.png,PR5HB4,SUCCESS,PMJAY,2026-05-08 10:06:46,2026-05-08 10:06:46
5647,captcha_5647.png,74YBYR,SUCCESS,PMJAY,2026-05-08 10:06:52,2026-05-08 10:06:52
5648,captcha_5648.png,D66N83,SUCCESS,PMJAY,2026-05-08 10:10:44,2026-05-08 10:10:44
5649,captcha_5649.png,BAGW5W,SUCCESS,PMJAY,2026-05-08 10:11:48,2026-05-08 10:11:49
5650,captcha_5650.png,6FNCF4,SUCCESS,PMJAY,2026-05-08 10:12:10,2026-05-08 10:12:10
5651,captcha_5651.png,2FMR5A,SUCCESS,PMJAY,2026-05-08 10:13:07,2026-05-08 10:13:07
5652,captcha_5652.png,WBRFK5,SUCCESS,PMJAY,2026-05-08 10:13:33,2026-05-08 10:13:33
5653,captcha_5653.png,KXADX4,SUCCESS,PMJAY,2026-05-08 10:13:44,2026-05-08 10:13:44
5654,captcha_5654.png,H8AK8N,SUCCESS,PMJAY,2026-05-08 10:20:05,2026-05-08 10:20:05
5655,captcha_5655.png,APXEHD,SUCCESS,PMJAY,2026-05-08 10:20:47,2026-05-08 10:20:47
5656,captcha_5656.png,74NB5P,SUCCESS,PMJAY,2026-05-08 10:20:55,2026-05-08 10:20:55
5657,captcha_5657.png,2EFHYR,SUCCESS,PMJAY,2026-05-08 10:22:28,2026-05-08 10:22:28
5658,captcha_5658.png,G8CN24,SUCCESS,PMJAY,2026-05-08 10:22:36,2026-05-08 10:22:36
5659,captcha_5659.png,2F2CDW,SUCCESS,PMJAY,2026-05-08 10:30:16,2026-05-08 10:30:16
5660,captcha_5660.png,GBEB43,SUCCESS,PMJAY,2026-05-08 10:30:24,2026-05-08 10:30:24
5661,captcha_5661.png,MBW8FE,SUCCESS,PMJAY,2026-05-11 04:11:30,2026-05-11 04:11:30
5662,captcha_5662.png,MBW8FE,SUCCESS,PMJAY,2026-05-11 04:11:35,2026-05-11 04:11:35
5663,captcha_5663.png,ARM5HC,SUCCESS,PMJAY,2026-05-11 04:12:20,2026-05-11 04:12:20
5664,captcha_5664.png,ARM5HC,SUCCESS,PMJAY,2026-05-11 04:12:31,2026-05-11 04:12:31
5665,captcha_5665.png,774XCK,SUCCESS,PMJAY,2026-05-11 04:13:21,2026-05-11 04:13:21
5666,captcha_5666.png,774XCK,SUCCESS,PMJAY,2026-05-11 04:13:29,2026-05-11 04:13:29
5667,captcha_5667.png,W585YB,SUCCESS,PMJAY,2026-05-11 04:13:33,2026-05-11 04:13:33
5668,captcha_5668.png,W585YB,SUCCESS,PMJAY,2026-05-11 04:13:37,2026-05-11 04:13:37
5669,captcha_5669.png,MBW8FE,SUCCESS,PMJAY,2026-05-11 04:14:25,2026-05-11 04:14:25
5670,captcha_5670.png,ARM5HC,SUCCESS,PMJAY,2026-05-11 04:14:52,2026-05-11 04:14:52
5671,captcha_5671.png,WP8KDM,SUCCESS,PMJAY,2026-05-11 04:15:08,2026-05-11 04:15:08
5672,captcha_5672.png,WP8KDM,SUCCESS,PMJAY,2026-05-11 04:15:15,2026-05-11 04:15:15
5673,captcha_5673.png,ARM5HC,SUCCESS,PMJAY,2026-05-11 04:15:20,2026-05-11 04:15:20
5674,captcha_5674.png,ARM5HC,SUCCESS,PMJAY,2026-05-11 04:18:10,2026-05-11 04:18:10
5675,captcha_5675.png,WP8KDM,SUCCESS,PMJAY,2026-05-11 04:18:14,2026-05-11 04:18:14
5676,captcha_5676.png,4FKDCK,SUCCESS,PMJAY,2026-05-11 04:20:13,2026-05-11 04:20:13
5677,captcha_5677.png,WP8KDM,SUCCESS,PMJAY,2026-05-11 04:21:11,2026-05-11 04:21:11
5678,captcha_5678.png,F3PNKX,SUCCESS,PMJAY,2026-05-11 04:22:58,2026-05-11 04:22:58
5679,captcha_5679.png,4FKDCK,SUCCESS,PMJAY,2026-05-11 04:23:06,2026-05-11 04:23:06
5680,captcha_5680.png,F3PNKX,SUCCESS,PMJAY,2026-05-11 04:25:52,2026-05-11 04:25:52
5681,captcha_5681.png,4FKDCK,SUCCESS,PMJAY,2026-05-11 04:26:01,2026-05-11 04:26:01
5682,captcha_5682.png,D7BDFF,SUCCESS,PMJAY,2026-05-11 04:28:04,2026-05-11 04:28:04
5683,captcha_5683.png,F3PNKX,SUCCESS,PMJAY,2026-05-11 04:28:42,2026-05-11 04:28:42
5684,captcha_5684.png,H3AABW,SUCCESS,PMJAY,2026-05-11 04:30:51,2026-05-11 04:30:51
5685,captcha_5685.png,D7BDFF,SUCCESS,PMJAY,2026-05-11 04:30:58,2026-05-11 04:30:58
5686,captcha_5686.png,H3AABW,SUCCESS,PMJAY,2026-05-11 04:33:49,2026-05-11 04:33:49
5687,captcha_5687.png,D7BDFF,SUCCESS,PMJAY,2026-05-11 04:33:54,2026-05-11 04:33:54
5688,captcha_5688.png,NGW5FP,SUCCESS,PMJAY,2026-05-11 04:35:59,2026-05-11 04:35:59
5689,captcha_5689.png,H3AABW,SUCCESS,PMJAY,2026-05-11 04:36:39,2026-05-11 04:36:39
5690,captcha_5690.png,XEBY3A,SUCCESS,PMJAY,2026-05-11 04:38:49,2026-05-11 04:38:49
5691,captcha_5691.png,NGW5FP,SUCCESS,PMJAY,2026-05-11 04:38:52,2026-05-11 04:38:52
5692,captcha_5692.png,FGWCW,SUCCESS,PMJAY,2026-05-11 04:39:00,2026-05-11 04:39:00
5693,captcha_5693.png,XEBY3A,SUCCESS,PMJAY,2026-05-11 04:39:22,2026-05-11 04:39:22
5694,captcha_5694.png,88BG43,SUCCESS,PMJAY,2026-05-11 04:39:58,2026-05-11 04:39:58
5695,captcha_5695.png,NGW5FP,SUCCESS,PMJAY,2026-05-11 04:40:08,2026-05-11 04:40:08
5696,captcha_5696.png,XEBY3A,SUCCESS,PMJAY,2026-05-11 04:42:25,2026-05-11 04:42:25
5697,captcha_5697.png,NGW5FP,SUCCESS,PMJAY,2026-05-11 04:42:58,2026-05-11 04:42:58
5698,captcha_5698.png,AX8YFA,SUCCESS,PMJAY,2026-05-11 04:43:49,2026-05-11 04:43:49
5699,captcha_5699.png,6YRY2W,SUCCESS,PMJAY,2026-05-11 04:43:57,2026-05-11 04:43:57
5700,captcha_5700.png,XEBY3A,SUCCESS,PMJAY,2026-05-11 04:45:17,2026-05-11 04:45:17
5701,captcha_5701.png,8X6WB4,SUCCESS,PMJAY,2026-05-11 04:47:13,2026-05-11 04:47:13
5702,captcha_5702.png,PHNN7H,SUCCESS,PMJAY,2026-05-11 04:48:48,2026-05-11 04:48:48
5703,captcha_5703.png,YEGF4H,SUCCESS,PMJAY,2026-05-11 04:49:00,2026-05-11 04:49:00
5704,captcha_5704.png,8X6WB4,SUCCESS,PMJAY,2026-05-11 04:50:02,2026-05-11 04:50:02
5705,captcha_5705.png,8X6WB4,SUCCESS,PMJAY,2026-05-11 04:52:52,2026-05-11 04:52:52
5706,captcha_5706.png,4RWN8D,SUCCESS,PMJAY,2026-05-11 04:55:04,2026-05-11 04:55:04
5707,captcha_5707.png,4RWN8D,SUCCESS,PMJAY,2026-05-11 04:57:53,2026-05-11 04:57:53
5708,captcha_5708.png,4RWN8D,SUCCESS,PMJAY,2026-05-11 05:00:44,2026-05-11 05:00:44
5709,captcha_5709.png,EEHFBA,SUCCESS,PMJAY,2026-05-11 05:02:55,2026-05-11 05:02:55
5710,captcha_5710.png,WMAKHR,SUCCESS,PMJAY,2026-05-11 05:04:42,2026-05-11 05:04:42
5711,captcha_5711.png,A26EP6,SUCCESS,PMJAY,2026-05-11 05:04:54,2026-05-11 05:04:54
5712,captcha_5712.png,CCG8HA,SUCCESS,PMJAY,2026-05-11 05:05:19,2026-05-11 05:05:19
5713,captcha_5713.png,3AA5DB,SUCCESS,PMJAY,2026-05-11 05:05:26,2026-05-11 05:05:26
5714,captcha_5714.png,8ERHDG,SUCCESS,PMJAY,2026-05-11 05:05:41,2026-05-11 05:05:41
5715,captcha_5715.png,EEHFBA,SUCCESS,PMJAY,2026-05-11 05:05:46,2026-05-11 05:05:46
5716,captcha_5716.png,C45FMF,SUCCESS,PMJAY,2026-05-11 05:07:43,2026-05-11 05:07:43
5717,captcha_5717.png,EEHFBA,SUCCESS,PMJAY,2026-05-11 05:08:35,2026-05-11 05:08:35
5718,captcha_5718.png,PWWPEB,SUCCESS,PMJAY,2026-05-11 05:10:45,2026-05-11 05:10:45
5719,captcha_5719.png,WRHD3B,SUCCESS,PMJAY,2026-05-11 05:10:56,2026-05-11 05:10:56
5720,captcha_5720.png,YN8HYF,SUCCESS,PMJAY,2026-05-11 05:19:12,2026-05-11 05:19:12
5721,captcha_5721.png,P3W6MC,SUCCESS,PMJAY,2026-05-11 05:19:21,2026-05-11 05:19:21
5722,captcha_5722.png,YN8HYF,SUCCESS,PMJAY,2026-05-11 05:19:32,2026-05-11 05:19:32
5723,captcha_5723.png,YN8HYF,SUCCESS,PMJAY,2026-05-11 05:22:23,2026-05-11 05:22:23
5724,captcha_5724.png,BPXDXD,SUCCESS,PMJAY,2026-05-11 05:23:58,2026-05-11 05:23:58
5725,captcha_5725.png,RKMEHH,SUCCESS,PMJAY,2026-05-11 05:24:10,2026-05-11 05:24:10
5726,captcha_5726.png,YN8HYF,SUCCESS,PMJAY,2026-05-11 05:25:12,2026-05-11 05:25:12
5727,captcha_5727.png,3A3G64,SUCCESS,PMJAY,2026-05-11 05:27:23,2026-05-11 05:27:24
5728,captcha_5728.png,CXAHYF,SUCCESS,PMJAY,2026-05-11 05:27:32,2026-05-11 05:27:32
5729,captcha_5729.png,3A3G64,SUCCESS,PMJAY,2026-05-11 05:27:42,2026-05-11 05:27:42
5730,captcha_5730.png,3A3G64,SUCCESS,PMJAY,2026-05-11 05:30:32,2026-05-11 05:30:32
5731,captcha_5731.png,3A3G64,SUCCESS,PMJAY,2026-05-11 05:33:23,2026-05-11 05:33:23
5732,captcha_5732.png,H88RFP,SUCCESS,PMJAY,2026-05-11 05:35:33,2026-05-11 05:35:33
5733,captcha_5733.png,8N58AM,SUCCESS,PMJAY,2026-05-11 05:35:37,2026-05-11 05:35:37
5734,captcha_5734.png,7MCYG8,SUCCESS,PMJAY,2026-05-11 05:35:45,2026-05-11 05:35:45
5735,captcha_5735.png,XAEPFD,SUCCESS,PMJAY,2026-05-11 05:46:00,2026-05-11 05:46:00
5736,captcha_5736.png,7FFKG3,SUCCESS,PMJAY,2026-05-11 05:46:12,2026-05-11 05:46:12
5737,captcha_5737.png,KDAHXD,SUCCESS,PMJAY,2026-05-11 06:11:04,2026-05-11 06:11:04
5738,captcha_5738.png,5M8M53,SUCCESS,PMJAY,2026-05-11 06:11:12,2026-05-11 06:11:12
5739,captcha_5739.png,MPHRH5,SUCCESS,PMJAY,2026-05-11 06:35:46,2026-05-11 06:35:46
5740,captcha_5740.png,2G8CXK,SUCCESS,PMJAY,2026-05-11 06:35:57,2026-05-11 06:35:57
5741,captcha_5741.png,CPYD2A,SUCCESS,PMJAY,2026-05-11 07:02:43,2026-05-11 07:02:43
5742,captcha_5742.png,YKHFN5,SUCCESS,PMJAY,2026-05-11 07:02:51,2026-05-11 07:02:51
5743,captcha_5743.png,CC4KWK,SUCCESS,PMJAY,2026-05-11 07:33:01,2026-05-11 07:33:01
5744,captcha_5744.png,GP3B72,SUCCESS,PMJAY,2026-05-11 07:52:51,2026-05-11 07:52:51
5745,captcha_5745.png,6AAKP6,SUCCESS,PMJAY,2026-05-11 07:53:01,2026-05-11 07:53:01
5746,captcha_5746.png,E46ANP,SUCCESS,PMJAY,2026-05-11 07:57:12,2026-05-11 07:57:12
5747,captcha_5747.png,2GP4AB,SUCCESS,PMJAY,2026-05-11 07:57:22,2026-05-11 07:57:22
5748,captcha_5748.png,23B24P,SUCCESS,PMJAY,2026-05-11 07:57:33,2026-05-11 07:57:33
5749,captcha_5749.png,N372DD,SUCCESS,PMJAY,2026-05-11 07:57:45,2026-05-11 07:57:45
5750,captcha_5750.png,P74CBN,SUCCESS,PMJAY,2026-05-11 08:01:42,2026-05-11 08:01:42
5751,captcha_5751.png,KY82B8,SUCCESS,PMJAY,2026-05-11 08:01:51,2026-05-11 08:01:51
5752,captcha_5752.png,B8GFKK,SUCCESS,PMJAY,2026-05-11 08:06:15,2026-05-11 08:06:15
5753,captcha_5753.png,CPYDWA,SUCCESS,PMJAY,2026-05-11 08:06:18,2026-05-11 08:06:18
5754,captcha_5754.png,W5FFPW,SUCCESS,PMJAY,2026-05-11 08:06:26,2026-05-11 08:06:26
5755,captcha_5755.png,CPYDWA,SUCCESS,PMJAY,2026-05-11 08:09:12,2026-05-11 08:09:12
5756,captcha_5756.png,RCNPFB,SUCCESS,PMJAY,2026-05-11 08:10:48,2026-05-11 08:10:48
5757,captcha_5757.png,KRNECK,SUCCESS,PMJAY,2026-05-11 08:10:59,2026-05-11 08:10:59
5758,captcha_5758.png,CPYDWA,SUCCESS,PMJAY,2026-05-11 08:12:07,2026-05-11 08:12:07
5759,captcha_5759.png,4CC5AC,SUCCESS,PMJAY,2026-05-11 08:14:11,2026-05-11 08:14:11
5760,captcha_5760.png,XB6NK,SUCCESS,PMJAY,2026-05-11 08:14:19,2026-05-11 08:14:19
5761,captcha_5761.png,4CC5AC,SUCCESS,PMJAY,2026-05-11 08:14:41,2026-05-11 08:14:41
5762,captcha_5762.png,74X8D4,SUCCESS,PMJAY,2026-05-11 08:15:19,2026-05-11 08:15:19
5763,captcha_5763.png,3K667G,SUCCESS,PMJAY,2026-05-11 08:15:28,2026-05-11 08:15:28
5764,captcha_5764.png,4CC5AC,SUCCESS,PMJAY,2026-05-11 08:17:36,2026-05-11 08:17:36
5765,captcha_5765.png,M376CG,SUCCESS,PMJAY,2026-05-11 08:19:50,2026-05-11 08:19:50
5766,captcha_5766.png,DEE6YE,SUCCESS,PMJAY,2026-05-11 08:20:01,2026-05-11 08:20:01
5767,captcha_5767.png,4CC5AC,SUCCESS,PMJAY,2026-05-11 08:20:32,2026-05-11 08:20:32
5768,captcha_5768.png,WYB573,SUCCESS,PMJAY,2026-05-11 08:22:36,2026-05-11 08:22:36
5769,captcha_5769.png,PEGNGA,SUCCESS,PMJAY,2026-05-11 08:22:45,2026-05-11 08:22:45
5770,captcha_5770.png,N6GKYE,SUCCESS,PMJAY,2026-05-11 08:22:49,2026-05-11 08:22:49
5771,captcha_5771.png,WYB573,SUCCESS,PMJAY,2026-05-11 08:23:00,2026-05-11 08:23:00
5772,captcha_5772.png,MNDN7E,SUCCESS,PMJAY,2026-05-11 08:24:27,2026-05-11 08:24:27
5773,captcha_5773.png,F6CNX8,SUCCESS,PMJAY,2026-05-11 08:24:37,2026-05-11 08:24:37
5774,captcha_5774.png,WYB573,SUCCESS,PMJAY,2026-05-11 08:25:56,2026-05-11 08:25:56
5775,captcha_5775.png,WYB573,SUCCESS,PMJAY,2026-05-11 08:28:52,2026-05-11 08:28:52
5776,captcha_5776.png,Y24H74,SUCCESS,PMJAY,2026-05-11 08:28:57,2026-05-11 08:28:57
5777,captcha_5777.png,E6Y3BR,SUCCESS,PMJAY,2026-05-11 08:29:07,2026-05-11 08:29:07
5778,captcha_5778.png,A5C2D2,SUCCESS,PMJAY,2026-05-11 08:30:58,2026-05-11 08:30:58
5779,captcha_5779.png,3F2H66,SUCCESS,PMJAY,2026-05-11 08:31:07,2026-05-11 08:31:07
5780,captcha_5780.png,ND84FH,SUCCESS,PMJAY,2026-05-11 08:33:26,2026-05-11 08:33:26
5781,captcha_5781.png,DHEANM,SUCCESS,PMJAY,2026-05-11 08:33:35,2026-05-11 08:33:35
5782,captcha_5782.png,MEPDCN,SUCCESS,PMJAY,2026-05-11 08:35:06,2026-05-11 08:35:06
5783,captcha_5783.png,XAXKYB,SUCCESS,PMJAY,2026-05-11 08:35:15,2026-05-11 08:35:15
5784,captcha_5784.png,YPA64W,SUCCESS,PMJAY,2026-05-11 08:39:19,2026-05-11 08:39:19
5785,captcha_5785.png,3B8YDK,SUCCESS,PMJAY,2026-05-11 08:39:28,2026-05-11 08:39:28
5786,captcha_5786.png,N8FM8R,SUCCESS,PMJAY,2026-05-11 08:43:38,2026-05-11 08:43:38
5787,captcha_5787.png,YEH6EN,SUCCESS,PMJAY,2026-05-11 08:43:47,2026-05-11 08:43:47
5788,captcha_5788.png,W5Y8EW,SUCCESS,PMJAY,2026-05-11 08:47:51,2026-05-11 08:47:51
5789,captcha_5789.png,B782R4,SUCCESS,PMJAY,2026-05-11 08:48:01,2026-05-11 08:48:01
5790,captcha_5790.png,4BX425,SUCCESS,PMJAY,2026-05-11 08:52:11,2026-05-11 08:52:11
5791,captcha_5791.png,KB578B,SUCCESS,PMJAY,2026-05-11 08:52:21,2026-05-11 08:52:21
5792,captcha_5792.png,2E4Y5N,SUCCESS,PMJAY,2026-05-11 08:56:23,2026-05-11 08:56:23
5793,captcha_5793.png,BHG4FF,SUCCESS,PMJAY,2026-05-11 08:56:32,2026-05-11 08:56:32
5794,captcha_5794.png,AAR433,SUCCESS,PMJAY,2026-05-11 08:58:36,2026-05-11 08:58:36
5795,captcha_5795.png,AAR433,SUCCESS,PMJAY,2026-05-11 08:58:41,2026-05-11 08:58:41
5796,captcha_5796.png,AAR433,SUCCESS,PMJAY,2026-05-11 08:58:45,2026-05-11 08:58:45
5797,captcha_5797.png,AAR433,SUCCESS,PMJAY,2026-05-11 09:01:45,2026-05-11 09:01:45
5798,captcha_5798.png,FG8FCR,SUCCESS,PMJAY,2026-05-11 09:04:01,2026-05-11 09:04:01
5799,captcha_5799.png,AAR433,SUCCESS,PMJAY,2026-05-11 09:04:46,2026-05-11 09:04:46
5800,captcha_5800.png,P5KXAM,SUCCESS,PMJAY,2026-05-11 09:06:00,2026-05-11 09:06:00
5801,captcha_5801.png,EPBCBG,SUCCESS,PMJAY,2026-05-11 09:06:08,2026-05-11 09:06:08
5802,captcha_5802.png,YXGMKB,SUCCESS,PMJAY,2026-05-11 09:06:32,2026-05-11 09:06:32
5803,captcha_5803.png,WH7N5Y,SUCCESS,PMJAY,2026-05-11 09:06:45,2026-05-11 09:06:45
5804,captcha_5804.png,YXGMKB,SUCCESS,PMJAY,2026-05-11 09:06:56,2026-05-11 09:06:56
5805,captcha_5805.png,YXGMKB,SUCCESS,PMJAY,2026-05-11 09:09:52,2026-05-11 09:09:52
5806,captcha_5806.png,AR4AAK,SUCCESS,PMJAY,2026-05-11 09:09:58,2026-05-11 09:09:58
5807,captcha_5807.png,EMRY4C,SUCCESS,PMJAY,2026-05-11 09:10:07,2026-05-11 09:10:07
5808,captcha_5808.png,YXGMKB,SUCCESS,PMJAY,2026-05-11 09:12:54,2026-05-11 09:12:54
5809,captcha_5809.png,D28CE3,SUCCESS,PMJAY,2026-05-11 09:14:18,2026-05-11 09:14:18
5810,captcha_5810.png,XR3CXD,SUCCESS,PMJAY,2026-05-11 09:14:27,2026-05-11 09:14:27
5811,captcha_5811.png,2BFYW3,SUCCESS,PMJAY,2026-05-11 09:14:55,2026-05-11 09:14:55
5812,captcha_5812.png,2YR3HA,SUCCESS,PMJAY,2026-05-11 09:15:05,2026-05-11 09:15:05
5813,captcha_5813.png,AA75XE,SUCCESS,PMJAY,2026-05-11 09:18:57,2026-05-11 09:18:57
5814,captcha_5814.png,4RB725,SUCCESS,PMJAY,2026-05-11 09:19:06,2026-05-11 09:19:06
5815,captcha_5815.png,K6PBGC,SUCCESS,PMJAY,2026-05-11 09:25:24,2026-05-11 09:25:24
5816,captcha_5816.png,R732DD,SUCCESS,PMJAY,2026-05-11 09:25:33,2026-05-11 09:25:33
5817,captcha_5817.png,46XKKN,SUCCESS,PMJAY,2026-05-11 09:31:22,2026-05-11 09:31:22
5818,captcha_5818.png,5Y6XDX,SUCCESS,PMJAY,2026-05-11 09:31:34,2026-05-11 09:31:34
5819,captcha_5819.png,GXCM88,SUCCESS,PMJAY,2026-05-11 09:36:15,2026-05-11 09:36:15
5820,captcha_5820.png,3XR3ED,SUCCESS,PMJAY,2026-05-11 09:36:26,2026-05-11 09:36:26
5821,captcha_5821.png,GXCM88,SUCCESS,PMJAY,2026-05-11 09:36:40,2026-05-11 09:36:40
5822,captcha_5822.png,K3G3HP,SUCCESS,PMJAY,2026-05-11 09:37:16,2026-05-11 09:37:16
5823,captcha_5823.png,X6N7E8,SUCCESS,PMJAY,2026-05-11 09:37:29,2026-05-11 09:37:29
5824,captcha_5824.png,XYKHEH,SUCCESS,PMJAY,2026-05-11 09:41:24,2026-05-11 09:41:24
5825,captcha_5825.png,WCMR6E,SUCCESS,PMJAY,2026-05-11 09:41:33,2026-05-11 09:41:33
5826,captcha_5826.png,K22CKD,SUCCESS,PMJAY,2026-05-11 09:45:06,2026-05-11 09:45:06
5827,captcha_5827.png,MHCR3B,SUCCESS,PMJAY,2026-05-11 09:45:56,2026-05-11 09:45:56
5828,captcha_5828.png,744MEE,SUCCESS,PMJAY,2026-05-11 09:46:05,2026-05-11 09:46:05
5829,captcha_5829.png,XFBE4E,SUCCESS,PMJAY,2026-05-11 09:48:28,2026-05-11 09:48:28
5830,captcha_5830.png,K7Y6E7,SUCCESS,PMJAY,2026-05-11 09:48:38,2026-05-11 09:48:38
5831,captcha_5831.png,XFBE4E,SUCCESS,PMJAY,2026-05-11 09:48:49,2026-05-11 09:48:49
5832,captcha_5832.png,DNCXM5,SUCCESS,PMJAY,2026-05-11 09:50:06,2026-05-11 09:50:06
5833,captcha_5833.png,GW55P3,SUCCESS,PMJAY,2026-05-11 09:50:15,2026-05-11 09:50:15
5834,captcha_5834.png,XFBE4E,SUCCESS,PMJAY,2026-05-11 09:51:54,2026-05-11 09:51:54
5835,captcha_5835.png,3MFF3R,SUCCESS,PMJAY,2026-05-11 09:54:31,2026-05-11 09:54:31
5836,captcha_5836.png,Y45GHG,SUCCESS,PMJAY,2026-05-11 09:54:42,2026-05-11 09:54:42
5837,captcha_5837.png,XFBE4E,SUCCESS,PMJAY,2026-05-11 09:54:53,2026-05-11 09:54:53
5838,captcha_5838.png,D6AP32,SUCCESS,PMJAY,2026-05-11 09:56:53,2026-05-11 09:56:53
5839,captcha_5839.png,X2GD6M,SUCCESS,PMJAY,2026-05-11 09:58:45,2026-05-11 09:58:45
5840,captcha_5840.png,5GHND3,SUCCESS,PMJAY,2026-05-11 09:58:53,2026-05-11 09:58:53
5841,captcha_5841.png,D6AP32,SUCCESS,PMJAY,2026-05-11 09:59:58,2026-05-11 09:59:59
5842,captcha_5842.png,D6AP32,SUCCESS,PMJAY,2026-05-11 10:02:59,2026-05-11 10:02:59
5843,captcha_5843.png,XEPAB5,SUCCESS,PMJAY,2026-05-11 10:03:03,2026-05-11 10:03:03
5844,captcha_5844.png,Y467D3,SUCCESS,PMJAY,2026-05-11 10:03:11,2026-05-11 10:03:11
5845,captcha_5845.png,4P67HX,SUCCESS,PMJAY,2026-05-11 10:03:51,2026-05-11 10:03:51
5846,captcha_5846.png,YRGYYX,SUCCESS,PMJAY,2026-05-11 10:04:58,2026-05-11 10:04:58
5847,captcha_5847.png,3RWX7Y,SUCCESS,PMJAY,2026-05-11 10:05:07,2026-05-11 10:05:07
5848,captcha_5848.png,4P67HX,SUCCESS,PMJAY,2026-05-11 10:06:44,2026-05-11 10:06:44
5849,captcha_5849.png,H8PKDR,SUCCESS,PMJAY,2026-05-11 10:07:10,2026-05-11 10:07:10
5850,captcha_5850.png,4HKW26,SUCCESS,PMJAY,2026-05-11 10:07:21,2026-05-11 10:07:21
5851,captcha_5851.png,4P67HX,SUCCESS,PMJAY,2026-05-11 10:09:45,2026-05-11 10:09:45
5852,captcha_5852.png,KKKF74,SUCCESS,PMJAY,2026-05-11 10:11:32,2026-05-11 10:11:32
5853,captcha_5853.png,4MWM3W,SUCCESS,PMJAY,2026-05-11 10:11:41,2026-05-11 10:11:41
5854,captcha_5854.png,6BHN7N,SUCCESS,PMJAY,2026-05-11 10:11:49,2026-05-11 10:11:49
5855,captcha_5855.png,6BHN7N,SUCCESS,PMJAY,2026-05-11 10:14:47,2026-05-11 10:14:47
5856,captcha_5856.png,3P68YC,SUCCESS,PMJAY,2026-05-11 10:15:48,2026-05-11 10:15:48
5857,captcha_5857.png,6BHN7N,SUCCESS,PMJAY,2026-05-11 10:17:43,2026-05-11 10:17:43
5858,captcha_5858.png,3P68YC,SUCCESS,PMJAY,2026-05-11 10:18:43,2026-05-11 10:18:43
5859,captcha_5859.png,P7AX4B,SUCCESS,PMJAY,2026-05-11 10:19:52,2026-05-11 10:19:52
5860,captcha_5860.png,3P68YC,SUCCESS,PMJAY,2026-05-11 10:21:39,2026-05-11 10:21:39
5861,captcha_5861.png,P7AX4B,SUCCESS,PMJAY,2026-05-11 10:22:50,2026-05-11 10:22:50
5862,captcha_5862.png,MNGA7P,SUCCESS,PMJAY,2026-05-11 10:23:49,2026-05-11 10:23:49
5863,captcha_5863.png,KP58PG,SUCCESS,PMJAY,2026-05-11 10:24:00,2026-05-11 10:24:00
5864,captcha_5864.png,P7AX4B,SUCCESS,PMJAY,2026-05-11 10:25:45,2026-05-11 10:25:45
5865,captcha_5865.png,4FDD67,SUCCESS,PMJAY,2026-05-11 10:27:55,2026-05-11 10:27:55
5866,captcha_5866.png,CGAYAC,SUCCESS,PMJAY,2026-05-11 10:28:08,2026-05-11 10:28:08
5867,captcha_5867.png,G6R3PG,SUCCESS,PMJAY,2026-05-11 10:28:16,2026-05-11 10:28:17
5868,captcha_5868.png,4FDD67,SUCCESS,PMJAY,2026-05-11 10:30:53,2026-05-11 10:30:53
5869,captcha_5869.png,723XKN,SUCCESS,PMJAY,2026-05-11 10:32:20,2026-05-11 10:32:20
5870,captcha_5870.png,FXMB7H,SUCCESS,PMJAY,2026-05-11 10:32:32,2026-05-11 10:32:32
5871,captcha_5871.png,4FDD67,SUCCESS,PMJAY,2026-05-11 10:33:49,2026-05-11 10:33:49
5872,captcha_5872.png,WDGCGE,SUCCESS,PMJAY,2026-05-11 10:35:57,2026-05-11 10:35:57
5873,captcha_5873.png,H5BRXW,SUCCESS,PMJAY,2026-05-11 10:36:30,2026-05-11 10:36:30
5874,captcha_5874.png,355GHK,SUCCESS,PMJAY,2026-05-11 10:36:43,2026-05-11 10:36:44
5875,captcha_5875.png,WYHG26,SUCCESS,PMJAY,2026-05-11 10:36:52,2026-05-11 10:36:52
5876,captcha_5876.png,WDGCGE,SUCCESS,PMJAY,2026-05-11 10:38:55,2026-05-11 10:38:55
5877,captcha_5877.png,7M3W36,SUCCESS,PMJAY,2026-05-11 10:41:01,2026-05-11 10:41:01
5878,captcha_5878.png,4CACK3,SUCCESS,PMJAY,2026-05-11 10:41:09,2026-05-11 10:41:09
5879,captcha_5879.png,WDGCGE,SUCCESS,PMJAY,2026-05-11 10:41:50,2026-05-11 10:41:50
5880,captcha_5880.png,EHX44H,SUCCESS,PMJAY,2026-05-11 10:43:55,2026-05-11 10:43:55
5881,captcha_5881.png,F8NPBA,SUCCESS,PMJAY,2026-05-11 10:45:05,2026-05-11 10:45:05
5882,captcha_5882.png,DPEH77,SUCCESS,PMJAY,2026-05-11 10:45:14,2026-05-11 10:45:14
5883,captcha_5883.png,EHX44H,SUCCESS,PMJAY,2026-05-11 10:46:49,2026-05-11 10:46:49
5884,captcha_5884.png,KF4HNX,SUCCESS,PMJAY,2026-05-11 10:49:15,2026-05-11 10:49:15
5885,captcha_5885.png,67XCPR,SUCCESS,PMJAY,2026-05-11 10:49:25,2026-05-11 10:49:25
5886,captcha_5886.png,EHX44H,SUCCESS,PMJAY,2026-05-11 10:49:44,2026-05-11 10:49:44
5887,captcha_5887.png,P57NBE,SUCCESS,PMJAY,2026-05-11 10:51:56,2026-05-11 10:51:56
5888,captcha_5888.png,WBPYEF,SUCCESS,PMJAY,2026-05-11 10:53:37,2026-05-11 10:53:37
5889,captcha_5889.png,W72AMM,SUCCESS,PMJAY,2026-05-11 10:53:49,2026-05-11 10:53:49
5890,captcha_5890.png,P57NBE,SUCCESS,PMJAY,2026-05-11 10:54:54,2026-05-11 10:54:54
5891,captcha_5891.png,P57NBE,SUCCESS,PMJAY,2026-05-11 10:57:55,2026-05-11 10:57:55
5892,captcha_5892.png,7R3DN4,SUCCESS,PMJAY,2026-05-11 10:58:09,2026-05-11 10:58:09
5893,captcha_5893.png,KK6XH7,SUCCESS,PMJAY,2026-05-11 10:58:17,2026-05-11 10:58:18
5894,captcha_5894.png,HXFDNW,SUCCESS,PMJAY,2026-05-11 11:00:01,2026-05-11 11:00:01
5895,captcha_5895.png,NRHHPY,SUCCESS,PMJAY,2026-05-11 11:02:09,2026-05-11 11:02:09
5896,captcha_5896.png,EBXDWM,SUCCESS,PMJAY,2026-05-11 11:02:18,2026-05-11 11:02:18
5897,captcha_5897.png,HXFDNW,SUCCESS,PMJAY,2026-05-11 11:02:55,2026-05-11 11:02:55
5898,captcha_5898.png,HXFDNW,SUCCESS,PMJAY,2026-05-11 11:05:56,2026-05-11 11:05:56
5899,captcha_5899.png,FPG4M4,SUCCESS,PMJAY,2026-05-11 11:06:40,2026-05-11 11:06:40
5900,captcha_5900.png,W5YCCA,SUCCESS,PMJAY,2026-05-11 11:06:48,2026-05-11 11:06:49
5901,captcha_5901.png,KK3GBF,SUCCESS,PMJAY,2026-05-11 11:08:07,2026-05-11 11:08:07
5902,captcha_5902.png,63A846,SUCCESS,PMJAY,2026-05-11 11:09:47,2026-05-11 11:09:47
5903,captcha_5903.png,KK3GBF,SUCCESS,PMJAY,2026-05-11 11:11:01,2026-05-11 11:11:01
5904,captcha_5904.png,X6W6X3,SUCCESS,PMJAY,2026-05-11 11:11:29,2026-05-11 11:11:29
5905,captcha_5905.png,3N5DME,SUCCESS,PMJAY,2026-05-11 11:11:41,2026-05-11 11:11:41
5906,captcha_5906.png,CFKP4R,SUCCESS,PMJAY,2026-05-11 11:13:09,2026-05-11 11:13:09
5907,captcha_5907.png,7CHHEF,SUCCESS,PMJAY,2026-05-11 11:16:05,2026-05-11 11:16:05
5908,captcha_5908.png,CFKP4R,SUCCESS,PMJAY,2026-05-11 11:16:09,2026-05-11 11:16:09
5909,captcha_5909.png,HGA6AN,SUCCESS,PMJAY,2026-05-11 11:16:13,2026-05-11 11:16:13
5910,captcha_5910.png,K2HG7X,SUCCESS,PMJAY,2026-05-11 11:16:21,2026-05-11 11:16:21
5911,captcha_5911.png,CFKP4R,SUCCESS,PMJAY,2026-05-11 11:19:08,2026-05-11 11:19:08
5912,captcha_5912.png,EF4Y5W,SUCCESS,PMJAY,2026-05-11 11:21:10,2026-05-11 11:21:10
5913,captcha_5913.png,EF4Y5W,SUCCESS,PMJAY,2026-05-11 11:24:08,2026-05-11 11:24:08
5914,captcha_5914.png,R454P7,SUCCESS,PMJAY,2026-05-11 11:25:12,2026-05-11 11:25:12
5915,captcha_5915.png,B8GW6C,SUCCESS,PMJAY,2026-05-11 11:25:16,2026-05-11 11:25:16
5916,captcha_5916.png,KG4FG2,SUCCESS,PMJAY,2026-05-11 11:25:21,2026-05-11 11:25:21
5917,captcha_5917.png,M57KXK,SUCCESS,PMJAY,2026-05-11 11:25:29,2026-05-11 11:25:29
5918,captcha_5918.png,EF4Y5W,SUCCESS,PMJAY,2026-05-11 11:27:09,2026-05-11 11:27:09
5919,captcha_5919.png,2WHXEW,SUCCESS,PMJAY,2026-05-11 11:29:12,2026-05-11 11:29:12
5920,captcha_5920.png,2WHXEW,SUCCESS,PMJAY,2026-05-11 11:32:18,2026-05-11 11:32:18
5921,captcha_5921.png,KD67A8,SUCCESS,PMJAY,2026-05-11 11:32:33,2026-05-11 11:32:33
5922,captcha_5922.png,MFB67D,SUCCESS,PMJAY,2026-05-11 11:32:45,2026-05-11 11:32:45
5923,captcha_5923.png,2WHXEW,SUCCESS,PMJAY,2026-05-11 11:35:16,2026-05-11 11:35:16
5924,captcha_5924.png,ERW8DD,SUCCESS,PMJAY,2026-05-11 11:37:03,2026-05-11 11:37:03
5925,captcha_5925.png,HRND3C,SUCCESS,PMJAY,2026-05-11 11:37:15,2026-05-11 11:37:15
5926,captcha_5926.png,G252XC,SUCCESS,PMJAY,2026-05-11 11:37:20,2026-05-11 11:37:20
5927,captcha_5927.png,MN4CY2,SUCCESS,PMJAY,2026-05-11 11:40:11,2026-05-11 11:40:11
5928,captcha_5928.png,G252XC,SUCCESS,PMJAY,2026-05-11 11:40:20,2026-05-11 11:40:20
5929,captcha_5929.png,YP4E5D,SUCCESS,PMJAY,2026-05-11 11:41:23,2026-05-11 11:41:23
5930,captcha_5930.png,KCMD43,SUCCESS,PMJAY,2026-05-11 11:41:32,2026-05-11 11:41:32
5931,captcha_5931.png,G252XC,SUCCESS,PMJAY,2026-05-11 11:43:16,2026-05-11 11:43:16
5932,captcha_5932.png,6D2WAW,SUCCESS,PMJAY,2026-05-11 11:43:28,2026-05-11 11:43:28
5933,captcha_5933.png,RRMDX2,SUCCESS,PMJAY,2026-05-11 11:43:37,2026-05-11 11:43:37
5934,captcha_5934.png,RBNWGB,SUCCESS,PMJAY,2026-05-11 11:43:43,2026-05-11 11:43:43
5935,captcha_5935.png,6D2WAW,SUCCESS,PMJAY,2026-05-11 11:43:54,2026-05-11 11:43:54
5936,captcha_5936.png,X6Y834,SUCCESS,PMJAY,2026-05-11 11:45:24,2026-05-11 11:45:24
5937,captcha_5937.png,PXF5XG,SUCCESS,PMJAY,2026-05-11 11:45:31,2026-05-11 11:45:31
5938,captcha_5938.png,4C55HK,SUCCESS,PMJAY,2026-05-11 11:45:42,2026-05-11 11:45:42
5939,captcha_5939.png,6D2WAW,SUCCESS,PMJAY,2026-05-11 11:46:49,2026-05-11 11:46:49
5940,captcha_5940.png,X6Y834,SUCCESS,PMJAY,2026-05-11 11:48:17,2026-05-11 11:48:17
5941,captcha_5941.png,6D2WAW,SUCCESS,PMJAY,2026-05-11 11:49:45,2026-05-11 11:49:45
5942,captcha_5942.png,X6Y834,SUCCESS,PMJAY,2026-05-11 11:51:13,2026-05-11 11:51:13
5943,captcha_5943.png,C7PA4C,SUCCESS,PMJAY,2026-05-11 11:51:50,2026-05-11 11:51:50
5944,captcha_5944.png,MF4ABB,SUCCESS,PMJAY,2026-05-11 11:51:59,2026-05-11 11:51:59
5945,captcha_5945.png,R7MREB,SUCCESS,PMJAY,2026-05-11 11:53:25,2026-05-11 11:53:25
5946,captcha_5946.png,R7MREB,SUCCESS,PMJAY,2026-05-11 11:56:39,2026-05-11 11:56:39
5947,captcha_5947.png,R7MREB,SUCCESS,PMJAY,2026-05-11 11:59:33,2026-05-11 11:59:33
5948,captcha_5948.png,P7NGG2,SUCCESS,PMJAY,2026-05-11 12:01:48,2026-05-11 12:01:48
5949,captcha_5949.png,P7NGG2,SUCCESS,PMJAY,2026-05-11 12:04:47,2026-05-11 12:04:47
5950,captcha_5950.png,P7NGG2,SUCCESS,PMJAY,2026-05-11 12:07:42,2026-05-11 12:07:42
5951,captcha_5951.png,XA2MDX,SUCCESS,PMJAY,2026-05-11 12:09:52,2026-05-11 12:09:52
5952,captcha_5952.png,XA2MDX,SUCCESS,PMJAY,2026-05-11 12:12:50,2026-05-11 12:12:50
5953,captcha_5953.png,XA2MDX,SUCCESS,PMJAY,2026-05-11 12:15:46,2026-05-11 12:15:46
5954,captcha_5954.png,NEY7W4,SUCCESS,PMJAY,2026-05-11 12:17:55,2026-05-11 12:17:55
5955,captcha_5955.png,NEY7W4,SUCCESS,PMJAY,2026-05-11 12:20:54,2026-05-11 12:20:54
5956,captcha_5956.png,C75KHN,SUCCESS,PMJAY,2026-05-11 12:23:57,2026-05-11 12:23:57
5957,captcha_5957.png,NEY7W4,SUCCESS,PMJAY,2026-05-11 12:24:05,2026-05-11 12:24:05
5958,captcha_5958.png,2FB4X8,SUCCESS,PMJAY,2026-05-11 12:25:58,2026-05-11 12:25:58
5959,captcha_5959.png,2FB4X8,SUCCESS,PMJAY,2026-05-11 12:28:53,2026-05-11 12:28:53
5960,captcha_5960.png,2FB4X8,SUCCESS,PMJAY,2026-05-11 12:31:47,2026-05-11 12:31:47
5961,captcha_5961.png,P66D2P,SUCCESS,PMJAY,2026-05-11 12:34:00,2026-05-11 12:34:00
5962,captcha_5962.png,P66D2P,SUCCESS,PMJAY,2026-05-11 12:37:04,2026-05-11 12:37:04
5963,captcha_5963.png,P66D2P,SUCCESS,PMJAY,2026-05-11 12:40:09,2026-05-11 12:40:09
5964,captcha_5964.png,XAW3K7,SUCCESS,PMJAY,2026-05-11 12:42:11,2026-05-11 12:42:11
5965,captcha_5965.png,XAW3K7,SUCCESS,PMJAY,2026-05-11 12:45:16,2026-05-11 12:45:16
5966,captcha_5966.png,XAW3K7,SUCCESS,PMJAY,2026-05-11 12:48:16,2026-05-11 12:48:16
5967,captcha_5967.png,H3P2Y2,SUCCESS,PMJAY,2026-05-11 12:50:23,2026-05-11 12:50:23
5968,captcha_5968.png,H3P2Y2,SUCCESS,PMJAY,2026-05-11 12:53:28,2026-05-11 12:53:28
5969,captcha_5969.png,8GXM2B,SUCCESS,PMJAY,2026-05-12 05:12:25,2026-05-12 05:12:25
5970,captcha_5970.png,8DD3KM,SUCCESS,PMJAY,2026-05-12 05:13:13,2026-05-12 05:13:13
5971,captcha_5971.png,8DD3KM,SUCCESS,PMJAY,2026-05-12 05:13:17,2026-05-12 05:13:17
5972,captcha_5972.png,82R2PX,SUCCESS,PMJAY,2026-05-12 05:14:32,2026-05-12 05:14:32
5973,captcha_5973.png,82R2PX,SUCCESS,PMJAY,2026-05-12 05:14:37,2026-05-12 05:14:37
5974,captcha_5974.png,WXNCCF,SUCCESS,PMJAY,2026-05-12 05:15:18,2026-05-12 05:15:18
5975,captcha_5975.png,WXNCCF,SUCCESS,PMJAY,2026-05-12 05:15:24,2026-05-12 05:15:24
5976,captcha_5976.png,WC23D5,SUCCESS,PMJAY,2026-05-12 05:15:28,2026-05-12 05:15:28
5977,captcha_5977.png,WC23D5,SUCCESS,PMJAY,2026-05-12 05:15:33,2026-05-12 05:15:33
5978,captcha_5978.png,WXNCCF,SUCCESS,PMJAY,2026-05-12 05:15:44,2026-05-12 05:15:44
5979,captcha_5979.png,8DD3KM,SUCCESS,PMJAY,2026-05-12 05:16:13,2026-05-12 05:16:13
5980,captcha_5980.png,82R2PX,SUCCESS,PMJAY,2026-05-12 05:17:32,2026-05-12 05:17:32
5981,captcha_5981.png,WXNCCF,SUCCESS,PMJAY,2026-05-12 05:18:39,2026-05-12 05:18:39
5982,captcha_5982.png,8DD3KM,SUCCESS,PMJAY,2026-05-12 05:19:02,2026-05-12 05:19:02
5983,captcha_5983.png,82R2PX,SUCCESS,PMJAY,2026-05-12 05:20:22,2026-05-12 05:20:22
5984,captcha_5984.png,6EHDWA,SUCCESS,PMJAY,2026-05-12 05:21:07,2026-05-12 05:21:07
5985,captcha_5985.png,85YWGA,SUCCESS,PMJAY,2026-05-12 05:21:16,2026-05-12 05:21:16
5986,captcha_5986.png,WXNCCF,SUCCESS,PMJAY,2026-05-12 05:21:34,2026-05-12 05:21:34
5987,captcha_5987.png,7D3FYC,SUCCESS,PMJAY,2026-05-12 05:22:25,2026-05-12 05:22:25
5988,captcha_5988.png,AYHBHH,SUCCESS,PMJAY,2026-05-12 05:23:37,2026-05-12 05:23:37
5989,captcha_5989.png,7D3FYC,SUCCESS,PMJAY,2026-05-12 05:25:19,2026-05-12 05:25:19
5990,captcha_5990.png,BXPD5E,SUCCESS,PMJAY,2026-05-12 05:26:32,2026-05-12 05:26:32
5991,captcha_5991.png,7D3FYC,SUCCESS,PMJAY,2026-05-12 05:28:10,2026-05-12 05:28:10
5992,captcha_5992.png,DEKDW5,SUCCESS,PMJAY,2026-05-12 05:29:27,2026-05-12 05:29:27
5993,captcha_5993.png,7A6DWX,SUCCESS,PMJAY,2026-05-12 05:30:18,2026-05-12 05:30:18
5994,captcha_5994.png,3BY822,SUCCESS,PMJAY,2026-05-12 05:31:32,2026-05-12 05:31:32
5995,captcha_5995.png,WRW2CH,SUCCESS,PMJAY,2026-05-12 05:31:41,2026-05-12 05:31:41
5996,captcha_5996.png,3BY822,SUCCESS,PMJAY,2026-05-12 05:31:52,2026-05-12 05:31:52
5997,captcha_5997.png,7A6DWX,SUCCESS,PMJAY,2026-05-12 05:33:07,2026-05-12 05:33:07
5998,captcha_5998.png,3BY822,SUCCESS,PMJAY,2026-05-12 05:34:41,2026-05-12 05:34:41
5999,captcha_5999.png,7A6DWX,SUCCESS,PMJAY,2026-05-12 05:36:02,2026-05-12 05:36:02
6000,captcha_6000.png,3BY822,SUCCESS,PMJAY,2026-05-12 05:37:36,2026-05-12 05:37:36
6001,captcha_6001.png,8F28FW,SUCCESS,PMJAY,2026-05-12 05:38:09,2026-05-12 05:38:09
6002,captcha_6002.png,D8F6HK,SUCCESS,PMJAY,2026-05-12 05:39:44,2026-05-12 05:39:44
6003,captcha_6003.png,7YK24N,SUCCESS,PMJAY,2026-05-12 05:39:56,2026-05-12 05:39:56
6004,captcha_6004.png,D8F6HK,SUCCESS,PMJAY,2026-05-12 05:40:07,2026-05-12 05:40:07
6005,captcha_6005.png,8F28FW,SUCCESS,PMJAY,2026-05-12 05:41:03,2026-05-12 05:41:03
6006,captcha_6006.png,D8F6HK,SUCCESS,PMJAY,2026-05-12 05:42:58,2026-05-12 05:42:58
6007,captcha_6007.png,8F28FW,SUCCESS,PMJAY,2026-05-12 05:43:58,2026-05-12 05:43:58
6008,captcha_6008.png,D8F6HK,SUCCESS,PMJAY,2026-05-12 05:45:48,2026-05-12 05:45:48
6009,captcha_6009.png,FMCXN6,SUCCESS,PMJAY,2026-05-12 05:46:00,2026-05-12 05:46:00
6010,captcha_6010.png,BBBPE7,SUCCESS,PMJAY,2026-05-12 05:47:59,2026-05-12 05:48:00
6011,captcha_6011.png,AK335W,SUCCESS,PMJAY,2026-05-12 05:48:08,2026-05-12 05:48:08
6012,captcha_6012.png,BBBPE7,SUCCESS,PMJAY,2026-05-12 05:48:19,2026-05-12 05:48:19
6013,captcha_6013.png,FMCXN6,SUCCESS,PMJAY,2026-05-12 05:48:54,2026-05-12 05:48:54
6014,captcha_6014.png,BBBPE7,SUCCESS,PMJAY,2026-05-12 05:51:13,2026-05-12 05:51:13
6015,captcha_6015.png,FMCXN6,SUCCESS,PMJAY,2026-05-12 05:51:50,2026-05-12 05:51:50
6016,captcha_6016.png,P54PAW,SUCCESS,PMJAY,2026-05-12 05:53:54,2026-05-12 05:53:54
6017,captcha_6017.png,BBBPET,SUCCESS,PMJAY,2026-05-12 05:54:08,2026-05-12 05:54:08
6018,captcha_6018.png,CX6N5M,SUCCESS,PMJAY,2026-05-12 05:56:12,2026-05-12 05:56:12
6019,captcha_6019.png,CGF3F,SUCCESS,PMJAY,2026-05-12 05:56:16,2026-05-12 05:56:16
6020,captcha_6020.png,R372A3,SUCCESS,PMJAY,2026-05-12 05:56:20,2026-05-12 05:56:20
6021,captcha_6021.png,CX6N5M,SUCCESS,PMJAY,2026-05-12 05:56:31,2026-05-12 05:56:31
6022,captcha_6022.png,P54PAW,SUCCESS,PMJAY,2026-05-12 05:56:53,2026-05-12 05:56:53
6023,captcha_6023.png,CCGF3F,SUCCESS,PMJAY,2026-05-12 05:59:10,2026-05-12 05:59:10
6024,captcha_6024.png,YPY2FE,SUCCESS,PMJAY,2026-05-12 05:59:19,2026-05-12 05:59:19
6025,captcha_6025.png,CX6N5M,SUCCESS,PMJAY,2026-05-12 05:59:25,2026-05-12 05:59:25
6026,captcha_6026.png,CGF3F,SUCCESS,PMJAY,2026-05-12 05:59:30,2026-05-12 05:59:30
6027,captcha_6027.png,P54PAW,SUCCESS,PMJAY,2026-05-12 05:59:48,2026-05-12 05:59:48
6028,captcha_6028.png,HDNK5B,SUCCESS,PMJAY,2026-05-12 06:01:51,2026-05-12 06:01:51
6029,captcha_6029.png,CX6N5M,SUCCESS,PMJAY,2026-05-12 06:02:16,2026-05-12 06:02:16
6030,captcha_6030.png,CCGF3F,SUCCESS,PMJAY,2026-05-12 06:02:23,2026-05-12 06:02:23
6031,captcha_6031.png,246Y3G,SUCCESS,PMJAY,2026-05-12 06:04:08,2026-05-12 06:04:08
6032,captcha_6032.png,WACDYA,SUCCESS,PMJAY,2026-05-12 06:04:16,2026-05-12 06:04:16
6033,captcha_6033.png,NDPEEF,SUCCESS,PMJAY,2026-05-12 06:04:25,2026-05-12 06:04:25
6034,captcha_6034.png,246Y3G,SUCCESS,PMJAY,2026-05-12 06:04:29,2026-05-12 06:04:29
6035,captcha_6035.png,F87N6B,SUCCESS,PMJAY,2026-05-12 06:04:34,2026-05-12 06:04:34
6036,captcha_6036.png,NDPEEF,SUCCESS,PMJAY,2026-05-12 06:05:09,2026-05-12 06:05:09
6037,captcha_6037.png,HDNK5B,SUCCESS,PMJAY,2026-05-12 06:05:13,2026-05-12 06:05:13
6038,captcha_6038.png,Y23RRN,SUCCESS,PMJAY,2026-05-12 06:07:24,2026-05-12 06:07:24
6039,captcha_6039.png,Y23RRN,SUCCESS,PMJAY,2026-05-12 06:07:31,2026-05-12 06:07:31
6040,captcha_6040.png,AWP6D3,SUCCESS,PMJAY,2026-05-12 06:07:35,2026-05-12 06:07:35
6041,captcha_6041.png,AWP6D3,SUCCESS,PMJAY,2026-05-12 06:07:39,2026-05-12 06:07:39
6042,captcha_6042.png,Y23RRN,SUCCESS,PMJAY,2026-05-12 06:07:52,2026-05-12 06:07:52
6043,captcha_6043.png,MAW6GP,SUCCESS,PMJAY,2026-05-12 06:08:24,2026-05-12 06:08:24
6044,captcha_6044.png,MAW6GP,SUCCESS,PMJAY,2026-05-12 06:08:28,2026-05-12 06:08:28
6045,captcha_6045.png,Y5M3WA,SUCCESS,PMJAY,2026-05-12 06:08:33,2026-05-12 06:08:33
6046,captcha_6046.png,Y5M3WA,SUCCESS,PMJAY,2026-05-12 06:08:37,2026-05-12 06:08:37
6047,captcha_6047.png,7W3KMM,SUCCESS,PMJAY,2026-05-12 06:10:04,2026-05-12 06:10:04
6048,captcha_6048.png,7W3KMM,SUCCESS,PMJAY,2026-05-12 06:10:11,2026-05-12 06:10:11
6049,captcha_6049.png,Y23RRN,SUCCESS,PMJAY,2026-05-12 06:10:41,2026-05-12 06:10:41
6050,captcha_6050.png,R24HM5,SUCCESS,PMJAY,2026-05-12 06:12:23,2026-05-12 06:12:23
6051,captcha_6051.png,HWPG6H,SUCCESS,PMJAY,2026-05-12 06:13:07,2026-05-12 06:13:07
6052,captcha_6052.png,7KF6DC,SUCCESS,PMJAY,2026-05-12 06:18:06,2026-05-12 06:18:06
6053,captcha_6053.png,MFFA3X,SUCCESS,PMJAY,2026-05-12 06:18:18,2026-05-12 06:18:18
6054,captcha_6054.png,RB2638,SUCCESS,PMJAY,2026-05-12 06:18:38,2026-05-12 06:18:38
6055,captcha_6055.png,43H8FK,SUCCESS,PMJAY,2026-05-12 06:20:07,2026-05-12 06:20:07
6056,captcha_6056.png,PYYE8N,SUCCESS,PMJAY,2026-05-12 06:43:34,2026-05-12 06:43:34
6057,captcha_6057.png,HRF2BG,SUCCESS,PMJAY,2026-05-12 06:43:43,2026-05-12 06:43:43
6058,captcha_6058.png,N4527G,SUCCESS,PMJAY,2026-05-12 07:08:37,2026-05-12 07:08:37
6059,captcha_6059.png,BYGFCN,SUCCESS,PMJAY,2026-05-12 07:08:45,2026-05-12 07:08:45
6060,captcha_6060.png,F5BY8K,SUCCESS,PMJAY,2026-05-12 07:09:54,2026-05-12 07:09:54
6061,captcha_6061.png,PD5WAC,SUCCESS,PMJAY,2026-05-12 07:13:22,2026-05-12 07:13:22
6062,captcha_6062.png,RK4AHK,SUCCESS,PMJAY,2026-05-12 07:13:26,2026-05-12 07:13:26
6063,captcha_6063.png,P7RYMB,SUCCESS,PMJAY,2026-05-12 07:13:31,2026-05-12 07:13:31
6064,captcha_6064.png,7D576N,SUCCESS,PMJAY,2026-05-12 07:14:14,2026-05-12 07:14:14
6065,captcha_6065.png,2M4YGC,SUCCESS,PMJAY,2026-05-12 07:14:22,2026-05-12 07:14:22
6066,captcha_6066.png,PD5WAC,SUCCESS,PMJAY,2026-05-12 07:16:57,2026-05-12 07:16:57
6067,captcha_6067.png,PD5WAC,SUCCESS,PMJAY,2026-05-12 07:19:51,2026-05-12 07:19:51
6068,captcha_6068.png,X3ACNY,SUCCESS,PMJAY,2026-05-12 07:21:55,2026-05-12 07:21:55
6069,captcha_6069.png,X3ACNY,SUCCESS,PMJAY,2026-05-12 07:24:49,2026-05-12 07:24:49
6070,captcha_6070.png,X3ACNY,SUCCESS,PMJAY,2026-05-12 07:27:44,2026-05-12 07:27:44
6071,captcha_6071.png,8GYMCK,SUCCESS,PMJAY,2026-05-12 07:29:48,2026-05-12 07:29:48
6072,captcha_6072.png,8GYMCK,SUCCESS,PMJAY,2026-05-12 07:32:42,2026-05-12 07:32:42
6073,captcha_6073.png,8GYMCK,SUCCESS,PMJAY,2026-05-12 07:35:38,2026-05-12 07:35:38
6074,captcha_6074.png,E5AGW6,SUCCESS,PMJAY,2026-05-12 07:37:41,2026-05-12 07:37:41
6075,captcha_6075.png,E5AGW6,SUCCESS,PMJAY,2026-05-12 07:40:36,2026-05-12 07:40:36
6076,captcha_6076.png,E5AGW6,SUCCESS,PMJAY,2026-05-12 07:41:00,2026-05-12 07:41:01
6077,captcha_6077.png,E5AGW6,SUCCESS,PMJAY,2026-05-12 07:43:31,2026-05-12 07:43:31
6078,captcha_6078.png,R6G36E,SUCCESS,PMJAY,2026-05-12 07:45:34,2026-05-12 07:45:34
6079,captcha_6079.png,K4NCW2,SUCCESS,PMJAY,2026-05-12 07:46:05,2026-05-12 07:46:05
6080,captcha_6080.png,75AMA2,SUCCESS,PMJAY,2026-05-12 07:46:12,2026-05-12 07:46:12
6081,captcha_6081.png,MXNARE,SUCCESS,PMJAY,2026-05-12 07:46:16,2026-05-12 07:46:16
6082,captcha_6082.png,K5CC58,SUCCESS,PMJAY,2026-05-12 07:46:24,2026-05-12 07:46:24
6083,captcha_6083.png,G38CKH,SUCCESS,PMJAY,2026-05-12 07:46:39,2026-05-12 07:46:39
6084,captcha_6084.png,R6G36E,SUCCESS,PMJAY,2026-05-12 07:48:29,2026-05-12 07:48:29
6085,captcha_6085.png,PX23MY,SUCCESS,PMJAY,2026-05-12 07:48:51,2026-05-12 07:48:51
6086,captcha_6086.png,PX23MY,SUCCESS,PMJAY,2026-05-12 07:49:20,2026-05-12 07:49:21
6087,captcha_6087.png,5KNXGA,SUCCESS,PMJAY,2026-05-12 07:49:38,2026-05-12 07:49:38
6088,captcha_6088.png,D6WK32,SUCCESS,PMJAY,2026-05-12 07:51:14,2026-05-12 07:51:14
6089,captcha_6089.png,R6G36E,SUCCESS,PMJAY,2026-05-12 07:51:24,2026-05-12 07:51:24
6090,captcha_6090.png,D6WK32,SUCCESS,PMJAY,2026-05-12 07:51:29,2026-05-12 07:51:29
6091,captcha_6091.png,PW3E62,SUCCESS,PMJAY,2026-05-12 07:51:34,2026-05-12 07:51:34
6092,captcha_6092.png,6X7A87,SUCCESS,PMJAY,2026-05-12 07:52:41,2026-05-12 07:52:42
6093,captcha_6093.png,GBWHP6,SUCCESS,PMJAY,2026-05-12 07:53:28,2026-05-12 07:53:28
6094,captcha_6094.png,WM5M2B,SUCCESS,PMJAY,2026-05-12 07:53:32,2026-05-12 07:53:32
6095,captcha_6095.png,WM5M2B,SUCCESS,PMJAY,2026-05-12 07:53:36,2026-05-12 07:53:36
6096,captcha_6096.png,GBWHP6,SUCCESS,PMJAY,2026-05-12 07:56:22,2026-05-12 07:56:22
6097,captcha_6097.png,WM5M2B,SUCCESS,PMJAY,2026-05-12 07:56:37,2026-05-12 07:56:37
6098,captcha_6098.png,GBWHP6,SUCCESS,PMJAY,2026-05-12 07:59:23,2026-05-12 07:59:23
6099,captcha_6099.png,WM5M2B,SUCCESS,PMJAY,2026-05-12 07:59:30,2026-05-12 07:59:30
6100,captcha_6100.png,YW7A7P,SUCCESS,PMJAY,2026-05-12 08:01:21,2026-05-12 08:01:21
6101,captcha_6101.png,4KYHD8,SUCCESS,PMJAY,2026-05-12 08:01:56,2026-05-12 08:01:56
6102,captcha_6102.png,YW7A7P,SUCCESS,PMJAY,2026-05-12 08:04:15,2026-05-12 08:04:15
6103,captcha_6103.png,4KYHD8,SUCCESS,PMJAY,2026-05-12 08:05:55,2026-05-12 08:05:55
6104,captcha_6104.png,YW7A7P,SUCCESS,PMJAY,2026-05-12 08:07:10,2026-05-12 08:07:10
6105,captcha_6105.png,3BPFMG,SUCCESS,PMJAY,2026-05-12 08:09:12,2026-05-12 08:09:12
6106,captcha_6106.png,4KYHD8,SUCCESS,PMJAY,2026-05-12 08:09:53,2026-05-12 08:09:53
6107,captcha_6107.png,MGFP4C,SUCCESS,PMJAY,2026-05-12 08:10:56,2026-05-12 08:10:56
6108,captcha_6108.png,3BPFMG,SUCCESS,PMJAY,2026-05-12 08:12:07,2026-05-12 08:12:07
6109,captcha_6109.png,MGFP4C,SUCCESS,PMJAY,2026-05-12 08:13:18,2026-05-12 08:13:18
6110,captcha_6110.png,D88HW6,SUCCESS,PMJAY,2026-05-12 08:13:22,2026-05-12 08:13:22
6111,captcha_6111.png,25PPMC,SUCCESS,PMJAY,2026-05-12 08:13:26,2026-05-12 08:13:26
6112,captcha_6112.png,M7R372,SUCCESS,PMJAY,2026-05-12 08:13:56,2026-05-12 08:13:56
6113,captcha_6113.png,M7R372,SUCCESS,PMJAY,2026-05-12 08:14:17,2026-05-12 08:14:17
6114,captcha_6114.png,3BPFMG,SUCCESS,PMJAY,2026-05-12 08:15:02,2026-05-12 08:15:02
6115,captcha_6115.png,GB5B8W,SUCCESS,PMJAY,2026-05-12 08:15:33,2026-05-12 08:15:33
6116,captcha_6116.png,AHZYAD,SUCCESS,PMJAY,2026-05-12 08:15:47,2026-05-12 08:15:47
6117,captcha_6117.png,X36A7A,SUCCESS,PMJAY,2026-05-12 08:15:52,2026-05-12 08:15:52
6118,captcha_6118.png,4DRR5P,SUCCESS,PMJAY,2026-05-12 08:17:04,2026-05-12 08:17:04
6119,captcha_6119.png,4DRR5P,SUCCESS,PMJAY,2026-05-12 08:19:59,2026-05-12 08:19:59
6120,captcha_6120.png,4DRR5P,SUCCESS,PMJAY,2026-05-12 08:22:53,2026-05-12 08:22:53
6121,captcha_6121.png,X7HE75,SUCCESS,PMJAY,2026-05-12 08:24:56,2026-05-12 08:24:56
6122,captcha_6122.png,33PBCH,SUCCESS,PMJAY,2026-05-12 08:25:49,2026-05-12 08:25:49
6123,captcha_6123.png,F6DR8W,SUCCESS,PMJAY,2026-05-12 08:25:59,2026-05-12 08:25:59
6124,captcha_6124.png,NF48KB,SUCCESS,PMJAY,2026-05-12 08:26:56,2026-05-12 08:26:56
6125,captcha_6125.png,X7HE75,SUCCESS,PMJAY,2026-05-12 08:27:51,2026-05-12 08:27:51
6126,captcha_6126.png,X7HE75,SUCCESS,PMJAY,2026-05-12 08:30:45,2026-05-12 08:30:45
6127,captcha_6127.png,7E5HYW,SUCCESS,PMJAY,2026-05-12 08:32:52,2026-05-12 08:32:52
6128,captcha_6128.png,7E5HYW,SUCCESS,PMJAY,2026-05-12 08:35:46,2026-05-12 08:35:47
6129,captcha_6129.png,7E5HYW,SUCCESS,PMJAY,2026-05-12 08:38:36,2026-05-12 08:38:36
6130,captcha_6130.png,22RCGD,SUCCESS,PMJAY,2026-05-12 08:40:19,2026-05-12 08:40:19
6131,captcha_6131.png,22RCGD,SUCCESS,PMJAY,2026-05-12 08:40:23,2026-05-12 08:40:23
6132,captcha_6132.png,CR7REC,SUCCESS,PMJAY,2026-05-12 08:40:28,2026-05-12 08:40:28
6133,captcha_6133.png,CR7REC,SUCCESS,PMJAY,2026-05-12 08:40:33,2026-05-12 08:40:33
6134,captcha_6134.png,7B5H76,SUCCESS,PMJAY,2026-05-12 08:41:47,2026-05-12 08:41:47
6135,captcha_6135.png,388DH6,SUCCESS,PMJAY,2026-05-12 08:42:57,2026-05-12 08:42:57
6136,captcha_6136.png,PKXR2E,SUCCESS,PMJAY,2026-05-12 08:43:06,2026-05-12 08:43:06
6137,captcha_6137.png,2BY524,SUCCESS,PMJAY,2026-05-12 08:45:24,2026-05-12 08:45:24
6138,captcha_6138.png,BPB57X,SUCCESS,PMJAY,2026-05-12 09:15:35,2026-05-12 09:15:35
6139,captcha_6139.png,KCEMKC,SUCCESS,PMJAY,2026-05-12 09:15:43,2026-05-12 09:15:43
6140,captcha_6140.png,CH3CK8,SUCCESS,PMJAY,2026-05-12 09:50:31,2026-05-12 09:50:31
6141,captcha_6141.png,P4AMB6,SUCCESS,PMJAY,2026-05-12 09:50:39,2026-05-12 09:50:39
6142,captcha_6142.png,MENE7R,SUCCESS,PMJAY,2026-05-12 10:47:08,2026-05-12 10:47:08
6143,captcha_6143.png,B4YG42,SUCCESS,PMJAY,2026-05-12 10:47:16,2026-05-12 10:47:16
6144,captcha_6144.png,MENE7R,SUCCESS,PMJAY,2026-05-12 10:47:28,2026-05-12 10:47:28
6145,captcha_6145.png,WERXBC,SUCCESS,PMJAY,2026-05-12 10:48:50,2026-05-12 10:48:50
6146,captcha_6146.png,64RCDB,SUCCESS,PMJAY,2026-05-12 10:49:02,2026-05-12 10:49:02
6147,captcha_6147.png,NNP52C,SUCCESS,PMJAY,2026-05-12 10:49:57,2026-05-12 10:49:57
6148,captcha_6148.png,4NH3NM,SUCCESS,PMJAY,2026-05-12 10:50:06,2026-05-12 10:50:06
6149,captcha_6149.png,MENE7R,SUCCESS,PMJAY,2026-05-12 10:50:45,2026-05-12 10:50:45
6150,captcha_6150.png,MENE7R,SUCCESS,PMJAY,2026-05-12 10:54:54,2026-05-12 10:54:54
6151,captcha_6151.png,5RNC5B,SUCCESS,PMJAY,2026-05-12 10:55:56,2026-05-12 10:55:56
6152,captcha_6152.png,GRH6RD,SUCCESS,PMJAY,2026-05-12 10:56:05,2026-05-12 10:56:05
6153,captcha_6153.png,FN2WFY,SUCCESS,PMJAY,2026-05-12 11:04:53,2026-05-12 11:04:53
6154,captcha_6154.png,FEX4ED,SUCCESS,PMJAY,2026-05-12 11:05:01,2026-05-12 11:05:01
6155,captcha_6155.png,MPD8C7,SUCCESS,PMJAY,2026-05-12 11:11:43,2026-05-12 11:11:43
6156,captcha_6156.png,DY6WDK,SUCCESS,PMJAY,2026-05-12 11:12:30,2026-05-12 11:12:30
6157,captcha_6157.png,CHN2X8,SUCCESS,PMJAY,2026-05-12 11:12:38,2026-05-12 11:12:38
6158,captcha_6158.png,WGKF3D,SUCCESS,PMJAY,2026-05-12 11:23:57,2026-05-12 11:23:57
6159,captcha_6159.png,WHCM7N,SUCCESS,PMJAY,2026-05-12 11:24:08,2026-05-12 11:24:08
6160,captcha_6160.png,MNDX32,SUCCESS,PMJAY,2026-05-12 11:26:49,2026-05-12 11:26:49
6161,captcha_6161.png,MCMG8G,SUCCESS,PMJAY,2026-05-12 11:32:57,2026-05-12 11:32:57
6162,captcha_6162.png,NFGD77,SUCCESS,PMJAY,2026-05-12 11:33:05,2026-05-12 11:33:05
6163,captcha_6163.png,MA5CME,SUCCESS,PMJAY,2026-05-12 11:33:30,2026-05-12 11:33:30
6164,captcha_6164.png,68M8X5,SUCCESS,PMJAY,2026-05-12 11:33:38,2026-05-12 11:33:39
6165,captcha_6165.png,WY7W3C,SUCCESS,PMJAY,2026-05-12 11:34:22,2026-05-12 11:34:22
6166,captcha_6166.png,DEF6FM,SUCCESS,PMJAY,2026-05-12 11:35:06,2026-05-12 11:35:06
6167,captcha_6167.png,KP3HNX,SUCCESS,PMJAY,2026-05-12 11:35:11,2026-05-12 11:35:11
6168,captcha_6168.png,28HCX7,SUCCESS,PMJAY,2026-05-12 11:35:53,2026-05-12 11:35:53
6169,captcha_6169.png,AXY76X,SUCCESS,PMJAY,2026-05-12 11:36:30,2026-05-12 11:36:30
6170,captcha_6170.png,68CFY3,SUCCESS,PMJAY,2026-05-12 11:37:20,2026-05-12 11:37:20
6171,captcha_6171.png,68CFY3,SUCCESS,PMJAY,2026-05-12 11:37:51,2026-05-12 11:37:51
6172,captcha_6172.png,AWY2GY,SUCCESS,PMJAY,2026-05-12 15:58:48,2026-05-12 15:58:48
6173,captcha_6173.png,XGARYP,SUCCESS,PMJAY,2026-05-12 15:58:53,2026-05-12 15:58:53
6174,captcha_6174.png,GAPB6A,SUCCESS,PMJAY,2026-05-12 15:59:04,2026-05-12 15:59:04
6175,captcha_6175.png,W77A7W,SUCCESS,PMJAY,2026-05-13 02:49:26,2026-05-13 02:49:26
6176,captcha_6176.png,AWY2GY,SUCCESS,PMJAY,2026-05-13 02:49:30,2026-05-13 02:49:30
6177,captcha_6177.png,4RDDC3,SUCCESS,PMJAY,2026-05-13 03:47:32,2026-05-13 03:47:32
6178,captcha_6178.png,NHCY58,SUCCESS,PMJAY,2026-05-13 03:47:36,2026-05-13 03:47:36
6179,captcha_6179.png,FDMXAR,SUCCESS,PMJAY,2026-05-13 03:47:40,2026-05-13 03:47:40
6180,captcha_6180.png,BMBHND,SUCCESS,PMJAY,2026-05-13 03:47:44,2026-05-13 03:47:44
6181,captcha_6181.png,EPBN7N,SUCCESS,PMJAY,2026-05-13 03:47:48,2026-05-13 03:47:48
6182,captcha_6182.png,AADKAP,SUCCESS,PMJAY,2026-05-13 04:36:20,2026-05-13 04:36:20
6183,captcha_6183.png,FDMXAR,SUCCESS,PMJAY,2026-05-13 04:51:40,2026-05-13 04:51:40
6184,captcha_6184.png,M5F7NM,SUCCESS,PMJAY,2026-05-13 05:02:02,2026-05-13 05:02:02
6185,captcha_6185.png,FDN2MB,SUCCESS,PMJAY,2026-05-13 05:13:49,2026-05-13 05:13:49
6186,captcha_6186.png,M5F7NM,SUCCESS,PMJAY,2026-05-13 05:15:34,2026-05-13 05:15:34
6187,captcha_6187.png,6XW6PD,SUCCESS,PMJAY,2026-05-13 05:15:41,2026-05-13 05:15:41
6188,captcha_6188.png,8YB8W3,SUCCESS,PMJAY,2026-05-13 05:15:52,2026-05-13 05:15:52
6189,captcha_6189.png,NWACD6,SUCCESS,PMJAY,2026-05-13 05:20:55,2026-05-13 05:20:55
6190,captcha_6190.png,WC4C2E,SUCCESS,PMJAY,2026-05-13 05:21:06,2026-05-13 05:21:06
6191,captcha_6191.png,FHEK48,SUCCESS,PMJAY,2026-05-13 05:21:55,2026-05-13 05:21:55
6192,captcha_6192.png,D5X4R3,SUCCESS,PMJAY,2026-05-13 05:46:04,2026-05-13 05:46:04
6193,captcha_6193.png,K2K7F6,SUCCESS,PMJAY,2026-05-13 05:50:31,2026-05-13 05:50:31
6194,captcha_6194.png,4Y6KKB,SUCCESS,PMJAY,2026-05-13 05:53:29,2026-05-13 05:53:29
6195,captcha_6195.png,H4EDYF,SUCCESS,PMJAY,2026-05-13 06:15:50,2026-05-13 06:15:50
6196,captcha_6196.png,R6ERAN,SUCCESS,PMJAY,2026-05-13 06:20:53,2026-05-13 06:20:54
6197,captcha_6197.png,DM53FE,SUCCESS,PMJAY,2026-05-13 06:21:01,2026-05-13 06:21:01
6198,captcha_6198.png,C2YEH6,SUCCESS,PMJAY,2026-05-13 06:21:41,2026-05-13 06:21:41
6199,captcha_6199.png,E8HWWN,SUCCESS,PMJAY,2026-05-13 06:21:50,2026-05-13 06:21:50
6200,captcha_6200.png,NA73DD,SUCCESS,PMJAY,2026-05-13 06:21:54,2026-05-13 06:21:54
6201,captcha_6201.png,XK8RMD,SUCCESS,PMJAY,2026-05-13 06:22:09,2026-05-13 06:22:09
6202,captcha_6202.png,PH84D6,SUCCESS,PMJAY,2026-05-13 06:22:16,2026-05-13 06:22:16
6203,captcha_6203.png,3XAXRF,SUCCESS,PMJAY,2026-05-13 06:23:05,2026-05-13 06:23:05
6204,captcha_6204.png,M53P8G,SUCCESS,PMJAY,2026-05-13 06:51:27,2026-05-13 06:51:27
6205,captcha_6205.png,2CH2FW,SUCCESS,PMJAY,2026-05-13 06:52:27,2026-05-13 06:52:27
6206,captcha_6206.png,E22CPW,SUCCESS,PMJAY,2026-05-13 06:55:00,2026-05-13 06:55:00
6207,captcha_6207.png,Y66G42,SUCCESS,PMJAY,2026-05-13 07:09:15,2026-05-13 07:09:15
6208,captcha_6208.png,Y66G42,SUCCESS,PMJAY,2026-05-13 07:09:23,2026-05-13 07:09:23
6209,captcha_6209.png,A53XK2,SUCCESS,PMJAY,2026-05-13 07:09:31,2026-05-13 07:09:31
6210,captcha_6210.png,Y66G42,SUCCESS,PMJAY,2026-05-13 07:09:44,2026-05-13 07:09:44
6211,captcha_6211.png,BHBMXF,SUCCESS,PMJAY,2026-05-13 07:09:56,2026-05-13 07:09:56
6212,captcha_6212.png,BHBMXF,SUCCESS,PMJAY,2026-05-13 07:10:15,2026-05-13 07:10:15
6213,captcha_6213.png,BHBMXF,SUCCESS,PMJAY,2026-05-13 07:10:19,2026-05-13 07:10:19
6214,captcha_6214.png,RANCHF,SUCCESS,PMJAY,2026-05-13 07:11:07,2026-05-13 07:11:07
6215,captcha_6215.png,RANCHF,SUCCESS,PMJAY,2026-05-13 07:11:14,2026-05-13 07:11:14
6216,captcha_6216.png,YHCGGM,SUCCESS,PMJAY,2026-05-13 07:11:18,2026-05-13 07:11:18
6217,captcha_6217.png,YHCGGM,SUCCESS,PMJAY,2026-05-13 07:11:22,2026-05-13 07:11:22
6218,captcha_6218.png,RANCHF,SUCCESS,PMJAY,2026-05-13 07:11:34,2026-05-13 07:11:34
6219,captcha_6219.png,Y66G42,SUCCESS,PMJAY,2026-05-13 07:12:34,2026-05-13 07:12:34
6220,captcha_6220.png,Y2A7FA,SUCCESS,PMJAY,2026-05-13 07:12:52,2026-05-13 07:12:52
6221,captcha_6221.png,7D6ABE,SUCCESS,PMJAY,2026-05-13 07:12:58,2026-05-13 07:12:58
6222,captcha_6222.png,RCG2F6,SUCCESS,PMJAY,2026-05-13 07:13:02,2026-05-13 07:13:02
6223,captcha_6223.png,BHBMXF,SUCCESS,PMJAY,2026-05-13 07:13:09,2026-05-13 07:13:09
6224,captcha_6224.png,RANCHF,SUCCESS,PMJAY,2026-05-13 07:13:33,2026-05-13 07:13:33
6225,captcha_6225.png,AYGEF5,SUCCESS,PMJAY,2026-05-13 07:14:10,2026-05-13 07:14:10
6226,captcha_6226.png,PPY75N,SUCCESS,PMJAY,2026-05-13 07:14:14,2026-05-13 07:14:14
6227,captcha_6227.png,Y66G42,SUCCESS,PMJAY,2026-05-13 07:15:24,2026-05-13 07:15:24
6228,captcha_6228.png,BHBMXF,SUCCESS,PMJAY,2026-05-13 07:15:59,2026-05-13 07:15:59
6229,captcha_6229.png,RANCHF,SUCCESS,PMJAY,2026-05-13 07:16:24,2026-05-13 07:16:24
6230,captcha_6230.png,4PGECB,SUCCESS,PMJAY,2026-05-13 07:17:36,2026-05-13 07:17:36
6231,captcha_6231.png,48HWDR,SUCCESS,PMJAY,2026-05-13 07:18:05,2026-05-13 07:18:05
6232,captcha_6232.png,RANCHF,SUCCESS,PMJAY,2026-05-13 07:19:14,2026-05-13 07:19:14
6233,captcha_6233.png,4PGECB,SUCCESS,PMJAY,2026-05-13 07:20:30,2026-05-13 07:20:30
6234,captcha_6234.png,RYWWFW,SUCCESS,PMJAY,2026-05-13 07:20:51,2026-05-13 07:20:51
6235,captcha_6235.png,C5DY7R,SUCCESS,PMJAY,2026-05-13 07:20:56,2026-05-13 07:20:56
6236,captcha_6236.png,48HWDR,SUCCESS,PMJAY,2026-05-13 07:21:01,2026-05-13 07:21:01
6237,captcha_6237.png,G8CBNH,SUCCESS,PMJAY,2026-05-13 07:21:07,2026-05-13 07:21:07
6238,captcha_6238.png,4PGECB,SUCCESS,PMJAY,2026-05-13 07:23:20,2026-05-13 07:23:20
6239,captcha_6239.png,48HWDR,SUCCESS,PMJAY,2026-05-13 07:23:53,2026-05-13 07:23:53
6240,captcha_6240.png,RCWNRP,SUCCESS,PMJAY,2026-05-13 07:25:29,2026-05-13 07:25:29
6241,captcha_6241.png,25F3CE,SUCCESS,PMJAY,2026-05-13 07:25:56,2026-05-13 07:25:56
6242,captcha_6242.png,RCWNRP,SUCCESS,PMJAY,2026-05-13 07:28:22,2026-05-13 07:28:23
6243,captcha_6243.png,25F3CE,SUCCESS,PMJAY,2026-05-13 07:28:45,2026-05-13 07:28:45
6244,captcha_6244.png,4KYE5N,SUCCESS,PMJAY,2026-05-13 07:31:07,2026-05-13 07:31:08
6245,captcha_6245.png,4KYE5N,SUCCESS,PMJAY,2026-05-13 07:31:12,2026-05-13 07:31:12
6246,captcha_6246.png,AGP3PP,SUCCESS,PMJAY,2026-05-13 07:31:20,2026-05-13 07:31:20
6247,captcha_6247.png,AGP3PP,SUCCESS,PMJAY,2026-05-13 07:31:24,2026-05-13 07:31:24
6248,captcha_6248.png,4KYE5N,SUCCESS,PMJAY,2026-05-13 07:31:32,2026-05-13 07:31:32
6249,captcha_6249.png,25F3CE,SUCCESS,PMJAY,2026-05-13 07:32:07,2026-05-13 07:32:07
6250,captcha_6250.png,H4D7YE,SUCCESS,PMJAY,2026-05-13 07:33:20,2026-05-13 07:33:20
6251,captcha_6251.png,RF58NW,SUCCESS,PMJAY,2026-05-13 07:33:29,2026-05-13 07:33:29
6252,captcha_6252.png,H4D7YE,SUCCESS,PMJAY,2026-05-13 07:33:39,2026-05-13 07:33:39
6253,captcha_6253.png,MW5WNR,SUCCESS,PMJAY,2026-05-13 07:33:46,2026-05-13 07:33:46
6254,captcha_6254.png,H2MYK4,SUCCESS,PMJAY,2026-05-13 07:33:54,2026-05-13 07:33:54
6255,captcha_6255.png,H4D7YE,SUCCESS,PMJAY,2026-05-13 07:34:42,2026-05-13 07:34:42
6256,captcha_6256.png,WCR45M,SUCCESS,PMJAY,2026-05-13 07:34:49,2026-05-13 07:34:49
6257,captcha_6257.png,Y22RMY,SUCCESS,PMJAY,2026-05-13 07:35:21,2026-05-13 07:35:21
6258,captcha_6258.png,Y22RMY,SUCCESS,PMJAY,2026-05-13 07:35:25,2026-05-13 07:35:25
6259,captcha_6259.png,MWDGY5,SUCCESS,PMJAY,2026-05-13 07:37:50,2026-05-13 07:37:50
6260,captcha_6260.png,MWDGY5,SUCCESS,PMJAY,2026-05-13 07:37:58,2026-05-13 07:37:58
6261,captcha_6261.png,MWDGY5,SUCCESS,PMJAY,2026-05-13 07:38:42,2026-05-13 07:38:42
6262,captcha_6262.png,MWDGY5,SUCCESS,PMJAY,2026-05-13 07:40:49,2026-05-13 07:40:49
6263,captcha_6263.png,MWDGY5,SUCCESS,PMJAY,2026-05-13 07:43:39,2026-05-13 07:43:39
6264,captcha_6264.png,6KGGFP,SUCCESS,PMJAY,2026-05-13 07:45:41,2026-05-13 07:45:41
6265,captcha_6265.png,6KGGFP,SUCCESS,PMJAY,2026-05-13 07:48:31,2026-05-13 07:48:31
6266,captcha_6266.png,6KGGFP,SUCCESS,PMJAY,2026-05-13 07:51:20,2026-05-13 07:51:20
6267,captcha_6267.png,WBC4KP,SUCCESS,PMJAY,2026-05-13 07:53:31,2026-05-13 07:53:31
6268,captcha_6268.png,WBC4KP,SUCCESS,PMJAY,2026-05-13 07:56:20,2026-05-13 07:56:20
6269,captcha_6269.png,WBC4KP,SUCCESS,PMJAY,2026-05-13 07:59:10,2026-05-13 07:59:10
6270,captcha_6270.png,G78E3M,SUCCESS,PMJAY,2026-05-13 08:01:21,2026-05-13 08:01:21
6271,captcha_6271.png,G78E3M,SUCCESS,PMJAY,2026-05-13 08:04:10,2026-05-13 08:04:10
6272,captcha_6272.png,G78E3M,SUCCESS,PMJAY,2026-05-13 08:06:59,2026-05-13 08:06:59
6273,captcha_6273.png,G5AKXR,SUCCESS,PMJAY,2026-05-13 08:09:11,2026-05-13 08:09:11
6274,captcha_6274.png,XMG38X,SUCCESS,PMJAY,2026-05-13 08:09:20,2026-05-13 08:09:20
6275,captcha_6275.png,YKG6YH,SUCCESS,PMJAY,2026-05-13 08:44:21,2026-05-13 08:44:21
6276,captcha_6276.png,YKG6YH,SUCCESS,PMJAY,2026-05-13 08:54:26,2026-05-13 08:54:26
6277,captcha_6277.png,YKG6YH,SUCCESS,PMJAY,2026-05-13 08:57:21,2026-05-13 08:57:21
6278,captcha_6278.png,G6A7DH,SUCCESS,PMJAY,2026-05-13 08:59:26,2026-05-13 08:59:26
6279,captcha_6279.png,NFF38Y,SUCCESS,PMJAY,2026-05-13 08:59:34,2026-05-13 08:59:34
6280,captcha_6280.png,72GFBG,SUCCESS,PMJAY,2026-05-13 09:34:34,2026-05-13 09:34:34
6281,captcha_6281.png,73BHHW,SUCCESS,PMJAY,2026-05-13 09:34:45,2026-05-13 09:34:45
6282,captcha_6282.png,PXCCRA,SUCCESS,PMJAY,2026-05-13 09:49:47,2026-05-13 09:49:47
6283,captcha_6283.png,PXCCRA,SUCCESS,PMJAY,2026-05-13 09:49:56,2026-05-13 09:49:56
6284,captcha_6284.png,5P64X2,SUCCESS,PMJAY,2026-05-13 09:50:38,2026-05-13 09:50:38
6285,captcha_6285.png,5P64X2,SUCCESS,PMJAY,2026-05-13 09:50:44,2026-05-13 09:50:44
6286,captcha_6286.png,MC2PN5,SUCCESS,PMJAY,2026-05-13 09:50:52,2026-05-13 09:50:52
6287,captcha_6287.png,PXCCRA,SUCCESS,PMJAY,2026-05-13 09:52:51,2026-05-13 09:52:51
6288,captcha_6288.png,PXCCRA,SUCCESS,PMJAY,2026-05-13 09:55:52,2026-05-13 09:55:52
6289,captcha_6289.png,7G8K6Y,SUCCESS,PMJAY,2026-05-13 09:57:50,2026-05-13 09:57:50
6290,captcha_6290.png,BY2ABW,SUCCESS,PMJAY,2026-05-13 09:59:18,2026-05-13 09:59:18
6291,captcha_6291.png,7XBEEF,SUCCESS,PMJAY,2026-05-13 09:59:25,2026-05-13 09:59:25
6292,captcha_6292.png,X6B6XH,SUCCESS,PMJAY,2026-05-13 09:59:30,2026-05-13 09:59:30
6293,captcha_6293.png,F2WGPE,SUCCESS,PMJAY,2026-05-13 09:59:34,2026-05-13 09:59:34
6294,captcha_6294.png,7G8K6Y,SUCCESS,PMJAY,2026-05-13 09:59:39,2026-05-13 09:59:39
6295,captcha_6295.png,FHKH3E,SUCCESS,PMJAY,2026-05-13 10:00:18,2026-05-13 10:00:18
6296,captcha_6296.png,G6C7H3,SUCCESS,PMJAY,2026-05-13 10:00:27,2026-05-13 10:00:27
6297,captcha_6297.png,FPXMY5,SUCCESS,PMJAY,2026-05-13 10:00:31,2026-05-13 10:00:31
6298,captcha_6298.png,7G8K6Y,SUCCESS,PMJAY,2026-05-13 10:00:39,2026-05-13 10:00:39
6299,captcha_6299.png,7G8K6Y,SUCCESS,PMJAY,2026-05-13 10:03:33,2026-05-13 10:03:33
6300,captcha_6300.png,7G8K6Y,SUCCESS,PMJAY,2026-05-13 10:06:29,2026-05-13 10:06:29
6301,captcha_6301.png,M4NYB3,SUCCESS,PMJAY,2026-05-13 10:23:48,2026-05-13 10:23:48
6302,captcha_6302.png,HB4DA7,SUCCESS,PMJAY,2026-05-13 10:23:56,2026-05-13 10:23:56
6303,captcha_6303.png,KF86R3,SUCCESS,PMJAY,2026-05-13 10:25:13,2026-05-13 10:25:13
6304,captcha_6304.png,X72AXF,SUCCESS,PMJAY,2026-05-13 10:25:23,2026-05-13 10:25:23
6305,captcha_6305.png,B8NGR2,SUCCESS,PMJAY,2026-05-13 10:27:08,2026-05-13 10:27:08
6306,captcha_6306.png,2GCHAA,SUCCESS,PMJAY,2026-05-13 10:27:16,2026-05-13 10:27:16
6307,captcha_6307.png,FC2AMG,SUCCESS,PMJAY,2026-05-13 10:27:20,2026-05-13 10:27:20
6308,captcha_6308.png,254DFN,SUCCESS,PMJAY,2026-05-13 10:28:16,2026-05-13 10:28:16
6309,captcha_6309.png,WERHN8,SUCCESS,PMJAY,2026-05-13 10:32:33,2026-05-13 10:32:34
6310,captcha_6310.png,A35XAD,SUCCESS,PMJAY,2026-05-13 10:32:41,2026-05-13 10:32:41
6311,captcha_6311.png,FXPRHM,SUCCESS,PMJAY,2026-05-13 10:54:16,2026-05-13 10:54:16
6312,captcha_6312.png,X6F4X6,SUCCESS,PMJAY,2026-05-13 10:54:24,2026-05-13 10:54:24
6313,captcha_6313.png,R4KXP6,SUCCESS,PMJAY,2026-05-13 10:59:34,2026-05-13 10:59:34
6314,captcha_6314.png,75B4XF,SUCCESS,PMJAY,2026-05-13 11:01:10,2026-05-13 11:01:11
6315,captcha_6315.png,75B4XF,SUCCESS,PMJAY,2026-05-13 11:01:40,2026-05-13 11:01:40
6316,captcha_6316.png,CFNMMR,SUCCESS,PMJAY,2026-05-13 11:01:44,2026-05-13 11:01:44
6317,captcha_6317.png,K2MKC5,SUCCESS,PMJAY,2026-05-13 11:01:52,2026-05-13 11:01:52
6318,captcha_6318.png,75B4XF,SUCCESS,PMJAY,2026-05-13 11:05:40,2026-05-13 11:05:40
6319,captcha_6319.png,75B4XF,SUCCESS,PMJAY,2026-05-13 11:09:10,2026-05-13 11:09:10
6320,captcha_6320.png,RCWYB4,SUCCESS,PMJAY,2026-05-13 11:09:42,2026-05-13 11:09:42
6321,captcha_6321.png,55WC5N,SUCCESS,PMJAY,2026-05-13 11:09:51,2026-05-13 11:09:51
6322,captcha_6322.png,3YHA2A,SUCCESS,PMJAY,2026-05-13 11:25:34,2026-05-13 11:25:34
6323,captcha_6323.png,P6H463,SUCCESS,PMJAY,2026-05-13 11:32:28,2026-05-13 11:32:28
6324,captcha_6324.png,DRY7XW,SUCCESS,PMJAY,2026-05-13 11:39:46,2026-05-13 11:39:46
6325,captcha_6325.png,2YA7K6,SUCCESS,PMJAY,2026-05-13 11:55:41,2026-05-13 11:55:41
6326,captcha_6326.png,M3BY6G,SUCCESS,PMJAY,2026-05-13 12:02:34,2026-05-13 12:02:34
6327,captcha_6327.png,GCXGAM,SUCCESS,PMJAY,2026-05-13 12:10:35,2026-05-13 12:10:35
6328,captcha_6328.png,66KYFD,SUCCESS,PMJAY,2026-05-13 12:26:34,2026-05-13 12:26:34
6329,captcha_6329.png,F8PKYK,SUCCESS,PMJAY,2026-05-13 12:33:20,2026-05-13 12:33:20
6330,captcha_6330.png,8755KX,SUCCESS,PMJAY,2026-05-13 12:41:34,2026-05-13 12:41:34
6331,captcha_6331.png,5FCGMB,SUCCESS,PMJAY,2026-05-13 12:57:35,2026-05-13 12:57:35
6332,captcha_6332.png,4M66AM,SUCCESS,PMJAY,2026-05-13 13:15:41,2026-05-13 13:15:41
